Title,Date
كرة قدم عربيةكولر يحذر من حارس مرمى صن داونز.. ويوجه رسالة للجماهيرlقبل 8 ساعات,2025-04-24 22:44:00
أخبار مصرلجنة الاستئناف تؤجل قرارها بشأن أزمة قمة الأهلي والزمالكl24 أبريل 2025,2025-04-24 22:43:59
دوري إنجليزينقطة وحيدة تفصل ليفربول عن لقب الدوري الإنجليزيlقبل 20 ساعة,2025-04-24 22:43:59
يايسله ينوي الدفع بفيرمينو ودامس أمام بوريرام,2025-04-24 00:00:00
تهديد ريال مدريد لا يقلق آرسنال,2025-04-24 00:00:00
مدرب نونيز السابق: جوارديولا أضعف ثقته بنفسه,2025-04-24 00:00:00
رسميا.. فيكتور فالديز مدربًا لفريق درجة ثانية,2025-04-24 00:00:00
"بعد غياب 8 أشهر.. ضحية ""الصليبي"" يرافق النصر في جدة",2025-04-24 00:00:00
إيمانويل بوتي: ماريسكا بعث رسالة سلبية للاعبيه,2025-04-24 00:00:00
بالصور: أيندهوفن يحيي آماله في لقب الدوري الهولندي,2025-04-24 00:00:00
مفاجأة.. جشع وكيل هازارد أفسد انتقاله لليونايتد,2025-04-24 00:00:00
قرار عائلي يمهد لعودة بريق جوارديولا,2025-04-24 00:00:00
بولونيا يواصل حلمه ويضرب موعدا مع ميلان في نهائي الكأس,2025-04-24 00:00:00
3 احتمالات.. متى يحسم بنزيما مصيره مع الاتحاد؟,2025-04-24 00:00:00
الكشف عن أرباح ميلان وبولونيا بعد بلوغ نهائي الكأس,2025-04-24 00:00:00
إبراهيم عادل خارج قائمة بيراميدز لموقعة أورلاندو,2025-04-24 00:00:00
ترحيل رئيس الرجاء السابق للمغرب قبل محاكمته,2025-04-24 00:00:00
حصاد روشن 29: الاتحاد يهرب بالصدارة.. وبنزيما يترك رونالدو خلفه,2025-04-24 00:00:00
دوري إنجليزينقطة وحيدة تفصل ليفربول عن لقب الدوري الإنجليزيlقبل 19 ساعة,2025-04-24 21:54:03
دوري إيطاليميلان يضرب إنتر بثلاثية في الديربي ويتأهل لنهائي كأس إيطالياl24 أبريل 2025,2025-04-24 21:54:03
فيكتور حارس برشلونة السابق مدربا لناد إسباني,2025-04-24 21:54:01
موعد مباراة النصر السعودي ويوكوهاما الياباني في ربع نهائي أبطال آسيا والقنوات الناقلة,2025-04-24 21:54:01
قناة ريال مدريد تعدد مساوئ حكم كلاسيكو الكأس,2025-04-24 00:00:00
جيسوس يفاضل بين تمبكتي والبليهي أمام جوانجو,2025-04-24 00:00:00
مانشستر يونايتد يستعد لتجديد العداوة مع السيتي,2025-04-24 00:00:00
يايسله يحسم موقف ديميرال من مباراة بوريرام,2025-04-24 00:00:00
عملية جراحية تبعد حورية الشمراني عن أهلي جدة,2025-04-24 00:00:00
التعاون يؤزم موقف الرائد بعد مباراة ماراثونية في الدوري السعودي,2025-04-24 00:00:00
كرة قدم عربيةكولر يحذر من حارس مرمى صن داونز.. ويوجه رسالة للجماهيرlقبل 7 ساعات,2025-04-24 21:30:08
دوري مصريالزمالك يعلن إيقاف قيده رسميا.. ويكشف السببl23 أبريل 2025,2025-04-24 21:30:07
دوري إيطاليميلان يضرب إنتر بثلاثية في الديربي ويتأهل لنهائي كأس إيطالياlقبل 23 ساعة,2025-04-24 21:30:07
أخبار مصرلجنة الاستئناف تؤجل قرارها بشأن أزمة قمة الأهلي والزمالكlقبل 23 ساعة,2025-04-24 21:30:07
دوري إنجليزينقطة وحيدة تفصل ليفربول عن لقب الدوري الإنجليزيlقبل 18 ساعة,2025-04-24 21:30:07
الهلال السعودي يغري برشلونة بعرض خرافي لضم رافينيا,2025-04-24 21:30:05
موعد مباراة الأهلي السعودي وبوريرام يونايتد في ربع نهائي أبطال آسيا والقنوات الناقلة,2025-04-24 21:30:05
"أنشيلوتي يوبخ أندريك بسبب ""التهريج"" ضد خيتافي",2025-04-24 21:30:05
الأهلي يتوصل لحل بشأن أزمة محمد عبد الله,2025-04-24 00:00:00
مدرب الفحيحيل يفسر ثلاثية العربي,2025-04-24 00:00:00
شباب الأردن يضمن بقاءه بالفوز على معان,2025-04-24 00:00:00
أرنالدي يصطدم بديوكوفيتش في بطولة مدريد,2025-04-24 00:00:00
بالصور: فونسيكا ينقل تألقه إلى مدريد,2025-04-24 00:00:00
التحدي يخطف نقطة من الأخضر في الدوري الليبي,2025-04-24 00:00:00
من الهلال إلى البرازيل وسانتوس.. نيمار عدو المدربين,2025-04-24 00:00:00
الشائعات حول حسام عبد المجيد تغضب الزمالك,2025-04-24 00:00:00
إشادة جماعية.. مدربو منتخبات كان الشباب: مصر أنقذت الكرة الإفريقية,2025-04-24 00:00:00
شكوك حول مشاركة نجم بيلباو أمام اليونايتد,2025-04-24 00:00:00
ديوكوفيتش: ألكاراز وصل لمستوى الثلاثي الكبير,2025-04-24 00:00:00
ريال مدريد وكأس الملك.. الرقم 20 بين الإنجازات والخذلان,2025-04-24 00:00:00
الفيحاء يتعادل مع العروبة في الوقت القاتل,2025-04-24 00:00:00
سيراميكا يسحق بتروجت في كأس عاصمة مصر,2025-04-24 00:00:00
ألكمار ينتزع تعادلًا قاتلًا مع بريدا,2025-04-24 00:00:00
أوساسونا يُجهز على إشبيلية ويعزز حظوظه القارية,2025-04-24 00:00:00
لجنة الاستئناف ترفض تخفيض عقوبة دحمان,2025-04-24 00:00:00
طرابزون يجتاز جوزتبه ويواجه جالطة سراي في نهائي كأس تركيا,2025-04-24 00:00:00
بالصور: القادسية يكمل عقد المربع الذهبي لكأس ولي العهد,2025-04-24 00:00:00
بلان يرفض طلب نجم الاتحاد قبل كلاسيكو النصر,2025-04-24 00:00:00
المعيوف: جيسوس مدرب موسم واحد,2025-04-24 00:00:00
كرة قدم عربيةكولر يحذر من حارس مرمى صن داونز.. ويوجه رسالة للجماهيرlقبل 4 ساعات,2025-04-24 18:41:46
دوري إسبانيوسط تكهنات الرحيل عن الريال.. أنشيلوتي يرد: الضغط لا يخيفنيl23 أبريل 2025,2025-04-24 18:41:46
أرقام مذهلة لبرونو فرنانديز في موسم مانشستر يونايتد الكارثي,2025-04-24 18:41:46
ميلان يسحق إنتر بثلاثية ويبلغ نهائي كأس إيطاليا,2025-04-24 18:41:46
حكومة الجزائر تصدر بيانا ضد شغب الملاعب,2025-04-24 18:41:46
كرة قدم عربيةكولر يحذر من حارس مرمى صن داونز.. ويوجه رسالة للجماهير,2025-04-24 18:41:46
رياضةرياضةكلوب: لو طبقنا تدريبات الماضي لدخلنا السجن,2025-04-24 18:41:46
دوري إنجليزينقطة وحيدة تفصل ليفربول عن لقب الدوري الإنجليزيlقبل 16 ساعة,2025-04-24 18:41:46
دوري إيطاليميلان يضرب إنتر بثلاثية في الديربي ويتأهل لنهائي كأس إيطالياlقبل 20 ساعة,2025-04-24 18:41:46
دوري مصريالزمالك يعلن إيقاف قيده رسميا.. ويكشف السببlقبل 23 ساعة,2025-04-24 18:41:46
أخبار مصرلجنة الاستئناف تؤجل قرارها بشأن أزمة قمة الأهلي والزمالكlقبل 20 ساعة,2025-04-24 18:41:46
"دوري إسبانييورغن كلوب وريال مدريد.. هل تتأجل ""قنبلة الموسم""؟l23 أبريل 2025",2025-04-24 18:41:46
أخبار مصرلجنة الاستئناف تؤجل قرارها بشأن أزمة قمة الأهلي والزمالك3851 مشاهدة,2025-04-24 18:41:46
دوري إنجليزينقطة وحيدة تفصل ليفربول عن لقب الدوري الإنجليزي10493 مشاهدة,2025-04-24 18:41:46
دوري إيطاليميلان يضرب إنتر بثلاثية في الديربي ويتأهل لنهائي كأس إيطاليا2124 مشاهدة,2025-04-24 18:41:46
"دوري إسبانييورغن كلوب وريال مدريد.. هل تتأجل ""قنبلة الموسم""؟2470 مشاهدة",2025-04-24 18:41:46
دوري مصريمدرب الزمالك يعلّق على غياب زيزو عن التدريبات مؤخرا1958 مشاهدة,2025-04-24 18:41:46
دوري مصريالزمالك يعلن إيقاف قيده رسميا.. ويكشف السبب7461 مشاهدة,2025-04-24 18:41:46
كرة قدم أوروبيةبالملايين.. اليويفا يعوض الأندية ومانشستر سيتي أكبر مستفيد8078 مشاهدة,2025-04-24 18:41:46
"دوري ألمانيبنصف موسم فقط.. رقم مرموش في ألمانيا لا يزال ""صعب المنال""8194 مشاهدة",2025-04-24 18:41:46
سبب استبعاد الحكم غرادو من كلاسيكو نهائي كأس إسبانيا,2025-04-24 18:41:45
قانون جديد يسهّل على برشلونة تجديد عقد لامين جمال,2025-04-24 18:41:45
أعلى 10 مدافعين أجرا في العالم,2025-04-24 18:41:45
تكنولوجيا جديدة بنهائيات دوري أبطال آسيا للنخبة,2025-04-24 18:41:45
قرعة متوازنة في دور الـ16 لكأس أمير قطر لكرة القدم,2025-04-24 18:41:45
جورج بيست.. رحلة أسطورة كروية من النجومية إلى الإدمان,2025-04-24 18:41:45
يويفا يدرس اعتماد 3 تغييرات في مسابقة دوري أبطال أوروبا,2025-04-24 18:41:45
كامافينغا يغيب عن نهائي كأس إسبانيا ومونديال الأندية,2025-04-24 18:41:45
سلاح الأهداف الرأسية يدعم قوة برشلونة الضاربة,2025-04-24 18:41:45
مدرب أورلاندو لكووورة: لم أتفاوض مع الزمالك,2025-04-24 00:00:00
السومة يكسر صيامه.. ويوسع الفارق مع حمد الله,2025-04-24 00:00:00
غياب رباعي عن تدريبات برشلونة قبل الكلاسيكو,2025-04-24 00:00:00
دوبلانتيس يفتتح الدوري الماسي,2025-04-24 00:00:00
معاقبة 3 لاعبين في الدوري الجزائري,2025-04-24 00:00:00
مدرب بيراميدز يحذر من تكرار سيناريو الأهلي,2025-04-24 00:00:00
صراع إنجليزي على ضم مدافع إنتر,2025-04-24 00:00:00
نبأ سار في مران النصر قبل لقاء يوكوهاما,2025-04-24 00:00:00
يوكوهاما مهدد بفقدان لاعبه أمام النصر,2025-04-24 00:00:00
مدربة تشيلسي: لم نحسم التتويج.. وآرسنال يستطيع العودة,2025-04-24 00:00:00
بالصور.. العربي يقصي الفحيحيل من كأس ولي العهد,2025-04-24 00:00:00
قرار مفاجئ يقلق جماهير النصر في أزمة العروبة,2025-04-24 00:00:00
حارس بيراميدز: الأهلي مثل صن داونز,2025-04-24 00:00:00
آل الشيخ يتولى رئاسة الاتحاد السعودي للملاكمة,2025-04-24 00:00:00
شفيونتيك تنتقم من إيالا.. وأوستابينكو تودع مدريد مبكرًا,2025-04-24 00:00:00
رجال فليك.. برشلونة يعول على 7 أسلحة لقهر الريال,2025-04-24 00:00:00
كوفاتش: مقبلون على فترة حرجة,2025-04-24 00:00:00
برناردو سيلفا يحدد وجه الشبه بين مرموش وهالاند,2025-04-24 00:00:00
مدرب أوجسبورج لا يمانع مساعدة بايرن ميونخ,2025-04-24 00:00:00
التضامن يباغت العهد في الدوري اللبناني,2025-04-24 00:00:00
سونيجو يبلغ الدور الثاني لمدريد على حساب كيسمانوفيتش,2025-04-24 00:00:00
الطير ينفي استقالته من تدريب اتحاد طنجة,2025-04-24 00:00:00
عيون إنجليزية تراقب توهج كوفاتش,2025-04-24 00:00:00
بالصور: أندريفا تستهل مشوارها بنجاح في مدريد,2025-04-24 00:00:00
دودا.. كلمة سر النصر لحصد لقب الدوري السعودي للسيدات,2025-04-24 00:00:00
البرج يكتسح شباب الغازية في سداسية الهبوط,2025-04-24 00:00:00
ناشئ بورتو.. شقيق جواو فيليكس يبدأ رحلته مع بنفيكا,2025-04-24 00:00:00
إتشيفيري يضرب موعدًا مع موسيتي في مدريد,2025-04-24 00:00:00
تأجيل مباراة أتالانتا وليتشي بسبب حالة وفاة,2025-04-24 00:00:00
النصر والأهلي ينتصران في افتتاح المربع الذهبي لسيدات السلة,2025-04-24 00:00:00
"دوري إنجليزي""سفاح الأهداف"" السويدي قد يخطف الحذاء الذهبي لأوروبا من صلاح137655 مشاهدة",2025-04-24 00:20:35
دوري مصريالزمالك يعلن إيقاف قيده رسميا.. ويكشف السببlقبل 5 ساعات,2025-04-24 00:20:34
"دوري إسبانييورغن كلوب وريال مدريد.. هل تتأجل ""قنبلة الموسم""؟lقبل 20 ساعة",2025-04-24 00:20:34
دوري إيطاليتأجيل مباريات في الدوري الإيطالي بسبب جنازة الباباlقبل 21 ساعة,2025-04-24 00:20:34
دوري مصريمدرب الزمالك يعلّق على غياب زيزو عن التدريبات مؤخراlقبل 22 ساعة,2025-04-24 00:20:34
ألكاراز يزيد الشكوك حول مشاركته في بطولة مدريد,2025-04-23 00:00:00
أنشيلوتي موبخًا لاعبه: سدد بقوة.. ليست مسرحية!,2025-04-23 00:00:00
أول تعليق من الزمالك على إيقاف القيد,2025-04-23 00:00:00
المثلوثي: لن أتحدث عن زيزو بشكل سيئ.. وأتمنى انتقال أفشة للزمالك,2025-04-23 00:00:00
"دوري إنجليزي""سفاح الأهداف"" السويدي قد يخطف الحذاء الذهبي لأوروبا من صلاح131678 مشاهدة",2025-04-23 23:27:29
دوري مصريمدرب الزمالك يعلّق على غياب زيزو عن التدريبات مؤخراlقبل 21 ساعة,2025-04-23 23:27:28
دوري إيطاليتأجيل مباريات في الدوري الإيطالي بسبب جنازة الباباlقبل 20 ساعة,2025-04-23 23:27:28
"دوري إسبانييورغن كلوب وريال مدريد.. هل تتأجل ""قنبلة الموسم""؟lقبل 19 ساعة",2025-04-23 23:27:28
دوري إسبانيوسط تكهنات الرحيل عن الريال.. أنشيلوتي يرد: الضغط لا يخيفنيlقبل 19 ساعة,2025-04-23 23:27:28
دوري مصريالزمالك يعلن إيقاف قيده رسميا.. ويكشف السببlقبل 4 ساعات,2025-04-23 23:27:28
دوري إيطاليدوري إيطاليميلان يضرب إنتر بثلاثية في الديربي ويتأهل لنهائي كأس إيطاليا,2025-04-23 23:27:28
أخبار مصرلجنة الاستئناف تؤجل قرارها بشأن أزمة قمة الأهلي والزمالك,2025-04-23 23:27:28
نتيجة وملخص مباراة ريال مدريد ضد خيتافي في الدوري الإسباني,2025-04-23 23:27:27
موعد مباراة ريال مدريد ضد برشلونة في نهائي كأس الملك والقنوات الناقلة,2025-04-23 23:27:27
الفيفا يحرم الزمالك المصري من القيد بسبب المغربي بوطيب,2025-04-23 23:27:27
رونالدو يتطلع إلى إضافة هذا اللقب الكبير لسجله الحافل,2025-04-23 23:27:27
الدوري الإسباني يحقق أرباحا مليارية قياسية,2025-04-23 23:27:27
سان جيرمان يحطم رقما صمد 32 عاما ويلاحق 3 أخرى,2025-04-23 23:27:27
موعد مباراة الأهلي ضد صن داونز بنصف نهائي دوري أبطال أفريقيا والقنوات الناقلة,2025-04-23 23:27:27
منافس السيتي يدرس ضم دي بروين,2025-04-23 00:00:00
ليفربول يعرض مشروعه على هدف الريال وتشيلسي,2025-04-23 00:00:00
بيان جديد.. الشباب يشعل أزمة توثيق تاريخ الكرة السعودية,2025-04-23 00:00:00
7 في 10.. جولر يثبت جدارته بمقعد أساسي مع ريال مدريد,2025-04-23 00:00:00
دهوك يواصل نزيف النقاط,2025-04-23 00:00:00
تعادل مثير بين الهلال والأهلي بنغازي,2025-04-23 00:00:00
كينونيس ينقذ القادسية من خسارة جديدة,2025-04-23 00:00:00
الأهلي يدعم فريق السلة بلاعب إنجليزي,2025-04-23 00:00:00
تروسارد: سيكون أداء آرسنال مختلفًا أمام باريس,2025-04-23 00:00:00
معلول خارج قائمة الأهلي لمواجهة صن داونز,2025-04-23 00:00:00
المثلوثي: الشائعات تحيط بالزمالك.. ولن أتحدث عن زيزو بشكل سيئ,2025-04-23 00:00:00
أرتيتا يعترف بتكرار الأخطاء.. ويحدد أهم مباراة في الموسم,2025-04-23 00:00:00
إصابتان مقلقتان في ريال مدريد قبل الكلاسيكو,2025-04-23 00:00:00
الجيش الملكي يطيح بالسوالم ويحصن وصافته للدوري,2025-04-23 00:00:00
بالأرقام.. آرسنال كبير المفرطين في البريميرليج,2025-04-23 00:00:00
آسفي يحبط الوداد بالتعادل.. ويقرب موكوينا من الإقالة,2025-04-23 00:00:00
لماذا وجهت جماهير خيتافي هتافات مسيئة لنجم ريال مدريد؟,2025-04-23 00:00:00
رئيس التقدم يعتذر للشباب وجماهيره,2025-04-23 00:00:00
التطواني يواصل صحوته بتعادل مثير أمام الفتح,2025-04-23 00:00:00
منها إلغاء الوقت الإضافي.. 3 تغييرات محتملة في أبطال أوروبا,2025-04-23 00:00:00
ميلان يعيد حدثا مر عليه 17 عاما,2025-04-23 00:00:00
الحكمة يقهر هوبس في الثانية الأخيرة,2025-04-23 00:00:00
نقطة تعني التتويج.. تعثر آرسنال يضع يد ليفربول على اللقب,2025-04-23 00:00:00
ثنائي ميلان يفلت من ورطة مقلقة,2025-04-23 00:00:00
بالصور.. ميلان يُجهز على حلم إنتر ويطرده خارج كأس إيطاليا,2025-04-23 00:00:00
بالصور: سيدات تشيلسي يقربن كريستال بالاس من الهبوط,2025-04-23 00:00:00
"1 من 4 خيارات.. ""شرط سعودي"" في عقد قدوس مع وست هام",2025-04-23 00:00:00
مونفيس يعبر جويو إلى الدور الثاني لبطولة مدريد,2025-04-23 00:00:00
النصر يطمئن على جاهزية مدافعه قبل ربع النهائي الآسيوي,2025-04-23 00:00:00
الهلال يستثمر أموال محمد صلاح لضم نجم جديد,2025-04-23 00:00:00
"دوري إسبانييورغن كلوب وريال مدريد.. هل تتأجل ""قنبلة الموسم""؟414 مشاهدة",2025-04-23 17:02:35
كرة قدم أوروبيةبالملايين.. اليويفا يعوض الأندية ومانشستر سيتي أكبر مستفيد5534 مشاهدة,2025-04-23 17:02:35
"دوري ألمانيبنصف موسم فقط.. رقم مرموش في ألمانيا لا يزال ""صعب المنال""6374 مشاهدة",2025-04-23 17:02:34
"دوري إنجليزيأرسنال يسحق إبسويتش.. ويؤجل تتويج ليفربول بـ""البريميرليغ""8865 مشاهدة",2025-04-23 17:02:34
"رياضةبعد وقف أجهزة الإنعاش.. وفاة ""المجنون"" الذي تحدى مارادونا12711 مشاهدة",2025-04-23 17:02:34
رياضةرغم هدية ميسي.. لماذا رفض البابا فرنسيس تشجيع الأرجنتين؟17441 مشاهدة,2025-04-23 17:02:34
"دوري إسبانيبهدف ""خيالي"".. ريال مدريد يواصل ملاحقة برشلونة في الدوري33984 مشاهدة",2025-04-23 17:02:34
"دوري إنجليزي""سفاح الأهداف"" السويدي قد يخطف الحذاء الذهبي لأوروبا من صلاح128975 مشاهدة",2025-04-23 17:02:34
كرة قدم أوروبيةبالملايين.. اليويفا يعوض الأندية ومانشستر سيتي أكبر مستفيدl22 أبريل 2025,2025-04-23 17:02:34
دوري مصريمدرب الزمالك يعلّق على غياب زيزو عن التدريبات مؤخراlقبل 15 ساعة,2025-04-23 17:02:34
دوري إيطاليتأجيل مباريات في الدوري الإيطالي بسبب جنازة الباباlقبل 14 ساعة,2025-04-23 17:02:34
شاهد.. حادثة غريبة تثير موجة من الاستنكار في الدوري البلجيكي,2025-04-23 17:02:32
إطلاق سراح مسؤول سابق بالفيفا أُعيد انتخابه وهو في السجن,2025-04-23 17:02:32
وفاة لاعب كرة قدم أثناء الإحماء قبل مباراة رسمية بجنوب أفريقيا,2025-04-23 17:02:32
"""بند سعودي"" في عقد فينيسيوس الجديد مع ريال مدريد",2025-04-23 17:02:32
قصة الفريق الإيطالي الذي يحقق إنجازا كلما توفي بابا الفاتيكان,2025-04-23 17:02:32
فليك يتحدى ثلاثي برشلونة المتمرد.. مخاطرة أم عبقرية؟,2025-04-23 17:02:32
شاهد.. أطفال غزة يخاطبون العالم خلال مباراة في تركيا,2025-04-23 17:02:32
بوجاكار يعود لمنصات التتويج بلقب سباق لا فليش والون,2025-04-23 00:00:00
ريال مدريد ينضم لسباق التعاقد مع نجم بورنموث,2025-04-23 00:00:00
الوحدات في اختبار صعب.. والحسين يتطلع لوقف نزيف النقاط,2025-04-23 00:00:00
الاتحاد العراقي يعرب عن أسفه تجاه أحداث لقاء نوروز وزاخو,2025-04-23 00:00:00
سيميوني: نبحث دائمًا عن لاعبين بشخصية أتلتيكو مدريد,2025-04-23 00:00:00
"لأول مرة خارج السعودية.. البتراء تشهد انطلاق ""رالي جميل"" النسائي",2025-04-23 00:00:00
"صاحب ""معجزة جروتنبورج"" يطعن على قرار إلزامه بالانسحاب",2025-04-23 00:00:00
رغم الصعود للبريميرليج.. مدرب ليدز على حافة الإقالة,2025-04-23 00:00:00
سابالينكا عن المنشطات: أشعر بخوف كبير,2025-04-23 00:00:00
موعد مباراة الأهلي وصن داونز في دوري أبطال إفريقيا 2024-2025 والقنوات الناقلة,2025-04-23 00:00:00
أبرزهم الشناوي.. الأهلي المصري يجدد عقود 3 نجوم,2025-04-23 00:00:00
موعد مباراة الهلال وجوانجو في ربع نهائي دوري أبطال آسيا النخبة 2024-2025 .. والقنوات الناقلة,2025-04-23 00:00:00
ثلاثي الأهلي: السعة الكاملة نقطة قوة أمام صن داونز,2025-04-23 00:00:00
خطوة عملية تضع أليجري بين المرشحين لقيادة ميلان,2025-04-23 00:00:00
رادوكانو تعبر للدور الثاني في بطولة مدريد,2025-04-23 00:00:00
لابورتا يوجه تحذيرًا قويًا للاعبيه قبل الكلاسيكو,2025-04-23 00:00:00
رغم الإساءة.. الخطيب يطالب بإعادة القاضي لعمله,2025-04-23 00:00:00
ريال مدريد يرفع الراية البيضاء أمام تشيلسي,2025-04-23 00:00:00
سر اجتماع خورخي مينديز المرتقب مع برشلونة,2025-04-23 00:00:00
شالكه يقرر إقالة مدربه,2025-04-23 00:00:00
نجم السيتي يعترف بسر غريب,2025-04-23 00:00:00
ديربي الغضب: 6 نجوم تحت تهديد الغياب عن نهائي الكأس,2025-04-23 00:00:00
راشفورد يحدد شرطين قبل حسم مصيره,2025-04-23 00:00:00
كاظمة يحسم مستقبل روسمير سفيكو,2025-04-23 00:00:00
مصادر كووورة: آسفي يتحكم في مصير موكوينا,2025-04-23 00:00:00
محامي رمضان صبحي يوضح لكووورة تفاصيل جلسة استماع كاس,2025-04-23 00:00:00
ساكاري تتأهل للدور الثاني في مدريد.. وكارينو بوستا يودع,2025-04-23 00:00:00
سلمان الفرج: الرحلة مستمرة.. والطموح أكبر,2025-04-23 00:00:00
إيديرسون يعود لاهتمامات أندية الدوري السعودي,2025-04-23 00:00:00
"وُلد عملاقًا.. نيوم ""قرش جديد"" يؤرق أحلام كبار السعودية",2025-04-23 00:00:00
"دوري إنجليزيدي بروين يكشف كواليس ""قرار الرحيل"" عن مانشستر سيتي5283 مشاهدة",2025-04-23 10:23:45
"دوري إنجليزي""سفاح الأهداف"" السويدي قد يخطف الحذاء الذهبي لأوروبا من صلاح127352 مشاهدة",2025-04-23 10:23:45
دوري مصريمدرب الزمالك يعلّق على غياب زيزو عن التدريبات مؤخراlقبل 8 ساعات,2025-04-23 10:23:45
كرة قدم أوروبيةبالملايين.. اليويفا يعوض الأندية ومانشستر سيتي أكبر مستفيدlقبل 20 ساعة,2025-04-23 10:23:45
"يورغن كلوب وريال مدريد.. هل تتأجل ""قنبلة الموسم""؟ما تزال الأنباء تتوارد بشأن إمكانية قيادة المدرب الألماني يورغن كلوب لفريق ريال مدريد الإسباني، الموسم المقبل، وهو ما وصفته تقارير إعلامية بـ""قنبلة الموسم"".",2025-04-23 10:23:45
تأجيل مباريات في الدوري الإيطالي بسبب جنازة البابا,2025-04-23 10:23:45
بالملايين.. اليويفا يعوض الأندية ومانشستر سيتي أكبر مستفيد,2025-04-23 10:23:45
"دوري ألمانيبنصف موسم فقط.. رقم مرموش في ألمانيا لا يزال ""صعب المنال""l22 أبريل 2025",2025-04-23 10:23:45
"دوري إسبانيبهدف ""خيالي"".. ريال مدريد يواصل ملاحقة برشلونة في الدوري33601 مشاهدة",2025-04-23 10:23:45
رياضةرغم هدية ميسي.. لماذا رفض البابا فرنسيس تشجيع الأرجنتين؟17249 مشاهدة,2025-04-23 10:23:45
"رياضةبعد وقف أجهزة الإنعاش.. وفاة ""المجنون"" الذي تحدى مارادونا12650 مشاهدة",2025-04-23 10:23:45
رياضةضربة موجعة لبرشلونة.. الكشف عن طبيعة إصابة ليفاندوفسكي10527 مشاهدة,2025-04-23 10:23:45
"دوري إنجليزيأرسنال يسحق إبسويتش.. ويؤجل تتويج ليفربول بـ""البريميرليغ""8788 مشاهدة",2025-04-23 10:23:45
"دوري ألمانيبنصف موسم فقط.. رقم مرموش في ألمانيا لا يزال ""صعب المنال""6038 مشاهدة",2025-04-23 10:23:45
دوري إسبانيوسط تكهنات الرحيل عن الريال.. أنشيلوتي يرد: الضغط لا يخيفني,2025-04-23 10:23:44
"دوري إسبانيدوري إسبانييورغن كلوب وريال مدريد.. هل تتأجل ""قنبلة الموسم""؟",2025-04-23 10:23:44
دوري إيطاليتأجيل مباريات في الدوري الإيطالي بسبب جنازة الباباlقبل 7 ساعات,2025-04-23 10:23:44
شاهد.. النصر يخطف فوزا قاتلا أمام ضمك في الدوري السعودي لكرة القدم,2025-04-23 10:23:41
نتيجة وملخص مباراة مانشستر سيتي ضد أستون فيلا بالدوري الإنجليزي,2025-04-23 10:23:41
من هو حكم نهائي كأس إسبانيا بين ريال مدريد وبرشلونة؟,2025-04-23 10:23:41
نتيجة وملخص مباراة برشلونة ضد ريال مايوركا في الدوري الإسباني,2025-04-23 10:23:41
الأهلي يواصل مطاردة النصر ونيوم يصعد للدوري السعودي للمحترفين لأول مرة,2025-04-23 10:23:41
خبر سار لريال مدريد قبل نهائي كأس إسبانيا ضد برشلونة,2025-04-23 10:23:41
موعد مباراة الهلال ضد غوانغجو في دوري أبطال آسيا والقنوات الناقلة,2025-04-23 10:23:40
"ألكانتارا يشيد بكومباني.. ويضع ""برشلونة فليك"" على القمة",2025-04-23 00:00:00
خاص كووورة.. نيوم يبدأ مفاوضاته مع نجم آرسنال,2025-04-23 00:00:00
70 متسابقًا يشعلون الإثارة في بطولة الإمارات للتزلج على الماء,2025-04-23 00:00:00
مدرب مايوركا: صمدنا أمام برشلونة.. والفضل لرومان,2025-04-23 00:00:00
برأس رونالدو.. الريال يدق المسمار الأول في نعش هيبة برشلونة,2025-04-23 00:00:00
أرجنتينوس يقسو على باراكاس سنترال بثلاثية,2025-04-23 00:00:00
موسيالا: تألمت أمام التلفزيون.. وأحلم بحصد مونديال الأندية,2025-04-23 00:00:00
توتنهام يتجه لإقالة بوستيكوجلو.. و3 أسماء مرشحة لخلافته,2025-04-23 00:00:00
جوارديولا: عدنا للماضي أمام أستون فيلا,2025-04-23 00:00:00
عبر أمازون الإمارات.. اكتشف قوة اللياقة المنزلية مع معدات VANSWE,2025-04-23 00:00:00
مارتينيز يتأسف على مشكلة برشلونة أمام مايوركا,2025-04-23 00:00:00
NBA.. دونتشيتش يقود ليكرز للفوز على تمبرولفز,2025-04-23 00:00:00
دوري «ضعيف»,2025-04-23 00:00:00
بطل من رحم الأزمات.. أولمو ورقة حاسمة في يد فليك,2025-04-23 00:00:00
"""شبه منتهية"".. الريال يبدد الحلم السعودي بشأن فينيسيوس",2025-04-23 00:00:00
مولر يرفض عرضا من الكالتشيو,2025-04-23 00:00:00
لاوتارو يتحدى لياو في التشكيل المتوقع لديربي الغضب,2025-04-23 00:00:00
الذكاء الاصطناعي يتوقع نتيجة ديربي الغضب,2025-04-23 00:00:00
بطولة مدريد بين توهج ألكاراز واستمرار مطاردة ديوكوفيتش,2025-04-23 00:00:00
برشلونة يُعادل رقم ريال مدريد التاريخي في الليجا,2025-04-22 00:00:00
دوناروما يكشف سبب غضبه في باريس,2025-04-22 00:00:00
"""فرصة ذهبية"".. تخفيضات هائلة على الكتب عبر أمازون الإمارات",2025-04-22 00:00:00
إنريكي: لم نقصد محو ميلان.. ومثلنا لا يرتكب تلك الأخطاء,2025-04-22 00:00:00
عطيف: إمكانيات محترف النصر محدودة,2025-04-22 00:00:00
فليك: أدير المنظومة بذكاء.. ونجم برشلونة يقدم موسمًا استثنائيًا,2025-04-22 00:00:00
بعد التوثيق.. النصر يعلن فوزه ب19 لقب دوري,2025-04-22 00:00:00
جافي يمدح نجم مايوركا.. ويضع بيدري في مكانة خاصة,2025-04-22 00:00:00
استمتاع وخطة.. قرار كلوب يبعده عن ريال مدريد,2025-04-22 00:00:00
برنامج خاص يجهز نجم الاتحاد لموقعة النصر,2025-04-22 00:00:00
سبورتنج لشبونة إلى نهائي كأس البرتغال,2025-04-22 00:00:00
رياضةضربة موجعة لبرشلونة.. الكشف عن طبيعة إصابة ليفاندوفسكي9782 مشاهدة,2025-04-22 18:24:14
"دوري إسبانيبهدف ""خيالي"".. ريال مدريد يواصل ملاحقة برشلونة في الدوري29798 مشاهدة",2025-04-22 18:24:14
"دوري ألمانيدوري ألمانيبنصف موسم فقط.. رقم مرموش في ألمانيا لا يزال ""صعب المنال""",2025-04-22 18:24:14
رياضةرغم هدية ميسي.. لماذا رفض البابا فرنسيس تشجيع الأرجنتين؟l21 أبريل 2025,2025-04-22 18:24:14
بالملايين.. اليويفا يعوض الأندية ومانشستر سيتي أكبر مستفيديدفع الاتحاد الأوروبي لكرة القدم (يويفا) للأندية من اتحاداته الأعضاء الـ55، مبلغ 233 مليون يورو مقابل السماح للاعبيها بالمشاركة في البطولات التي ينظمها.,2025-04-22 18:24:14
أنشيلوتي يستعد للمغادرة.. وريال مدريد يضع راداره على البديل,2025-04-22 18:24:14
"دوري إنجليزي""سفاح الأهداف"" السويدي قد يخطف الحذاء الذهبي لأوروبا من صلاح109281 مشاهدة",2025-04-22 18:24:14
كرة قدم أوروبيةبالملايين.. اليويفا يعوض الأندية ومانشستر سيتي أكبر مستفيد,2025-04-22 18:24:14
دوري إسبانيأنشيلوتي يستعد للمغادرة.. وريال مدريد يضع راداره على البديل23363 مشاهدة,2025-04-22 18:24:14
"رياضةبعد وقف أجهزة الإنعاش.. وفاة ""المجنون"" الذي تحدى مارادونا11838 مشاهدة",2025-04-22 18:24:14
"كرة قدم عربيةكولر يحذر من ""فخ كبير"" أمام الأهلي المصري10697 مشاهدة",2025-04-22 18:24:14
رياضةهل يقود المغربي عموتة المنتخب العراقي؟.. نادي الجزيرة يعلّق10673 مشاهدة,2025-04-22 18:24:14
رياضةرغم هدية ميسي.. لماذا رفض البابا فرنسيس تشجيع الأرجنتين؟13645 مشاهدة,2025-04-22 18:24:14
مباشر مباراة مانشستر سيتي ضد أستون فيلا (0-0) في الدوري الإنجليزي لحظة بلحظة,2025-04-22 18:24:13
مباشر مباراة برشلونة ضد ريال مايوركا (0-0) في الدوري الإسباني.. لحظة بلحظة,2025-04-22 18:24:13
الوحدات ينتزع صدارة الدوري الأردني بريمونتادا ضد مغير السرحان,2025-04-22 18:24:13
"مانشستر سيتي يحصل على أكبر مكافآت ""يويفا""",2025-04-22 18:24:13
مباشر مباراة النصر ضد ضمك (1-1) في الدوري السعودي.. لحظة بلحظة,2025-04-22 18:24:13
روبن دي لاريد.. نجم ريال مدريد الذي أوقف المرض مسيرته,2025-04-22 18:24:13
كابيلو: هذه نقطة ضعف برشلونة,2025-04-22 18:24:13
9 مباريات تفصل برشلونة عن تكرار إنجاز الثلاثية,2025-04-22 18:24:13
أسباب غضب فينيسيوس من جماهير ريال مدريد,2025-04-22 18:24:13
3 سنوات من الإنجازات والألقاب والنهضة للمنتخبات المغربية الكروية,2025-04-22 18:24:13
محرز وتوني يقودان هجوم أهلي جدة ضد الوحدة,2025-04-22 00:00:00
توماس مولر مطلوب في الدوري الإيطالي,2025-04-22 00:00:00
بدون رونالدو وماني.. تغييرات بالجملة في تشكيل النصر لمباراة ضمك,2025-04-22 00:00:00
أهلي جدة يلامس سلسلته التاريخية,2025-04-22 00:00:00
إشارات ذهنية.. مدرب البرازيل الأسبق يرفض تدريب كورينثيانز,2025-04-22 00:00:00
مدرب كريستال بالاس يوجه رسالة مبطنة لليفربول,2025-04-22 00:00:00
الاتحاد الآسيوي يغير ملعب نهائي دوري الأبطال 2,2025-04-22 00:00:00
الخابورة يخطف فوزا من عمان ويحسن موقعه بالدوري,2025-04-22 00:00:00
71 مباراة تكفي مدافع أهلي جدة لمحو ذكريات روما,2025-04-22 00:00:00
إيبانيز يعتلي عرشا خاصا في الدوري السعودي,2025-04-22 00:00:00
الهدف العاشر.. شباك النصر تعاني قبل موقعة النخبة,2025-04-22 00:00:00
أسئلة شائكة تحاصر أحلام الصاعدين إلى البريميرليج,2025-04-22 00:00:00
الزمالك يقرر معاقبة المدرب الهارب,2025-04-22 00:00:00
سمرين يخطف الأضواء في انتصار الوحدات على مغير السرحان,2025-04-22 00:00:00
أرتيتا يكشف حالة ساكا.. ويعلن غياب ثنائي آرسنال عن لقاء بالاس,2025-04-22 00:00:00
الرياضي يسحق المركزية جونية بفارق 15 نقطة,2025-04-22 00:00:00
بونو يدفع الركراكي لاختيار حارس جديد,2025-04-22 00:00:00
نجم جديد ينضم إلى حملة التمرد ضد فليك,2025-04-22 00:00:00
بأهداف المدافعين.. العروبة يتعادل مع الوحدة ويودع الدوري الإماراتي,2025-04-22 00:00:00
الشارقة يقسو على عجمان,2025-04-22 00:00:00
كاف يوضح حقيقة طرد ثنائي بيراميدز أمام أورلاندو,2025-04-22 00:00:00
نجم ليون يطرق أبواب الدوري السعودي,2025-04-22 00:00:00
الفراج: اتركوا التعصب.. لا أحد يستحق الدوري أكثر من الاتحاد,2025-04-22 00:00:00
فيفا يطلق مبادرة جديدة مع المحكمة الرياضية,2025-04-22 00:00:00
آرسنال يجدد عقد مدافعته,2025-04-22 00:00:00
أوجارتي بعد صدمة الترتيب يمنح كريستيانو المركز صفر!,2025-04-22 00:00:00
رابطة الدوري السعودي تطلق بطولة للرياضات الإلكترونية,2025-04-22 00:00:00
منصور بن محمد: نجاح اللجنة الأولمبية يعكس رقي المجتمع الإماراتي,2025-04-22 00:00:00
الإصابة تهدد بإنهاء موسم نجم نابولي,2025-04-22 00:00:00
أوساكا تودع مدريد مبكرًا,2025-04-22 00:00:00
دوري إنجليزيبالتعاقد مع نجم كاميروني.. ليفربول يخطط لدعم محمد صلاح9510 مشاهدة,2025-04-22 11:46:24
"كرة قدم عربيةكولر يحذر من ""فخ كبير"" أمام الأهلي المصري10556 مشاهدة",2025-04-22 11:46:24
رياضةهل يقود المغربي عموتة المنتخب العراقي؟.. نادي الجزيرة يعلّق10735 مشاهدة,2025-04-22 11:46:24
"رياضةبعد وقف أجهزة الإنعاش.. وفاة ""المجنون"" الذي تحدى مارادونا11454 مشاهدة",2025-04-22 11:46:24
رياضةرغم هدية ميسي.. لماذا رفض البابا فرنسيس تشجيع الأرجنتين؟12287 مشاهدة,2025-04-22 11:46:24
دوري إسبانيأنشيلوتي يستعد للمغادرة.. وريال مدريد يضع راداره على البديل23243 مشاهدة,2025-04-22 11:46:24
"دوري إسبانيبهدف ""خيالي"".. ريال مدريد يواصل ملاحقة برشلونة في الدوري28104 مشاهدة",2025-04-22 11:46:24
"دوري إنجليزي""سفاح الأهداف"" السويدي قد يخطف الحذاء الذهبي لأوروبا من صلاح102460 مشاهدة",2025-04-22 11:46:24
"دوري إنجليزي""سفاح الأهداف"" السويدي قد يخطف الحذاء الذهبي لأوروبا من صلاحl21 أبريل 2025",2025-04-22 11:46:23
"رياضةبعد وقف أجهزة الإنعاش.. وفاة ""المجنون"" الذي تحدى مارادوناl21 أبريل 2025",2025-04-22 11:46:23
أغرب بطاقة صفراء في تاريخ كرة القدم,2025-04-22 11:46:21
الأندية الصاعدة إلى البريميرليغ والهابطة منه,2025-04-22 11:46:21
موعد مباراة ريال مدريد ضد خيتافي في الدوري الإسباني والقنوات الناقلة,2025-04-22 11:46:21
جدل التطبيع الرياضي يعود للواجهة.. بطلة مبارزة تونسية ترفض مواجهة إسرائيلية,2025-04-22 11:46:21
تفوق بياستري وإحباط فيراري ضمن أبرز 5 سمات لموسم فورمولا 1,2025-04-22 00:00:00
بيستونز ينهي سلسلة سلبية في إقصائيات NBA,2025-04-22 00:00:00
الجزائر تواجه رواندا وديًا يونيو المقبل,2025-04-22 00:00:00
مدرب نوتنجهام: نحن في معركة لم يتوقعها أحد,2025-04-22 00:00:00
صراع الوصافة والبقاء يشعلان جولة الدوري المغربي,2025-04-22 00:00:00
"محمد عبد الله في حوار ل""كووورة"": زيزو سيصنع التاريخ مع الأهلي",2025-04-22 00:00:00
«كفاكم عبثا بتاريخ رياضتنا»,2025-04-22 00:00:00
فصل جديد,2025-04-22 00:00:00
مبابي يعود إلى تدريبات ريال مدريد,2025-04-22 00:00:00
لورين هيمب تزف خبرًا سعيدًا لمانشستر سيتي,2025-04-22 00:00:00
الجاسر: الدوري اتحادي.. والهلال لن يعبر عقبة جوانجو,2025-04-22 00:00:00
إنريكي يستبعد حكيمي أمام نانت,2025-04-22 00:00:00
الإصابة تنهي موسم مدافع الرفاع,2025-04-22 00:00:00
النصر يعول على تاريخه أمام ضمك,2025-04-22 00:00:00
لأسباب تأديبية.. بورتو يدرس عودة ديالو ليوفنتوس فورا,2025-04-22 00:00:00
تدخل عربي وراء طرح اسم كلوب في أروقة ريال مدريد,2025-04-22 00:00:00
بيليجريني يواصل كتابة التاريخ مع بيتيس,2025-04-22 00:00:00
إندريك.. نجم الكأس يبحث عن النهاية السعيدة في الكلاسيكو,2025-04-22 00:00:00
رئيس الشباب متعجبًا: كيف يكون تاريخنا مرهون بالتصويت؟,2025-04-22 00:00:00
شتيجن جاهز لدعم برشلونة قبل كلاسيكو الكأس,2025-04-22 00:00:00
بريمن يفكر في انتشال نجم دورتموند,2025-04-22 00:00:00
يحلم بالثلاثية.. إنتر يتطلع لفك عقدة ميلان,2025-04-22 00:00:00
الدعيع: احتفال الدوسري؟ لن أعترف سوى بالتجديد الرسمي,2025-04-22 00:00:00
رابطة الليجا تتجاهل شكوى برشلونة,2025-04-22 00:00:00
صدمة لكولر قبل مواجهة صن داونز,2025-04-22 00:00:00
تخفيضات حتى 70%.. اقتنص عروض أسبوع الموضة على أمازون الإمارات,2025-04-22 00:00:00
سيدات تشيلسي يرفضن الاستسلام بعد رباعية برشلونة,2025-04-22 00:00:00
هل يشارك مبابي في كلاسيكو الكأس؟,2025-04-22 00:00:00
بيريز يواسي أنشيلوتي بجملة واحدة عقب موقعة آرسنال,2025-04-22 00:00:00
غياب بارز.. يامال يقود تشكيل برشلونة المتوقع ضد مايوركا,2025-04-22 00:00:00
"رياضةبعد وقف أجهزة الإنعاش.. وفاة ""المجنون"" الذي تحدى مارادوناlقبل 14 ساعة",2025-04-21 23:26:29
"دوري إنجليزي""سفاح الأهداف"" السويدي قد يخطف الحذاء الذهبي لأوروبا من صلاحlقبل 22 ساعة",2025-04-21 23:26:29
رياضةضربة موجعة لبرشلونة.. الكشف عن طبيعة إصابة ليفاندوفسكي4114 مشاهدة,2025-04-21 23:26:29
أخبار الإماراتالجزيرة يتوج بكأس رابطة المحترفين الإماراتية4572 مشاهدة,2025-04-21 23:26:29
دوري إنجليزيبالتعاقد مع نجم كاميروني.. ليفربول يخطط لدعم محمد صلاح5775 مشاهدة,2025-04-21 23:26:29
"كرة قدم عربيةكولر يحذر من ""فخ كبير"" أمام الأهلي المصري6522 مشاهدة",2025-04-21 23:26:29
دوري إنجليزيسلوت يعلّق على إمكانية تتويج ليفربول بلقب الدوري هذا الأسبوع7455 مشاهدة,2025-04-21 23:26:29
رياضةهل يقود المغربي عموتة المنتخب العراقي؟.. نادي الجزيرة يعلّق9500 مشاهدة,2025-04-21 23:26:29
دوري إسبانيأنشيلوتي يستعد للمغادرة.. وريال مدريد يضع راداره على البديل18506 مشاهدة,2025-04-21 23:26:29
"دوري إنجليزي""سفاح الأهداف"" السويدي قد يخطف الحذاء الذهبي لأوروبا من صلاحlقبل 22 ساعة",2025-04-21 23:26:29
دوري إنجليزيبهدفين متأخرين.. مانشستر سيتي يهزم إيفرتون في البريميرليغ3622 مشاهدة,2025-04-21 23:26:29
موعد مباراة ضمك ضد النصر في الدوري السعودي 2024-2025 والقنوات الناقلة,2025-04-21 23:26:28
موعد مباراة مانشستر سيتي ضد أستون فيلا في الدوري الإنجليزي والقنوات الناقلة,2025-04-21 23:26:28
بنزيما: الفوز أهم من تسديد ركلات الجزاء,2025-04-21 00:00:00
القيعي: الزمالك يخسر دائما عند مقارنته بالأهلي.. وبطولاته بمساهمة لاعبينا,2025-04-21 00:00:00
مدرب الاتفاق: لم نستغل المساحات أمام الاتحاد,2025-04-21 00:00:00
اتحاد جدة ينجو من فخ غيابات الكلاسيكو,2025-04-21 00:00:00
فابينيو يدلي باعتراف عن مباراة الاتفاق,2025-04-21 00:00:00
بالصور: المالكية يجبر عالي على التعادل,2025-04-21 00:00:00
بالصور.. نوتنجهام يتشبث بحلمه على أنقاض توتنهام,2025-04-21 00:00:00
بيتيس يحرج جيرونا في ملعبه,2025-04-21 00:00:00
إنجاز تاريخي.. إيجلز يحصد لقب كأس هولندا,2025-04-21 00:00:00
"دوري إنجليزي""سفاح الأهداف"" السويدي قد يخطف الحذاء الذهبي لأوروبا من صلاحlقبل 21 ساعة",2025-04-21 22:09:51
"دوري إسبانيبهدف ""خيالي"".. ريال مدريد يواصل ملاحقة برشلونة في الدوريl21 أبريل 2025",2025-04-21 22:09:51
"دوري إنجليزي""سفاح الأهداف"" السويدي قد يخطف الحذاء الذهبي لأوروبا من صلاحlقبل 21 ساعة",2025-04-21 22:09:51
"رياضةبعد وقف أجهزة الإنعاش.. وفاة ""المجنون"" الذي تحدى مارادوناlقبل 13 ساعة",2025-04-21 22:09:51
رياضةرياضةرغم هدية ميسي.. لماذا رفض البابا فرنسيس تشجيع الأرجنتين؟,2025-04-21 22:09:51
"دوري ألمانيبنصف موسم فقط.. رقم مرموش في ألمانيا لا يزال ""صعب المنال""",2025-04-21 22:09:51
"""لعنة آرون رامسي"" تضرب من جديد بعد وفاة البابا فرانشيسكو",2025-04-21 22:09:50
"""اتفاق ودي"" يسمح لألونسو بتدريب ريال مدريد",2025-04-21 22:09:50
"غوارديولا يدعو الجماهير لتشجيع سيتي في ""نهائي"" الثأر ضد أستون فيلا",2025-04-21 22:09:50
محترف بالدوري السعودي يمتلك ناديا ويشتري آخر,2025-04-21 22:09:50
شاهد نتيجة وملخص مباراة الاتحاد ضد الاتفاق في دوري روشن السعودي,2025-04-21 22:09:50
بعد 65 يوما.. بنزيما يحقق رقما غائبا مع الاتحاد,2025-04-21 00:00:00
صحار يفجر المفاجأة ويهزم السيب,2025-04-21 00:00:00
هومنتمن يفوز بصعوبة في دوري السلة اللبناني,2025-04-21 00:00:00
الشويرخ: كنا الأقرب للفوز أمام الهلال,2025-04-21 00:00:00
بالمواعيد.. كووورة يكشف برنامج إعداد الأهلي للمونديال,2025-04-21 00:00:00
مدافع الشباب ينتقد التحكيم بعد التعادل مع الهلال,2025-04-21 00:00:00
ريال مدريد يفوز بجائزة أفضل نادٍ في حفل لوريوس,2025-04-21 00:00:00
جيسوس: يستحيل تكرار الموسم الماضي.. وأحلم باللقب الآسيوي,2025-04-21 00:00:00
تيريم بعد لقاء الهلال: أداء الحكام هزيل,2025-04-21 00:00:00
نادال ينال جائزة الأيقونة الرياضية في حفل لوريوس,2025-04-21 00:00:00
لقجع يحفز شباب المغرب قبل أمم أفريقيا في مصر,2025-04-21 00:00:00
نجم اتحاد جدة يكسر نحس الرقم 13,2025-04-21 00:00:00
المحرق يعزز صدارته أمام النجمة.. والبحرين يفاجئ الشباب بهدف متأخر,2025-04-21 00:00:00
الهلال ينقض على هدف آرسنال,2025-04-21 00:00:00
تعادل مثير بين الأهلي طرابلس والسويحلي,2025-04-21 00:00:00
القوة الجوية يقسو على النجف بثلاثية,2025-04-21 00:00:00
ريبيكا أندرادي تنال جائزة لوريوس لأفضل عودة,2025-04-21 00:00:00
جوميز: مواجهة الرياض نهائي جديد,2025-04-21 00:00:00
اتحاد جدة يصالح جماهيره بفوز مثير على الاتفاق,2025-04-21 00:00:00
الزمالك يبين تفاصيل إصابة عواد,2025-04-21 00:00:00
جوائز لوريوس.. بايلز أفضل رياضية في 2024,2025-04-21 00:00:00
يامال يظفر بجائزة من قلب مدريد,2025-04-21 00:00:00
دوبلانتيس يفوز بجائزة لوريوس لأفضل رياضي,2025-04-21 00:00:00
ألانيا سبور يعبر عقبة سامسون سبور,2025-04-21 00:00:00
تأهل مسيمير ولوسيل والسيلية والخريطيات بكأس الأمير,2025-04-21 00:00:00
من أجل لقب الأبطال.. الأهلي يغري لاعبيه بمكافآت تاريخية,2025-04-21 00:00:00
رغم التعثر.. محترف الهلال يرفض الاستسلام,2025-04-21 00:00:00
سالم الدوسري: الهلال بيتي.. والدوري لم يحسم,2025-04-21 00:00:00
مهمة عاجلة.. الاتحاد البرازيلي واثق من التعاقد مع أنشيلوتي,2025-04-21 00:00:00
رسميًا.. ليدز وبيرنلي يعودان إلى البريميرليج,2025-04-21 00:00:00
رياضةرغم هدية ميسي.. لماذا رفض البابا فرنسيس تشجيع الأرجنتين؟lقبل 4 ساعات,2025-04-21 19:26:39
"دوري إنجليزي""سفاح الأهداف"" السويدي قد يخطف الحذاء الذهبي لأوروبا من صلاحlقبل 18 ساعة",2025-04-21 19:26:39
"دوري إسبانيبهدف ""خيالي"".. ريال مدريد يواصل ملاحقة برشلونة في الدوريlقبل 21 ساعة",2025-04-21 19:26:39
"دوري إنجليزي""سفاح الأهداف"" السويدي قد يخطف الحذاء الذهبي لأوروبا من صلاحlقبل 18 ساعة",2025-04-21 19:26:39
نتيجة وأهداف مباراة الهلال ضد الشباب في الدوري السعودي,2025-04-21 19:26:38
مباشر مباراة الاتحاد ضد الاتفاق (1-1) في دوري روشن السعودي,2025-04-21 19:26:38
مدرب البطائح يحذر من ترك المساحات أمام الوصل,2025-04-21 00:00:00
1 من 8.. الشوط الأول عقدة الهلال ضد كبار روشن,2025-04-21 00:00:00
خبراء تحكيم يحسمون الجدل بشأن هدف سافيتش ضد الشباب,2025-04-21 00:00:00
تحديد حالة مهاجم دورتموند قبل مواجهة هوفنهايم,2025-04-21 00:00:00
عضو ذهبي بالشباب: التحكيم مسخرة برعاية الأندية المدعومة,2025-04-21 00:00:00
بعد 72 يومًا.. سافيتش يكسر نحسه مع الهلال,2025-04-21 00:00:00
صورة.. رينارد يراقب نجوم ديربي الهلال والشباب,2025-04-21 00:00:00
مدرب شباب الأهلي: نحتاج لإظهار هويتنا وكفاءتنا,2025-04-21 00:00:00
بيان رسمي بشأن خطاب الأولمبية الدولية لوزارة الرياضة,2025-04-21 00:00:00
أنشيلوتي ضد جيسوس.. من الأنسب لقيادة البرازيل؟,2025-04-21 00:00:00
بالصور.. مشادة حمد الله وميتروفيتش تشعل الديربي,2025-04-21 00:00:00
طائرة السيب تهزم البشائر في نصف نهائي دوري عمان,2025-04-21 00:00:00
الإثارة مستمرة.. الشباب يعطل الهلال ويمنح الاتحاد هدية ثمينة,2025-04-21 00:00:00
الدوسري يتفوق على نفسه مع الهلال,2025-04-21 00:00:00
رابطة الليجا تعلن مواعيد مباريات الجولة 36,2025-04-21 00:00:00
احتفال مثير.. هل يعلن الدوسري تجديد عقده مع الهلال؟,2025-04-21 00:00:00
تعديل وحيد على تشكيل الاتحاد أمام الاتفاق,2025-04-21 00:00:00
الدوسري يحطم عرش أسطورة النصر,2025-04-21 00:00:00
هل يستحق الشباب ركلة جزاء ضد الهلال؟,2025-04-21 00:00:00
حادث دموي.. الكشف عن سر مغادرة نجم يونايتد أمام ليون,2025-04-21 00:00:00
مدافع بدرجة هداف.. الشويرخ يذيق الهلال من كأس النصر,2025-04-21 00:00:00
ديوكوفيتش يقع في نصف ألكاراز ببطولة مدريد,2025-04-21 00:00:00
التعادل يحسم لقاء النصر وصور,2025-04-21 00:00:00
"الثنائية العاشرة.. شباك الهلال ""ممزقة بالثلث"" في دوري روشن",2025-04-21 00:00:00
الشباب يكتسح عبري برباعية,2025-04-21 00:00:00
مانشستر يونايتد يقترب من إنجاز صفقة هجومية,2025-04-21 00:00:00
طعنة برتغالية.. متمرد جديد على جيسوس في الهلال,2025-04-21 00:00:00
هل استحق حمد الله ركلة جزاء ضد الهلال؟,2025-04-21 00:00:00
"دوري إنجليزي""سفاح الأهداف"" السويدي قد يخطف الحذاء الذهبي لأوروبا من صلاحlقبل 16 ساعة",2025-04-21 18:07:09
"دوري إسبانيبهدف ""خيالي"".. ريال مدريد يواصل ملاحقة برشلونة في الدوريlقبل 20 ساعة",2025-04-21 18:07:08
"دوري إنجليزي""سفاح الأهداف"" السويدي قد يخطف الحذاء الذهبي لأوروبا من صلاحlقبل 16 ساعة",2025-04-21 18:07:08
مباشر مباراة الهلال ضد الشباب (1-1) في الدوري السعودي 2024-2025,2025-04-21 18:06:58
تأجيل 4 مباريات بالدوري الإيطالي حدادا على وفاة البابا فرانشيسكو,2025-04-21 18:06:57
موعد مباراة برشلونة ضد ريال مايوركا في الدوري الإسباني والقنوات الناقلة,2025-04-21 18:06:57
مباشر مباراة الاتحاد ضد الاتفاق (0-0) في دوري روشن السعودي.. لحظة بلحظة,2025-04-21 18:06:57
مدرب أهلي جدة يلجأ لعادته القديمة قبل المواجهة الآسيوية,2025-04-21 00:00:00
​​​فليك يدفع لاعب برشلونة لقرار مصيري,2025-04-21 00:00:00
حقيقة تأجيل ديربي الغضب بكأس إيطاليا,2025-04-21 00:00:00
ميتروفيتش وحمد الله على رأس تشكيل الهلال والشباب,2025-04-21 00:00:00
سيطرة للاعبات القادسية على تشكيل الأسبوع بالدوري السعودي,2025-04-21 00:00:00
خطاب جديد يشعل أزمة تعديلات قانون الرياضة المصري,2025-04-21 00:00:00
رهان خاسر.. جواو فيليكس في مرمى نيران الصحف الإيطالية,2025-04-21 00:00:00
الوداد يتهيأ لما بعد مرحلة موكوينا,2025-04-21 00:00:00
مدرب ضمك يعلق على احتمال غياب رونالدو,2025-04-21 00:00:00
كلاسيكو الكأس يهدد أنشيلوتي بإقالة فورية,2025-04-21 00:00:00
الشمال يجدد عقد أوميد إبراهيم,2025-04-21 00:00:00
الهلال يعادل أسوأ أرقامه في الدوري السعودي,2025-04-21 00:00:00
مدرب كلباء: نحن في أمس الحاجة لنقاط مباراة الجزيرة,2025-04-21 00:00:00
اتحاد السلة يوضح لكووورة سبب وصافة الأهلي على حساب الزمالك,2025-04-21 00:00:00
لوكيدي بطلة لماراثون بوسطن,2025-04-21 00:00:00
فيجو يتعجب مما يحدث تجاه أنشيلوتي.. ويحذر برشلونة,2025-04-21 00:00:00
الدالي مستمر مع التضامن الكويتي,2025-04-21 00:00:00
ميتروفيتش يحذر البليهي قبل مواجهة الشباب,2025-04-21 00:00:00
بعد رونالدو.. النيران البرتغالية تحرق شباك بونو,2025-04-21 00:00:00
مدرب بني ياس: نحتاج لتنظيم دفاعي أمام العين,2025-04-21 00:00:00
بيولي يختار بديلي رونالدو وماني أمام ضمك,2025-04-21 00:00:00
فيجو: أتعجب مما يحدث لأنشيلوتي.. وبرشلونة ليس الأوفر حظا بنهائي الكأس,2025-04-21 00:00:00
مدرب الوحدة: علينا احترام العروبة,2025-04-21 00:00:00
كافو: الكرة الذهبية بين صلاح ورافينيا,2025-04-21 00:00:00
تروسارد يقتنص الفرصة... ويبعث رسالة صريحة لأرتيتا,2025-04-21 00:00:00
رسميًا.. حكيم الزحافي مدربًا لاتحاد تطاوين,2025-04-21 00:00:00
إريكسن: هذا ما افتقدناه أمام وولفرهامبتون,2025-04-21 00:00:00
رونالدو خارج حسابات بيولي أمام ضمك,2025-04-21 00:00:00
جوارديولا: مواجهة أستون فيلا بمثابة نهائي.. وهذا سر ابتعاد دوكو,2025-04-21 00:00:00
محمود فتح الله مديرا فنيا للنجمة,2025-04-21 00:00:00
دوري إنجليزيسلوت يعلّق على إمكانية تتويج ليفربول بلقب الدوري هذا الأسبوع7241 مشاهدة,2025-04-21 16:19:19
"دوري إنجليزي""سفاح الأهداف"" السويدي قد يخطف الحذاء الذهبي لأوروبا من صلاح44399 مشاهدة",2025-04-21 16:19:19
رياضةرغم هدية ميسي.. لماذا رفض البابا فرنسيس تشجيع الأرجنتين؟,2025-04-21 16:19:19
"رياضةرياضةبعد وقف أجهزة الإنعاش.. وفاة ""المجنون"" الذي تحدى مارادونا",2025-04-21 16:19:19
"دوري إنجليزي""سفاح الأهداف"" السويدي قد يخطف الحذاء الذهبي لأوروبا من صلاحlقبل 15 ساعة",2025-04-21 16:19:19
"دوري إسبانيبهدف ""خيالي"".. ريال مدريد يواصل ملاحقة برشلونة في الدوريlقبل 18 ساعة",2025-04-21 16:19:19
رياضةضربة موجعة لبرشلونة.. الكشف عن طبيعة إصابة ليفاندوفسكيl20 أبريل 2025,2025-04-21 16:19:19
"دوري إنجليزي""سفاح الأهداف"" السويدي قد يخطف الحذاء الذهبي لأوروبا من صلاحlقبل 15 ساعة",2025-04-21 16:19:19
"دوري إنجليزيدي بروين يكشف كواليس ""قرار الرحيل"" عن مانشستر سيتيl20 أبريل 2025",2025-04-21 16:19:19
دوري إسبانيميسي يشيد بلامين يامال.. ويتحدث عن قراره بشأن مونديال 202623510 مشاهدة,2025-04-21 16:19:19
دوري إسبانيأنشيلوتي يستعد للمغادرة.. وريال مدريد يضع راداره على البديل20469 مشاهدة,2025-04-21 16:19:19
"دوري إسبانيبهدف ""خيالي"".. ريال مدريد يواصل ملاحقة برشلونة في الدوري14858 مشاهدة",2025-04-21 16:19:19
رياضةهل يقود المغربي عموتة المنتخب العراقي؟.. نادي الجزيرة يعلّق9851 مشاهدة,2025-04-21 16:19:19
"كرة قدم عربيةكولر يحذر من ""فخ كبير"" أمام الأهلي المصري8553 مشاهدة",2025-04-21 16:19:19
دوري إنجليزيبالتعاقد مع نجم كاميروني.. ليفربول يخطط لدعم محمد صلاح7582 مشاهدة,2025-04-21 16:19:19
الإيطالي ساكي: بيريز لا يهتم بالمدافعين ومبابي ليس نجما استثنائيا,2025-04-21 16:19:17
جماهير ريال مدريد تهين مبابي للمرة الثانية وفينيسيوس غاضب,2025-04-21 16:19:17
مباشر مباراة الهلال ضد الشباب (0-0) في الدوري السعودي 2024-2025,2025-04-21 16:19:17
إنريكي: لاعب باريس أشبه بطائرة مقاتلة.. وهذا سر غضب ديمبلي,2025-04-21 00:00:00
المحمدي سر تفوق بركان قاريا,2025-04-21 00:00:00
مدرب دبا الحصن: نمتلك محاربين يقاتلون لرد الجميل,2025-04-21 00:00:00
أزمة مالية وراء غياب العراق عن البطولة العربية لألعاب القوى,2025-04-21 00:00:00
مدرب السد: الظفر بكأس قطر تحد شخصي,2025-04-21 00:00:00
مريم متولي: الرحيل للزمالك أفضل قرار في مسيرتي,2025-04-21 00:00:00
ريد بول يدعم فيرستابن في مواجهة بياستري,2025-04-21 00:00:00
سيدات تفينتي ينتزعن الصدارة بسحق أياكس,2025-04-21 00:00:00
الشكوك تتزايد.. مبابي يتدرب بعيدا عن لاعبي الريال قبل الكلاسيكو,2025-04-21 00:00:00
"كابيلو: يامال ليس ميسي.. والهجوم ضد أنشيلوتي ""ظلم""",2025-04-21 00:00:00
دفعة قوية لميلان قبل ديربي الغضب,2025-04-21 00:00:00
قرب تعافي ثنائي بايرن ميونخ,2025-04-21 00:00:00
بالصور: ميندي يحرج مشجعًا لاتحاد جدة,2025-04-21 00:00:00
رابطة الدوري الإيطالي تعلن مواعيد المؤجلات,2025-04-21 00:00:00
فان دايك: الجمهور سيتذكر إيجابيات أرنولد إذا رحل,2025-04-21 00:00:00
بالصور: أوستابينكو تكرس عقدة سابالينكا وتتوج بلقب شتوتجارت,2025-04-21 00:00:00
مدرب الغرافة: سنطور من أنفسنا أمام الدحيل,2025-04-21 00:00:00
بيدرو: أظهرنا هذا الأمر أمام فولهام,2025-04-21 00:00:00
فليك: لا نعرف مدة غياب ليفاندوفسكي.. ولم أفهم ما حدث من اللاعبين أمام سيلتا,2025-04-21 00:00:00
الحارثي يخطف وصافة حلبة إيمولا في بطولة التحمل,2025-04-21 00:00:00
اعتماد تعيين علي حسين مساعدًا للصربي بيجا,2025-04-21 00:00:00
الركراكي يضع خطته لتعويض غياب خماسي المغرب,2025-04-21 00:00:00
عملية جراحية تنهي موسم لاعب سترة البحريني,2025-04-21 00:00:00
"موقعة برشلونة وإنتر تصنف ""بعالية الخطورة""",2025-04-21 00:00:00
جالتيه يطالب لاعبي الدحيل بتعويض خيبة الأمل,2025-04-21 00:00:00
مدرجات كووورة.. ندم وحسرة نصراوية بعد توهج تاليسكا مع فنربخشة,2025-04-21 00:00:00
بيسكان: مواجهة السد لها أسلوب وفكر خاص,2025-04-21 00:00:00
نبأ سار للأهلي قبل موقعة صن داونز,2025-04-21 00:00:00
بعد جدل العقوبات.. الزمالك يصدر بيانا حول زيزو,2025-04-21 00:00:00
دوري إنجليزيسلوت يعلّق على إمكانية تتويج ليفربول بلقب الدوري هذا الأسبوع7195 مشاهدة,2025-04-21 13:08:30
"دوري إسبانيبهدف ""خيالي"".. ريال مدريد يواصل ملاحقة برشلونة في الدوريlقبل 15 ساعة",2025-04-21 13:08:30
"كرة قدم عربيةكولر يحذر من ""فخ كبير"" أمام الأهلي المصري7404 مشاهدة",2025-04-21 13:08:30
"دوري إسبانيبهدف ""خيالي"".. ريال مدريد يواصل ملاحقة برشلونة في الدوري7557 مشاهدة",2025-04-21 13:08:30
"دوري إسبانيميسي يتهم غوارديولا بـ""الأضرار"" بكرة القدم ""نوعا ما""8216 مشاهدة",2025-04-21 13:08:30
رياضةهل يقود المغربي عموتة المنتخب العراقي؟.. نادي الجزيرة يعلّق9540 مشاهدة,2025-04-21 13:08:30
"دوري إنجليزي""سفاح الأهداف"" السويدي قد يخطف الحذاء الذهبي لأوروبا من صلاح16277 مشاهدة",2025-04-21 13:08:30
دوري إسبانيأنشيلوتي يستعد للمغادرة.. وريال مدريد يضع راداره على البديل19263 مشاهدة,2025-04-21 13:08:30
دوري إسبانيميسي يشيد بلامين يامال.. ويتحدث عن قراره بشأن مونديال 202623040 مشاهدة,2025-04-21 13:08:30
"دوري إنجليزي""سفاح الأهداف"" السويدي قد يخطف الحذاء الذهبي لأوروبا من صلاحlقبل 12 ساعة",2025-04-21 13:08:30
رياضةضربة موجعة لبرشلونة.. الكشف عن طبيعة إصابة ليفاندوفسكيlقبل 22 ساعة,2025-04-21 13:08:30
"دوري إنجليزيدي بروين يكشف كواليس ""قرار الرحيل"" عن مانشستر سيتيlقبل 22 ساعة",2025-04-21 13:08:30
هدف ملغى وركلة جزاء غير محتسبة.. جدل تحكيمي في مباراة ريال مدريد وبيلباو,2025-04-21 13:08:29
هذا ما يحدث كل مباراة يغيب فيها ليفاندوفسكي عن برشلونة,2025-04-21 13:08:29
المنامة يفكر في مدرب محلي لخلافة بيدرو,2025-04-21 00:00:00
انفجار لاعبي برشلونة يثلج صدر فليك,2025-04-21 00:00:00
إجراء خاص لمباريات الدوري المغربي,2025-04-21 00:00:00
المغربية ياسمين زهير.. أول عربية تهز شباك برشلونة والريال,2025-04-21 00:00:00
نجم النصر السعودي يطلب الرحيل,2025-04-21 00:00:00
إيفيتش: أراهن على شخصية العين وانضباط اللاعبين,2025-04-21 00:00:00
ألونسو يثير الجدل حول مستقبله مع ليفركوزن,2025-04-21 00:00:00
دراج فريق الإمارات ثاني سباق أمستل,2025-04-21 00:00:00
لجنة الحكام بالاتحاد البحريني تجتمع مع مسئولي الأهلي,2025-04-21 00:00:00
الحسين يخشى صحوة الرمثا.. والوحدات يستقبل مغير السرحان,2025-04-21 00:00:00
مدرب العروبة: وضعنا لا يسمح بغير الفوز,2025-04-21 00:00:00
فتح التسجيل للمشاركة في سباق الجري الثلجي بدبي,2025-04-21 00:00:00
رياضةهل يقود المغربي عموتة المنتخب العراقي؟.. نادي الجزيرة يعلّقl20 أبريل 2025,2025-04-21 12:08:14
دوري إسبانيأنشيلوتي يستعد للمغادرة.. وريال مدريد يضع راداره على البديل17894 مشاهدة,2025-04-21 12:08:14
"دوري إنجليزيدي بروين يكشف كواليس ""قرار الرحيل"" عن مانشستر سيتيlقبل 21 ساعة",2025-04-21 12:08:14
رياضةضربة موجعة لبرشلونة.. الكشف عن طبيعة إصابة ليفاندوفسكيlقبل 21 ساعة,2025-04-21 12:08:14
دوري إنجليزيبالتعاقد مع نجم كاميروني.. ليفربول يخطط لدعم محمد صلاحl20 أبريل 2025,2025-04-21 12:08:14
دوري إسبانيأنشيلوتي يستعد للمغادرة.. وريال مدريد يضع راداره على البديلl20 أبريل 2025,2025-04-21 12:08:14
"دوري إنجليزي""سفاح الأهداف"" السويدي قد يخطف الحذاء الذهبي لأوروبا من صلاحlقبل 11 ساعة",2025-04-21 12:08:14
دوري إسبانيميسي يشيد بلامين يامال.. ويتحدث عن قراره بشأن مونديال 202622492 مشاهدة,2025-04-21 12:08:14
"كرة قدم عربيةكولر يحذر من ""فخ كبير"" أمام الأهلي المصريl20 أبريل 2025",2025-04-21 12:08:14
رياضةهل يقود المغربي عموتة المنتخب العراقي؟.. نادي الجزيرة يعلّق9186 مشاهدة,2025-04-21 12:08:14
دوري إنجليزيسلوت يعلّق على إمكانية تتويج ليفربول بلقب الدوري هذا الأسبوع7209 مشاهدة,2025-04-21 12:08:14
"كرة قدم عربيةكولر يحذر من ""فخ كبير"" أمام الأهلي المصري6306 مشاهدة",2025-04-21 12:08:14
دوري إنجليزيبالتعاقد مع نجم كاميروني.. ليفربول يخطط لدعم محمد صلاح5583 مشاهدة,2025-04-21 12:08:14
أخبار الإماراتالجزيرة يتوج بكأس رابطة المحترفين الإماراتية4421 مشاهدة,2025-04-21 12:08:14
"كرة قدم عربيةكولر يحذر من ""فخ كبير"" أمام الأهلي المصريl20 أبريل 2025",2025-04-21 12:08:14
"دوري إسبانيميسي يتهم غوارديولا بـ""الأضرار"" بكرة القدم ""نوعا ما""8431 مشاهدة",2025-04-21 12:08:14
موعد مباراة الهلال ضد الشباب في الدوري السعودي والقنوات الناقلة,2025-04-21 12:08:13
هدف ملغي وركلة جزاء غير محتسبة.. جدل تحكيمي في مباراة ريال مدريد وبيلباو,2025-04-21 12:08:13
أنشيلوتي يشرح أسباب فوز ريال مدريد المثير على أتلتيك بلباو,2025-04-21 12:08:13
نهضة بركان يضع قدما بنهائي الكونفدرالية الأفريقية برباعية أمام قسنطينة,2025-04-21 12:08:13
موعد مباراة الاتحاد ضد الاتفاق في الدوري السعودي والقنوات الناقلة,2025-04-21 12:08:13
"دوري إنجليزيدوري إنجليزي""سفاح الأهداف"" السويدي قد يخطف الحذاء الذهبي لأوروبا من صلاح",2025-04-21 12:08:13
نتيجة وملخص مباراة ريال مدريد ضد أتلتيك بلباو في الدوري الإسباني,2025-04-21 12:08:13
"رياضةبعد وقف أجهزة الإنعاش.. وفاة ""المجنون"" الذي تحدى مارادونا",2025-04-21 12:08:13
"دوري إسبانيبهدف ""خيالي"".. ريال مدريد يواصل ملاحقة برشلونة في الدوريlقبل 14 ساعة",2025-04-21 12:08:13
3 معارك تشعل صراع المنافسة في الدوري الإماراتي,2025-04-21 00:00:00
تقرير كووورة: هل يُكرر مبابي سيناريو رونالدو الكلاسيكو؟,2025-04-21 00:00:00
حكم كلاسيكو الكأس.. فأل حسن للريال أم برشلونة؟,2025-04-21 00:00:00
مهاجم ألمانيا السابق يعود إلى ناديه القديم,2025-04-21 00:00:00
إبتسام جرايدي تقترب من رقم تاريخي بالدوري السعودي,2025-04-21 00:00:00
الهلال بوابة حمد الله لكتابة التاريخ,2025-04-21 00:00:00
اتحاد جدة يتسلح بتفوقه التاريخي على الاتفاق,2025-04-21 00:00:00
غضب في ريد بول بعد معاقبة فيرستابن بجائزة السعودية الكبرى,2025-04-21 00:00:00
هدف برشلونة والبايرن يؤكد مغادرة ليفركوزن,2025-04-21 00:00:00
حقيقة تولي إنزاجي قيادة الهلال في مونديال الأندية,2025-04-21 00:00:00
بسبب تصرفهم.. فينيسيوس يغير عادته مع جمهور الريال,2025-04-21 00:00:00
أبو كامارا أفضل لاعب في جولة الدوري العماني,2025-04-21 00:00:00
تأجيل 4 مباريات في الدوري الإيطالي,2025-04-21 00:00:00
قرعة صعبة لأنس جابر في مدريد.. وشفيونتيك تنتظر مواجهة انتقامية,2025-04-21 00:00:00
الصدعان: بلان أفضل مدرب في الدوري السعودي,2025-04-21 00:00:00
نجم نهضة بركان: أخشى التفاؤل الزائد بعد رباعية الذهاب,2025-04-21 00:00:00
انفجار غضب لاعبي برشلونة يثلج صدر فليك,2025-04-21 00:00:00
مونتيري يقهر ليون.. وباتشوكا يواصل السقوط في الدوري المكسيكي,2025-04-21 00:00:00
3 مرشحين لجائزة أفضل لاعب في دوري السلة الأمريكي,2025-04-21 00:00:00
دورتموند يحدد هدفه في مونديال الأندية,2025-04-21 00:00:00
المجنون.. وفاة أسطورة بوكا جونيورز,2025-04-21 00:00:00
نجوم ليفركوزن يستسلمون في سباق التتويج بالبوندسليجا,2025-04-21 00:00:00
ذهاب جيد فكيف تكون العودة؟,2025-04-21 00:00:00
تنمر الهلال التاريخي,2025-04-21 00:00:00
بروفة الكلاسيكو: برشلونة يستدرج مايوركا.. والريال يخشى مفاجآت خيتافي,2025-04-21 00:00:00
ألكاراز بعد خسارة لقب برشلونة: أنحني عند قدمي نادال,2025-04-21 00:00:00
لاعبو آرسنال يكشفون أغلى ممتلكاتهم الكروية.. شاهد من اختار قميص ميسي,2025-04-21 00:00:00
ووريورز يحبط هيوستن روكتس.. وسيلتيكس يكتسح ماجيك,2025-04-21 00:00:00
الجفاف التهديفي يتصدر أسباب هبوط ليستر سيتي,2025-04-21 00:00:00
زفيريف يتخطى ألكاراز في التصنيف العالمي.. ورون يقفز 4 مراكز,2025-04-21 00:00:00
أخبار الإماراتمنتخب الإمارات يختار الروماني كوزمين مدربا جديداl19 أبريل 2025,2025-04-20 21:36:11
رياضةهل يقود المغربي عموتة المنتخب العراقي؟.. نادي الجزيرة يعلّق5865 مشاهدة,2025-04-20 21:36:11
دوري إنجليزيبطولة البريميرليغ: فرصة أمام ليفربول لحسم اللقب21781 مشاهدة,2025-04-20 21:36:11
دوري إسبانيميسي يشيد بلامين يامال.. ويتحدث عن قراره بشأن مونديال 202616458 مشاهدة,2025-04-20 21:36:11
دوري إسبانيأنشيلوتي يستعد للمغادرة.. وريال مدريد يضع راداره على البديل10218 مشاهدة,2025-04-20 21:36:11
"رياضةزامبروتا يعاني مرضا نادرا ""قد يضطره إلى بتر ساقيه""8888 مشاهدة",2025-04-20 21:36:11
"دوري إسبانيميسي يتهم غوارديولا بـ""الأضرار"" بكرة القدم ""نوعا ما""7384 مشاهدة",2025-04-20 21:36:11
دوري إنجليزيسلوت يعلّق على إمكانية تتويج ليفربول بلقب الدوري هذا الأسبوع5651 مشاهدة,2025-04-20 21:36:11
"كرة قدم عربيةكولر يحذر من ""فخ كبير"" أمام الأهلي المصري3423 مشاهدة",2025-04-20 21:36:11
"كرة قدم عربيةكولر يحذر من ""فخ كبير"" أمام الأهلي المصريlقبل 16 ساعة",2025-04-20 21:36:11
رياضةهل يقود المغربي عموتة المنتخب العراقي؟.. نادي الجزيرة يعلّقlقبل 20 ساعة,2025-04-20 21:36:11
كرة قدم عربيةالأهلي يفرض التعادل السلبي على ماميلودي صن داونزl19 أبريل 2025,2025-04-20 21:36:11
دوري إسبانيأنشيلوتي يستعد للمغادرة.. وريال مدريد يضع راداره على البديلlقبل 18 ساعة,2025-04-20 21:36:10
"دوري إنجليزيدي بروين يكشف كواليس ""قرار الرحيل"" عن مانشستر سيتي",2025-04-20 21:36:10
رياضةرياضةضربة موجعة لبرشلونة.. الكشف عن طبيعة إصابة ليفاندوفسكي,2025-04-20 21:36:10
دوري إنجليزيبالتعاقد مع نجم كاميروني.. ليفربول يخطط لدعم محمد صلاحlقبل 12 ساعة,2025-04-20 21:36:10
"كرة قدم عربيةكولر يحذر من ""فخ كبير"" أمام الأهلي المصريlقبل 16 ساعة",2025-04-20 21:36:10
أخبار الإماراتالجزيرة يتوج بكأس رابطة المحترفين الإماراتيةl20 أبريل 2025,2025-04-20 21:36:10
رياضةهل يقود المغربي عموتة المنتخب العراقي؟.. نادي الجزيرة يعلّقlقبل 20 ساعة,2025-04-20 21:36:10
كرة قدم عربيةالأهلي يفرض التعادل السلبي على ماميلودي صن داونزl19 أبريل 2025,2025-04-20 21:36:10
أنشيلوتي يستعد للمغادرة.. وريال مدريد يضع راداره على البديلذكرت تقارير إعلامية، السبت، أن المدرب كارلو أنشيلوتي يستعد لمغادرة ريال مدريد الإسباني، مشيرة إلى أن النادي الملكي وضع راداره على خلفه.,2025-04-20 21:36:10
"كلوب إلى ريال مدريد؟.. تفاصيل ""قنبلة الموسم""",2025-04-20 21:36:10
الترجي يحسم الديربي أمام الإفريقي ويتصدر الدوري التونسي,2025-04-20 21:36:08
رقم كارثي لريال مدريد على ملعب البرنابيو,2025-04-20 21:36:08
قصة فشل انتقال لاوتارو مارتينيز نجم إنتر إلى برشلونة قبل سنوات,2025-04-20 21:36:08
هل تنهي الإصابة مشوار نيمار مع سانتوس مبكرا؟,2025-04-20 21:36:08
ركلتا جزاء وحالة طرد.. حالات تحكيمية مثيرة للجدل بمباراة برشلونة وسيلتا فيغو,2025-04-20 21:36:08
جيك بول يستعد لمواجهه نجل أسطورة سابق في الملاكمة,2025-04-20 21:36:08
ثلاثي برشلونة يتمرد على فليك وأجواء مشحونة في غرفة الملابس,2025-04-20 21:36:08
نتيجة وملخص مباراة ليفربول ضد ليستر سيتي في الدوري الإنجليزي,2025-04-20 21:36:08
برشلونة يكشف تفاصيل إصابة ليفاندوفسكي,2025-04-20 21:36:08
بعد استبعاد شريكته بسبب غزة.. مروان سري ينسحب من ملكية ناد إنجليزي,2025-04-20 21:36:08
مباشر مباراة ريال مدريد ضد أتلتيك بيلباو (0-0) في الدوري الإسباني,2025-04-20 21:36:08
وزير الرياضة السعودي: صلاح أيقونة عربية لكن إستراتيجيتنا تغيرت,2025-04-20 21:36:08
"دي بروين ""مصدوم"" من قرار مانشستر سيتي",2025-04-20 21:36:08
ضربة مؤلمة أخرى لمبابي لاعب ريال مدريد,2025-04-20 21:36:08
بيلباو يفضح العجز الهجومي لريال مدريد,2025-04-20 00:00:00
بالصور: سانت باولي يخدم بايرن ميونخ بتعطيل ليفركوزن,2025-04-20 00:00:00
الاتحاد يقتنص صدارة دوري السلة أمام الأهلي,2025-04-20 00:00:00
تقرير حكم الديربي يمهد لمعاقبة الإفريقي,2025-04-20 00:00:00
بالصور: هل استحق بولونيا هدف قتل إنتر؟,2025-04-20 00:00:00
إنزاجي: بولونيا فاز بخطأ تحكيمي,2025-04-20 00:00:00
بالصور.. صافرات استهجان ضد مبابي في البرنابيو!,2025-04-20 00:00:00
النصر العماني يكشف موقفه من المعشني والشحري,2025-04-20 00:00:00
صن داونز يستعد للأهلي بخطوة مبكرة,2025-04-20 00:00:00
على خط الانطلاق الأول.. الفيصل الزبير يرفع راية التحدي في سباق إيمولا,2025-04-20 00:00:00
الولايات المتحدة تتوج ببطولة العالم لهوكي الجليد للسيدات,2025-04-20 00:00:00
إشارة جديدة على رحيل مدرب الرياض,2025-04-20 00:00:00
نادال يدعم ألكاراز بعد خسارة لقب برشلونة,2025-04-20 00:00:00
الاتحاد يتخطى الأولمبي ويتصدر الدور السداسي,2025-04-20 00:00:00
ريال مدريد يتسلح بسلسلة استثنائية ضد بيلباو,2025-04-20 00:00:00
مدرب تشيلسي يبرر مغادرة الملعب عقب مباراة فولهام,2025-04-20 00:00:00
ختام السباقات المساندة لسباق جائزة السعودية الكبرى,2025-04-20 00:00:00
ديفيز يعود لقيادة يد الأهلي,2025-04-20 00:00:00
"أرتيتا: التدخل العنيف ضد ساكا ""غير متعمد""",2025-04-20 00:00:00
بالصور.. العربي ينجو من فخ السالمية,2025-04-20 00:00:00
إشبيلية يكسر سلسلة الهزائم بالتعادل مع آلافيس,2025-04-20 00:00:00
عقوبات ضخمة في الطريق لزيزو,2025-04-20 00:00:00
ما طرق حجز وشراء تذاكر مباراة ضمك والنصر في دوري روشن السعودي 2024-25؟ وما أسعارها؟,2025-04-20 00:00:00
ما طرق حجز وشراء تذاكر مباراة الوحدة والأهلي في دوري روشن السعودي 2024-25؟ وما أسعارها؟,2025-04-20 00:00:00
بياستري يفوز بسباق السعودية في فورمولا 1,2025-04-20 00:00:00
موعد مباراة الاتحاد والاتفاق في دوري روشن السعودي 2024-25.. والقنوات الناقلة,2025-04-20 00:00:00
قيصري سبور يفسد فرحة فنربخشة في الرمق الأخير,2025-04-20 00:00:00
موعد مباراة الهلال والشباب في دوري روشن السعودي 2024-25.. والقنوات الناقلة,2025-04-20 00:00:00
هل تحرك فالنسيا لضم شوبير؟,2025-04-20 00:00:00
رون: خضت معركة كبرى للانتصار على ألكاراز,2025-04-20 00:00:00
أخبار الإماراتمنتخب الإمارات يختار الروماني كوزمين مدربا جديداlقبل 11 ساعة,2025-04-19 23:00:27
كرة قدم عربيةالأهلي يفرض التعادل السلبي على ماميلودي صن داونزlقبل 7 ساعات,2025-04-19 23:00:27
دوري إسبانيميسي يشيد بلامين يامال.. ويتحدث عن قراره بشأن مونديال 2026l19 أبريل 2025,2025-04-19 23:00:27
"رياضةمدرب برشلونة ""غاضب"" بعد تقديم موعد مباراة بلد الوليدlقبل 20 ساعة",2025-04-19 23:00:27
أخبار الإماراتمنتخب الإمارات يختار الروماني كوزمين مدربا جديداlقبل 11 ساعة,2025-04-19 23:00:27
دوري إسبانيأنشيلوتي يحدد موعد مناقشة مستقبله مع ريال مدريدlقبل 10 ساعات,2025-04-19 23:00:27
دوري إنجليزيسلوت يعلّق على إمكانية تتويج ليفربول بلقب الدوري هذا الأسبوعlقبل 9 ساعات,2025-04-19 23:00:27
أخبار الإماراتالجزيرة يتوج بكأس رابطة المحترفين الإماراتية,2025-04-19 23:00:26
كرة قدم عربيةكرة قدم عربيةالأهلي يفرض التعادل السلبي على ماميلودي صن داونز,2025-04-19 23:00:26
درس الزمالك يهدد الأهلي وبيراميدز,2025-04-19 00:00:00
براجا يتجاوز عقبة إشتوريل,2025-04-19 00:00:00
ماكتوميناي يكرر رقم أسطورة نابولي,2025-04-19 00:00:00
أهلي جدة يرفض التفريط في مدافعه الهداف,2025-04-19 00:00:00
صافرة جابونية لإدارة لقاء بيراميدز وأورلاندو,2025-04-19 00:00:00
كونتي عن مستقبله: لست غبيًا!,2025-04-19 00:00:00
عموتة: الفوارق لا تعني شيئا في نهائيات الكؤوس,2025-04-19 00:00:00
النني: ترشيح شباب الأهلي للتتويج حفز لاعبي الجزيرة,2025-04-19 00:00:00
بالصور: بنفيكا يضيق الخناق على سبورتنج لشبونة,2025-04-19 00:00:00
موقف الريال يعزز حظوظ جيسوس في السباق البرازيلي,2025-04-19 00:00:00
قصة سعودية: الصيعري.. 10 محطات من الإصرار والتحدي,2025-04-19 00:00:00
يامال.. تعويذة برشلونة السحرية أمام ريال مدريد,2025-04-19 00:00:00
بالصور: مارسيليا يستعيد الوصافة باكتساح مونبلييه,2025-04-19 00:00:00
بالصور: أتلتيكو يسقط مجددًا ويبتعد عن حلم الليجا,2025-04-19 00:00:00
روما يواصل تألقه أمام فيرونا,2025-04-19 00:00:00
12 لاعبا في قائمة شاطئية عمان للمونديال,2025-04-19 00:00:00
الإصابة تداهم ثلاثي القادسية الكويتي,2025-04-19 00:00:00
حصاد روشن 28: نهضة هلالية وصدمة اتحادية.. وإنجاز غير مسبوق لمحرز,2025-04-19 00:00:00
الهاجري لكووورة: حسم اللقب بيد لاعبي الكويت,2025-04-19 00:00:00
خاص كووورة.. أول رد من وكيل ألونسو على مفاوضات ريال مدريد,2025-04-19 00:00:00
شبيبة القبائل يصعق اتحاد الجزائر بلمسة سنغالية,2025-04-19 00:00:00
صفر بطولات.. كوماندوز الزمالك ينهار في عهد أسطورة اليد,2025-04-19 00:00:00
توب 20 روشن.. شارك مع كووورة في اختيار تشكيل الجولة 28,2025-04-19 00:00:00
بالصور: هيرنفين ينتفض ليهزم ألمير بالدوري الهولندي,2025-04-19 00:00:00
الوحدة يخطف 3 نقاط من التعاون,2025-04-19 00:00:00
لاعبا لايبزيج وكيل يفقدان الوعي,2025-04-19 00:00:00
أخبار الإماراتمنتخب الإمارات يختار الروماني كوزمين مدربا جديداlقبل 9 ساعات,2025-04-19 20:53:22
رياضةعلى خطى صلاح.. فان دايك يجدد تعاقده مع ليفربول15642 مشاهدة,2025-04-19 20:53:22
دوري إسبانيأنشيلوتي يحدد موعد مناقشة مستقبله مع ريال مدريدlقبل 8 ساعات,2025-04-19 20:53:22
أخبار الإماراتمنتخب الإمارات يختار الروماني كوزمين مدربا جديداlقبل 9 ساعات,2025-04-19 20:53:22
"رياضةمدرب برشلونة ""غاضب"" بعد تقديم موعد مباراة بلد الوليدlقبل 18 ساعة",2025-04-19 20:53:22
"كرة قدم أوروبيةكلوب إلى ريال مدريد؟.. تفاصيل ""قنبلة الموسم""74207 مشاهدة",2025-04-19 20:53:22
رياضةمازال يبكي.. نيمار يغادر الملعب باكيا بعد إصابة في الفخذ29794 مشاهدة,2025-04-19 20:53:22
دوري إسبانيميسي يشيد بلامين يامال.. ويتحدث عن قراره بشأن مونديال 2026lقبل 22 ساعة,2025-04-19 20:53:22
دوري إنجليزيبطولة البريميرليغ: فرصة أمام ليفربول لحسم اللقب13932 مشاهدة,2025-04-19 20:53:22
أخبار مصرالزمالك يعلن عن أول تحرك رسمي بعد أزمة زيزو12217 مشاهدة,2025-04-19 20:53:22
"رياضةزامبروتا يعاني مرضا نادرا ""قد يضطره إلى بتر ساقيه""7839 مشاهدة",2025-04-19 20:53:22
"أبطال أوروباأرسنال يحرم ريال مدريد من ""بطولته المفضلة""7032 مشاهدة",2025-04-19 20:53:22
أبطال أوروباإنتر ميلان يقصي بايرن ميونيخ من دوري أبطال أوروبا4230 مشاهدة,2025-04-19 20:53:22
كرة قدم عربيةالأهلي يفرض التعادل السلبي على ماميلودي صن داونزlقبل 5 ساعات,2025-04-19 20:53:22
نتيجة وملخص مباراة برشلونة ضد سيلتا فيغو في الدوري الإسباني,2025-04-19 20:53:20
نتيجة وملخص مباراة المغرب ضد مالي في نهائي كأس أفريقيا للناشئين,2025-04-19 20:53:20
الجزيرة يهزم شباب الأهلي ويتوج بكأس المحترفين,2025-04-19 00:00:00
ضربة ثنائية لمنافس الهلال قبل الموقعة الآسيوية,2025-04-19 00:00:00
وسط جدل تحكيمي.. بيراميدز يتعادل مع أورلاندو,2025-04-19 00:00:00
لقجع.. صائد البطولات مع منتخبات المغرب,2025-04-19 00:00:00
اكتساح مغربي لجوائز الأفضل في أمم أفريقيا الناشئين,2025-04-19 00:00:00
مولودية الجزائر يعزز صدارته على حساب اتحاد بسكرة,2025-04-19 00:00:00
مدرب بيراميدز: أحب أفريقيا لكن ليس بهذه الطريقة,2025-04-19 00:00:00
​​​​​​​ضربة قاسية ليبلباو قبل موقعة ريال مدريد,2025-04-19 00:00:00
مدرب سيلتا فيجو: سمعت عنصرية جماهير برشلونة بنفسي,2025-04-19 00:00:00
الإصابة تنهي موسم نجم اتحاد جدة,2025-04-19 00:00:00
رغم الخسارة برباعية.. السومة يحصد جائزة استثنائية,2025-04-19 00:00:00
ستراسبورج يعطل موناكو بتعادل محبط,2025-04-19 00:00:00
الجزيرة يهزم شباب الأهلي ويتوج بكأس رابطة المحترفين,2025-04-19 00:00:00
الأهلي يلدغ الجزيرة في الدوري الأردني,2025-04-19 00:00:00
النصر يهزم التحدي في الدور السداسي,2025-04-19 00:00:00
لقب غائب.. سابالينكا إلى نصف نهائي شتوتجارت,2025-04-19 00:00:00
رافينيا يروي الكواليس: لم أسمع شيئًا قبل ركلة الجزاء,2025-04-19 00:00:00
الهلال يتسوق من ثنائي جدة قبل مونديال الأندية,2025-04-19 00:00:00
الخطيب لكووورة: لا نستهدف عرقلة فرق الصدارة.. ولا أبحث عن المال,2025-04-19 00:00:00
الرائد يكتسح العروبة في دوري روشن,2025-04-19 00:00:00
فيرستابن أول المنطلقين في سباق جائزة السعودية,2025-04-19 00:00:00
بالصور: 8 أهداف في لقاء شتوتجارت ويونيون برلين,2025-04-19 00:00:00
بلان يستنجد بواعد اتحاد جدة,2025-04-19 00:00:00
تعادل باهت بين مايوركا وليجانيس,2025-04-19 00:00:00
أستون فيلا يجتاح نيوكاسل ويشعل صراع الأبطال,2025-04-19 00:00:00
غضب عارم.. فاتي يعترض بقوة على قرار فليك,2025-04-19 00:00:00
النجم الساحلي يحبط الإفريقي في نصف نهائي دوري اليد,2025-04-19 00:00:00
الهلال يحدد موعد سفره إلى جدة استعدادا للمهمة الآسيوية,2025-04-19 00:00:00
بلوزداد يطارد المولودية بثلاثية مثيرة في ترجي مستغانم,2025-04-19 00:00:00
توريس: عاقبنا سيلتا فيجو بشجاعة كبيرة,2025-04-19 00:00:00
أخبار الإماراتمنتخب الإمارات يختار الروماني كوزمين مدربا جديداlقبل 6 ساعات,2025-04-19 17:25:47
"كرة قدم أوروبيةكلوب إلى ريال مدريد؟.. تفاصيل ""قنبلة الموسم""71671 مشاهدة",2025-04-19 17:25:47
كرة قدم عربيةالأهلي يفرض التعادل السلبي على ماميلودي صن داونز,2025-04-19 17:25:47
دوري إنجليزيدوري إنجليزيسلوت يعلّق على إمكانية تتويج ليفربول بلقب الدوري هذا الأسبوع,2025-04-19 17:25:47
دوري إسبانيأنشيلوتي يحدد موعد مناقشة مستقبله مع ريال مدريدlقبل 4 ساعات,2025-04-19 17:25:47
"رياضةمدرب برشلونة ""غاضب"" بعد تقديم موعد مباراة بلد الوليدlقبل 15 ساعة",2025-04-19 17:25:47
دوري إسبانيميسي يشيد بلامين يامال.. ويتحدث عن قراره بشأن مونديال 2026lقبل 19 ساعة,2025-04-19 17:25:47
"دوري إسبانيميسي يتهم غوارديولا بـ""الأضرار"" بكرة القدم ""نوعا ما""l18 أبريل 2025",2025-04-19 17:25:47
دوري إنجليزيبطولة البريميرليغ: فرصة أمام ليفربول لحسم اللقبl18 أبريل 2025,2025-04-19 17:25:47
أخبار الإماراتمنتخب الإمارات يختار الروماني كوزمين مدربا جديداlقبل 6 ساعات,2025-04-19 17:25:47
رياضةمازال يبكي.. نيمار يغادر الملعب باكيا بعد إصابة في الفخذ28776 مشاهدة,2025-04-19 17:25:47
رياضةعلى خطى صلاح.. فان دايك يجدد تعاقده مع ليفربول15107 مشاهدة,2025-04-19 17:25:47
دوري إنجليزيبطولة البريميرليغ: فرصة أمام ليفربول لحسم اللقب13455 مشاهدة,2025-04-19 17:25:47
أخبار مصرالزمالك يعلن عن أول تحرك رسمي بعد أزمة زيزو11799 مشاهدة,2025-04-19 17:25:47
"رياضةزامبروتا يعاني مرضا نادرا ""قد يضطره إلى بتر ساقيه""7571 مشاهدة",2025-04-19 17:25:47
"أبطال أوروباأرسنال يحرم ريال مدريد من ""بطولته المفضلة""6792 مشاهدة",2025-04-19 17:25:47
كرة قدم عربيةالأهلي يفرض التعادل السلبي على ماميلودي صن داونزlقبل 1 ساعة,2025-04-19 17:25:47
أبطال أوروباهنري يفاجئ حكيمي بكلمات عربية بعد تأهل سان جيرمان23508 مشاهدة,2025-04-19 17:25:47
هل يشارك مبابي في نهائي كأس إسبانيا أمام برشلونة؟,2025-04-19 17:25:46
شاهد.. كوندي يركض تحت المطر في شوارع برشلونة,2025-04-19 17:25:46
الذكاء الاصطناعي: هؤلاء اللاعبون يحدثون ثورة في ريال مدريد,2025-04-19 17:25:46
ميسي: كنت أنوي العودة إلى برشلونة ولم أقرر بعد المشاركة بمونديال 2026,2025-04-19 17:25:46
فليك غاضب من توقيت مباريات برشلونة في الليغا,2025-04-19 17:25:46
نتيجة وملخص مباراة النصر ضد القادسية في الدوري السعودي,2025-04-19 17:25:46
مندوب برازيلي حضر هزيمة ريال مدريد أمام أرسنال لإقناع أنشيلوتي بتدريب السيليساو,2025-04-19 17:25:46
كلوب يستعد للعودة للتدريب بعروض كبيرة من ريال مدريد والبرازيل,2025-04-19 17:25:46
رحلة جيرارد مارتن من فريق بالدرجة الثالثة إلى لاعب أساسي مع برشلونة,2025-04-19 17:25:46
أونانا حارس مانشستر يونايتد مصدوم من تخفيض راتبه بنسبة كبيرة,2025-04-19 17:25:46
نتيجة وملخص مباراة الأهلي ضد صن داونز في دوري أبطال أفريقيا,2025-04-19 17:25:46
عمرو زكي.. رحلة البلدوزر المصري من النجومية إلى الاعتزال المبكر,2025-04-19 17:25:46
مباشر مباراة المغرب ضد مالي (0-0) في نهائي كأس أفريقيا للناشئين,2025-04-19 17:25:46
مباشر مباراة برشلونة ضد سيلتا فيغو 3-3 في الدوري الإسباني,2025-04-19 17:25:46
أموريم يوجه مناشدة لجماهير اليونايتد,2025-04-19 00:00:00
أوستابينكو تقصي شفيونتيك من شتوتجارت,2025-04-19 00:00:00
نوريس يفوز بالتجربة الحرة الثالثة لسباق فورمولا 1 السعودية,2025-04-19 00:00:00
كوتينيو يكشف نقطة بداية انهيار تجربته مع برشلونة,2025-04-19 00:00:00
بالصور: ألكاراز يبلغ نهائي برشلونة المفتوحة,2025-04-19 00:00:00
بعد الإصابة.. مدة مبدئية لغياب نيمار,2025-04-19 00:00:00
مدرب جديد يتأهب لمغادرة الدوري السعودي,2025-04-19 00:00:00
لاعب ومدرب.. رامسي مديرًا فنيًا لكارديف,2025-04-19 00:00:00
بالصور: بايرن يضمد جراحه الأوروبية باكتساح هايدنهايم,2025-04-19 00:00:00
المادة 61 آخر أمل للنصر في قضية الرويلي,2025-04-19 00:00:00
رئيس نابولي يرد على كونتي: تصريحاته تثير القلق,2025-04-19 00:00:00
لوكاكو يتصدر تشكيل نابولي لمواجهة مونزا,2025-04-19 00:00:00
العهد يهزم النجمة.. والبرج يباغت العباسية بفوز متأخر,2025-04-19 00:00:00
رقم غير مسبوق للأهلي في معقل صن داونز,2025-04-19 00:00:00
كومو يعود بانتصار عريض من أرض ليتشي,2025-04-19 00:00:00
ليفربول يعود للانتصارات في الدوري الانجليزي للسيدات,2025-04-19 00:00:00
بيراميدز يدفع بالقوة الضاربة أمام أورلاندو,2025-04-19 00:00:00
خطأ فادح من تشيزني أمام سيلتا فيجو,2025-04-19 00:00:00
بالصور: الأهلي يفرض التعادل على صن داونز في عقر داره,2025-04-19 00:00:00
بالصور: سيدات ليون يهزمن آرسنال في أبطال أوروبا,2025-04-19 00:00:00
القادسية يواصل إظهار جواهره في الدوري السعودي للسيدات,2025-04-19 00:00:00
بالصور: بونو يتعرض للخداع في تدريبات الهلال,2025-04-19 00:00:00
قرار تحكيمي يشعل نار الأهلي في جنوب أفريقيا,2025-04-19 00:00:00
بالصور: الركراكي يدعم ناشئي المغرب أمام مالي,2025-04-19 00:00:00
رايو فاليكانو يوقف صحوة فالنسيا,2025-04-19 00:00:00
الجيش الملكي يكشف حقيقة تسريح أمين زحزوح,2025-04-19 00:00:00
الخطوط المغربية تحلق بأحلام الكاف,2025-04-19 00:00:00
حكيمي وكوكا وجها لوجه في مباراة باريس ولوهافر,2025-04-19 00:00:00
عقدة المركز الخامس تلاحق اتحاد جدة في الدوري السعودي للسيدات,2025-04-19 00:00:00
بالصور.. فوز متأخر لمانشستر سيتي على إيفرتون,2025-04-19 00:00:00
"طرائف وغرائب""النشيد الخاطئ"" يسبب ارتباكا في مباراة بدوري أبطال أوروبا2545 مشاهدة",2025-04-17 23:22:34
دوري إسبانيريال مدريد يفقد جهود مبابي أمام بلباو بسبب الإيقاف2981 مشاهدة,2025-04-17 23:22:34
"أبطال أوروباقبل لقاء أرسنال.. ريال مدريد يوجه رسالة ""الريمونتادا"" بفيديو3093 مشاهدة",2025-04-17 23:22:34
دوري إنجليزيرغم تجديد العقد.. نجم إنجليزي يحذر من تراجع مستوى محمد صلاح3201 مشاهدة,2025-04-17 23:22:34
"أبطال أوروبابرشلونة وباريس سان جرمان ينجوان من ""انتفاضة أصحاب الأرض""5739 مشاهدة",2025-04-17 23:22:34
حوادث وكوارثتفاصيل الحادث.. مصرع لاعب شهير بعد سقوطه من الشرفة5898 مشاهدة,2025-04-17 23:22:34
أبطال أوروباهنري يفاجئ حكيمي بكلمات عربية بعد تأهل سان جيرمان6627 مشاهدة,2025-04-17 23:22:34
أبطال أوروباهنري يفاجئ حكيمي بكلمات عربية بعد تأهل سان جيرمانl16 أبريل 2025,2025-04-17 23:22:33
"كرة قدم أوروبيةكلوب إلى ريال مدريد؟.. تفاصيل ""قنبلة الموسم""",2025-04-17 23:22:33
رياضةرياضةعلى خطى صلاح.. فان دايك يجدد تعاقده مع ليفربول,2025-04-17 23:22:33
رياضةمازال يبكي.. نيمار يغادر الملعب باكيا بعد إصابة في الفخذlقبل 15 ساعة,2025-04-17 23:22:33
أخبار مصرالزمالك يعلن عن أول تحرك رسمي بعد أزمة زيزوlقبل 22 ساعة,2025-04-17 23:22:33
"أبطال أوروباأرسنال يحرم ريال مدريد من ""بطولته المفضلة""l17 أبريل 2025",2025-04-17 23:22:33
أبطال أوروباإنتر ميلان يقصي بايرن ميونيخ من دوري أبطال أوروباl17 أبريل 2025,2025-04-17 23:22:33
حوادث وكوارثتفاصيل الحادث.. مصرع لاعب شهير بعد سقوطه من الشرفةl16 أبريل 2025,2025-04-17 23:22:33
"كرة قدم أوروبيةكلوب إلى ريال مدريد؟.. تفاصيل ""قنبلة الموسم""lقبل 8 ساعات",2025-04-17 23:22:33
"كلوب إلى ريال مدريد؟.. تفاصيل ""قنبلة الموسم""في صفقة ستمثل ""قنبلة الموسم الكروي"" إذا تمت، أشارت تقارير إلى أن الألماني يورغن كلوب مستعد لتدريب ريال مدريد الإسباني.",2025-04-17 23:22:33
فان دايك يتحدث عن مستقبله مع ليفربول.. وصلاح يعلّق,2025-04-17 23:22:33
رياضةالفيفا يستعين بـ12 حكما عربيا في مونديال الأندية13813 مشاهدة,2025-04-17 23:22:33
نيمار يصاب مجددا ويغادر الملعب باكيا,2025-04-17 23:22:31
فريقان مصريان يواجهان فريقين من جنوب أفريقيا بنصف نهائي أبطال أفريقيا,2025-04-17 23:22:31
"""نبوءة ميونخ"" تدعم تتويج أرسنال وسان جيرمان بدوري الأبطال",2025-04-17 23:22:31
موعد مباراة النصر ضد القادسية في الدوري السعودي والقنوات الناقلة,2025-04-17 23:22:31
موعد مباراة المغرب ضد مالي في نهائي كأس أفريقيا للناشئين والقنوات الناقلة,2025-04-17 23:22:31
شاهد.. نتيجة وملخص مباراة الهلال ضد الخليج في الدوري السعودي,2025-04-17 23:22:31
نتيجة وملخص مباراة الفتح ضد الاتحاد في الدوري السعودي,2025-04-17 23:22:31
بعد صلاح.. فان دايك باق مع ليفربول حتى 2027,2025-04-17 23:22:31
موعد مباراة برشلونة ضد سيلتا فيغو في الدوري الإسباني والقنوات الناقلة,2025-04-17 23:22:31
وفاة لاعب غابوني بعد سقوطه من ناطحة سحاب بالصين,2025-04-17 23:22:31
أسباب اشتباك كارفاخال قائد ريال مدريد وساكا نجم أرسنال,2025-04-17 23:22:31
مبابي وأنشيلوتي أكبر الخاسرين من نكسة ريال مدريد وكورتوا يكشف المستور,2025-04-17 23:22:31
شاهد.. لاعب كرة قدم بساق واحدة يتألق بالدوري الألماني للهواة,2025-04-17 23:22:31
موعد مباراة ريال مدريد ضد أتلتيك بيلباو في الدوري الإسباني والقنوات الناقلة,2025-04-17 23:22:31
فلامنجو يساند هنريكي بعد اتهامه بالتلاعب,2025-04-17 00:00:00
بالصور: تشيلسي يتقدم أوروبيًا رغم السقوط المفاجئ,2025-04-17 00:00:00
يورجوردينس يضرب موعدا مع تشيلسي في دوري المؤتمر,2025-04-17 00:00:00
بالصور: أتلتيك بيلباو يطرد رينجرز خارج اليوروبا ليج,2025-04-17 00:00:00
جيمس: تشيلسي قطع خطوة للوراء,2025-04-17 00:00:00
زيزو يطلب من الزمالك 70 مليون جنيه,2025-04-17 00:00:00
كوكوريا بعد الهزيمة المحرجة: لا مكان للأعذار,2025-04-17 00:00:00
جنون في أولد ترافورد.. مانشستر يونايتد يصعق ليون بخماسية قاتلة,2025-04-17 00:00:00
توتنهام يفسد خطة أتلتيكو مدريد,2025-04-17 00:00:00
جوميز: سر وحيد للفوز على اتحاد جدة,2025-04-17 00:00:00
بلان: لم نستحق الفوز على الفتح,2025-04-17 00:00:00
توتنهام يتجاوز فرانكفورت إلى نصف نهائي الدوري الأوروبي,2025-04-17 00:00:00
بن سلطان يعلن قائمة شباب تونس المشاركة في الكان,2025-04-17 00:00:00
ميرينو.. حل سحري أنقذ آرسنال من أزماته الهجومية,2025-04-17 00:00:00
تحديد مواجهات ربع نهائي كأس عاصمة مصر بعد خروج الكبار,2025-04-17 00:00:00
فأل حسن يبشر البرازيل قبل موقعة باراجواي,2025-04-17 00:00:00
موعد عودة نجم الأهلي بيد يايسله,2025-04-17 00:00:00
رغم الصدارة.. لعنة الهلال تطارد اتحاد جدة في الدوري السعودي,2025-04-17 00:00:00
فيرستابن وريد بول تحت الضغط في سباق السعودية,2025-04-17 00:00:00
الدعيع: الاتحاد ضعيف فنيا.. ونتيجة الهلال أثرت عليه,2025-04-17 00:00:00
تحسن حالة خورخي مارتين بعد الحادث الخطير,2025-04-17 00:00:00
إيقاف السباح التونسي أحمد الحفناوي 21 شهرًا,2025-04-17 00:00:00
دون النظر للمنافسين.. شرط وحيد يُتوج النصر بالدوري السعودي,2025-04-17 00:00:00
كولينا يشيد بالطابع العالمي لحكام مونديال الأندية,2025-04-17 00:00:00
العقيدي.. أخطبوط أحبط بنزيما وتحول لصانع هدايا,2025-04-17 00:00:00
الفتح يتخلص من عقدة اتحاد جدة,2025-04-17 00:00:00
بالصور: الشرطة يتصدر الدوري العراقي بالفوز على الميناء,2025-04-17 00:00:00
أوزبكستان تواجه السعودية في نهائي آسيا للناشئين,2025-04-17 00:00:00
بالصور: الاتحاد يسقط أمام الفتح.. ويشعل الدوري السعودي,2025-04-17 00:00:00
بوزاس تطيح بجراتشيفا خارج بطولة روان للتنس,2025-04-17 00:00:00
"أبطال أوروباقبل لقاء أرسنال.. ريال مدريد يوجه رسالة ""الريمونتادا"" بفيديو2973 مشاهدة",2025-04-17 13:35:07
دوري إسبانيريال مدريد يفقد جهود مبابي أمام بلباو بسبب الإيقافl16 أبريل 2025,2025-04-17 13:35:07
رياضةعلى خطى صلاح.. فان دايك يجدد تعاقده مع ليفربول,2025-04-17 13:35:07
رياضةرياضةمازال يبكي.. نيمار يغادر الملعب باكيا بعد إصابة في الفخذ,2025-04-17 13:35:07
أخبار مصرالزمالك يعلن عن أول تحرك رسمي بعد أزمة زيزوlقبل 13 ساعة,2025-04-17 13:35:07
"أبطال أوروباأرسنال يحرم ريال مدريد من ""بطولته المفضلة""lقبل 16 ساعة",2025-04-17 13:35:07
أبطال أوروباهنري يفاجئ حكيمي بكلمات عربية بعد تأهل سان جيرمانlقبل 20 ساعة,2025-04-17 13:35:07
حوادث وكوارثتفاصيل الحادث.. مصرع لاعب شهير بعد سقوطه من الشرفةlقبل 21 ساعة,2025-04-17 13:35:07
أبطال أوروباإنتر ميلان يقصي بايرن ميونيخ من دوري أبطال أوروباlقبل 15 ساعة,2025-04-17 13:35:07
"دوري إنجليزي""يشم رائحة الأهداف"".. غوارديولا يثني على انطلاقة مرموش23867 مشاهدة",2025-04-17 13:35:07
"أبطال أوروبابرشلونة وباريس سان جرمان ينجوان من ""انتفاضة أصحاب الأرض""5435 مشاهدة",2025-04-17 13:35:07
أبطال أوروباهنري يفاجئ حكيمي بكلمات عربية بعد تأهل سان جيرمان4468 مشاهدة,2025-04-17 13:35:07
"أبطال أوروباأرسنال يحرم ريال مدريد من ""بطولته المفضلة""3723 مشاهدة",2025-04-17 13:35:07
حوادث وكوارثتفاصيل الحادث.. مصرع لاعب شهير بعد سقوطه من الشرفة3515 مشاهدة,2025-04-17 13:35:07
دوري إنجليزيرغم تجديد العقد.. نجم إنجليزي يحذر من تراجع مستوى محمد صلاح3096 مشاهدة,2025-04-17 13:35:07
رياضةالفيفا يستعين بـ12 حكما عربيا في مونديال الأندية13779 مشاهدة,2025-04-17 13:35:07
أوبافيمي مارتينز.. رحلة لاعب نيجيري من الإفلاس إلى الثراء,2025-04-17 13:35:06
"""عاجز وليس فريق معجزات"".. هجوم حاد على ريال مدريد",2025-04-17 13:35:06
كابوس مبابي هداف ريال مدريد في دوري أبطال أوروبا,2025-04-17 13:35:06
5 دروس لبرشلونة من الانتكاسة أمام دورتموند,2025-04-17 13:35:06
هل يلعب ميسي ورونالدو في فريق واحد قريبا؟,2025-04-17 13:35:06
لماذا رفض ديمبلي تسلم جائزة أفضل لاعب بمباراة سان جيرمان وأستون فيلا؟,2025-04-17 13:35:06
بسبب فليك.. بيريز يختار الكارت الخفي لخلافة أنشيلوتي,2025-04-17 00:00:00
إيقاف قبل العودة.. كارفاخال تحت التهديد بسبب ساكا,2025-04-17 00:00:00
لا معجزات.. فشل أنشيلوتي يتصدر الصحف الإسبانية,2025-04-17 00:00:00
ماذا يفعل الهلال في غياب بونو؟,2025-04-17 00:00:00
الكشف عن حكام مباراتي الهلال والاتحاد في الدوري السعودي,2025-04-17 00:00:00
أتشيربي يستفز مولر بعد الإطاحة ببايرن ميونخ,2025-04-17 00:00:00
كيميتش يضع شرطا لإنقاذ موسم بايرن ميونخ,2025-04-17 00:00:00
مدرب المنتخب.. لا وقت للتجربة,2025-04-17 00:00:00
أبناء الأهلي,2025-04-17 00:00:00
برشلونة يتذيل ترشيحات الفوز بدوري أبطال أوروبا,2025-04-17 00:00:00
أبو السعود يتأهل لنهائي كأس العالم للجمباز,2025-04-17 00:00:00
الهلال يستعيد ذكرى انتصاره التاريخي على الخليج,2025-04-17 00:00:00
خيار بيريز المفضل.. اتفاق قديم يقرب ألونسو من الريال,2025-04-17 00:00:00
منتخب الإمارات يستعد إلى كأس العالم لهوكي الجليد,2025-04-17 00:00:00
انتفاضة جوميز تقلق الاتحاد قبل مواجهة الفتح,2025-04-17 00:00:00
فوز إماراتي جديد في سباق جيرو دي أبروتسو,2025-04-17 00:00:00
أنشيلوتي يستبق تكهنات إقالته بخطوة جريئة,2025-04-17 00:00:00
ديبالا يزيل الغموض عن مستقبله مع روما,2025-04-17 00:00:00
مدرب السد: مباراة الأهلي مثل نهائي الكأس,2025-04-17 00:00:00
خطوة مهمة من إدارة الهلال للتعاقد مع إنزاجي,2025-04-17 00:00:00
تدخل موتسيبي ينهي أزمة أجانب الأهلي وبيراميدز,2025-04-17 00:00:00
أرتيتا: أنا من أشد المعجبين بهذا المدرب,2025-04-17 00:00:00
الفيفا يخاطب الاتحاد العراقي بشأن مباراة الأردن,2025-04-17 00:00:00
مصطفى حجي يبرز تفوق نجم الهلال على رونالدو,2025-04-17 00:00:00
عاجل.. فان دايك يجدد عقده مع ليفربول,2025-04-17 00:00:00
الانضباط تعاقب دهوك ومدربه بعد أحداث مباراة زاخو,2025-04-17 00:00:00
صحف إنجلترا تتغنى بآرسنال: الأبطال الحقيقيون,2025-04-17 00:00:00
الاتحاد المصري يفسر اختيار موعد نهائي الزمالك وبيراميدز,2025-04-17 00:00:00
مدرب العربي: اللقاء الأخير فرصة لإظهار شخصيتنا,2025-04-17 00:00:00
الشباب يرفض طلب نجمه,2025-04-17 00:00:00
موعد مباراة الاتحاد ضد الفتح في الدوري السعودي والقنوات الناقلة,2025-04-17 00:07:18
شاهد نتيجة وملخص مباراة ريال مدريد ضد أرسنال بربع نهائي أبطال أوروبا,2025-04-17 00:07:18
الفرق المتأهلة ومواجهات نصف نهائي دوري أبطال أوروبا,2025-04-17 00:07:18
موعد مباراة الهلال ضد الخليج في الدوري السعودي والقنوات الناقلة,2025-04-17 00:07:18
حسام حسن يتواصل مع قندوسي,2025-04-16 00:00:00
مولر: دوري الأبطال لا يتعلق بالأمنيات,2025-04-16 00:00:00
استفادة وخسارة.. كيف ينظر الهلال لنتائج دوري أبطال أوروبا؟,2025-04-16 00:00:00
ثنائية موسى تعيد الحد للدوري البحريني الممتاز,2025-04-16 00:00:00
الزمالك: سنتواصل مع الفيفا بشأن قضية بوبيندزا.. وهذا موقف بيسيرو,2025-04-16 00:00:00
تعرف على مواعيد معارك نصف نهائي أبطال أوروبا,2025-04-16 00:00:00
نجم آرسنال: سانتياجو برنابيو مختلف عن التلفاز,2025-04-16 00:00:00
لاوتارو: إنتر لا يستسلم.. ونفكر في هذا الأمر قبل مواجهة برشلونة,2025-04-16 00:00:00
ساكا: هزمنا أحد أفضل الفرق.. وباريس مختلف,2025-04-16 00:00:00
تحليل كووورة.. إنزاجي يكسب الرهان بسلاح إنتر الفتاك,2025-04-16 00:00:00
فاسكيز يعدد أسباب الخسارة أمام آرسنال,2025-04-16 00:00:00
مودريتش يحطم رقم بنزيما,2025-04-16 00:00:00
رايس عن ضربة جزاء مبابي: كنت أعلم ما سيحدث,2025-04-16 00:00:00
ما الفرق المتأهلة للدور نصف النهائي في دوري أبطال أوروبا 2024-2025,2025-04-16 00:00:00
"آرسنال ينهي ""سلسلة ذهبية"" لأنشيلوتي مع ريال مدريد",2025-04-16 00:00:00
بعد 37 عامًا.. إنتر ميلان يضع حدًا للعنة البافارية,2025-04-16 00:00:00
أنشيلوتي: آرسنال استحق التأهل.. ولا أعرف مستقبلي,2025-04-16 00:00:00
فشل نادر يفضح عجز مبابي مع الريال,2025-04-16 00:00:00
كورتوا: افتقدنا خوسيلو.. وليس لدينا شكوك تجاه أنشيلوتي,2025-04-16 00:00:00
كومباني بعد توديع دوري الأبطال: أمامنا كأس العالم للأندية,2025-04-16 00:00:00
جوزيه جوميز: فوزنا بخماسية أمام الخليج لا يعني شيء,2025-04-16 00:00:00
فونسيكا يحذر لاعبي ليون من مانشستر يونايتد الجريح,2025-04-16 00:00:00
سيرينا: لو كنت مكان سينر لأوقفوني 20 عامًا,2025-04-16 00:00:00
ميسر العباسي في حوار لكووورة: أحلم بقميص المنتخب السوري,2025-04-16 00:00:00
أرتيتا: ريال مدريد مصدر إلهام كبير لنا,2025-04-16 00:00:00
إنزاجي: تذكروا ما فعله بايرن ميونخ في سان سيرو,2025-04-16 00:00:00
إعلان قائمة موريتانيا بكأس العالم للكرة الشاطئية,2025-04-16 00:00:00
هاكان: توقعت المعاناة أمام بايرن.. والتفاصيل صنعت الفارق,2025-04-16 00:00:00
قرار رسمي من العروبة بعد اعتذار نجم النصر,2025-04-16 00:00:00
المصائب لا تأتي فرادى.. مبابي مهدد بالغياب عن الكلاسيكو,2025-04-16 00:00:00
"أبطال أوروباقبل لقاء أرسنال.. ريال مدريد يوجه رسالة ""الريمونتادا"" بفيديو2564 مشاهدة",2025-04-16 22:20:01
"أبطال أوروباأرسنال يحرم ريال مدريد من ""بطولته المفضلة""lقبل 18 دقيقة",2025-04-16 22:20:01
أبطال أوروباإنتر ميلان يقصي بايرن ميونيخ من دوري أبطال أوروبا,2025-04-16 22:20:01
"أبطال أوروباأبطال أوروباأرسنال يحرم ريال مدريد من ""بطولته المفضلة""",2025-04-16 22:20:01
أبطال أوروباهنري يفاجئ حكيمي بكلمات عربية بعد تأهل سان جيرمانlقبل 5 ساعات,2025-04-16 22:20:01
دوري إسبانيريال مدريد يفقد جهود مبابي أمام بلباو بسبب الإيقافlقبل 13 ساعة,2025-04-16 22:20:01
"أبطال أوروبابرشلونة وباريس سان جرمان ينجوان من ""انتفاضة أصحاب الأرض""l16 أبريل 2025",2025-04-16 22:20:01
"طرائف وغرائب""النشيد الخاطئ"" يسبب ارتباكا في مباراة بدوري أبطال أوروباl16 أبريل 2025",2025-04-16 22:20:01
"أبطال أوروباقبل لقاء أرسنال.. ريال مدريد يوجه رسالة ""الريمونتادا"" بفيديوl15 أبريل 2025",2025-04-16 22:20:01
حوادث وكوارثتفاصيل الحادث.. مصرع لاعب شهير بعد سقوطه من الشرفةlقبل 5 ساعات,2025-04-16 22:20:01
"دوري إنجليزي""يشم رائحة الأهداف"".. غوارديولا يثني على انطلاقة مرموش22108 مشاهدة",2025-04-16 22:20:01
دوري إنجليزيفان دايك يتحدث عن مستقبله مع ليفربول.. وصلاح يعلّق10106 مشاهدة,2025-04-16 22:20:01
دوري مصريالزمالك يستبعد ناصر ماهر.. وتوصية بخصم ربع مستحقاته7596 مشاهدة,2025-04-16 22:20:01
رياضةالفيفا يستعين بـ12 حكما عربيا في مونديال الأندية12128 مشاهدة,2025-04-16 22:20:01
دوري إنجليزيمدرب مانشستر يونايتد يكشف أسباب استبعاد أونانا5162 مشاهدة,2025-04-16 22:20:01
"أبطال أوروبابرشلونة وباريس سان جرمان ينجوان من ""انتفاضة أصحاب الأرض""4058 مشاهدة",2025-04-16 22:20:01
دوري إنجليزيرغم تجديد العقد.. نجم إنجليزي يحذر من تراجع مستوى محمد صلاح2663 مشاهدة,2025-04-16 22:20:01
علاج نفسي لمبابي هداف ريال مدريد قبل مواجهة أرسنال بدوري الأبطال,2025-04-16 22:20:00
مرض نادر يصيب لاعبا سابقا في برشلونة,2025-04-16 22:20:00
الاتحاد الألماني يحقق مع حارس ادعى الإصابة لسبب غريب,2025-04-16 22:19:59
شاهد.. جماهير تعانق حارس الفريق المنافس بعد تصديه لركلة جزاء,2025-04-16 22:19:59
كواليس محادثات الركراكي مع لامين جمال لإقناعه بتمثيل المغرب,2025-04-16 22:19:59
سان جيرمان يعادل رقما لريال مدريد في دوري أبطال أوروبا,2025-04-16 22:19:59
أسباب احمرار وجه بيدري لاعب برشلونة أثناء المباريات,2025-04-16 22:19:59
ماذا لو أعاد ديكلان رايس الكرة ضد ريال مدريد في البرنابيو؟,2025-04-16 22:19:59
هكذا تحول دورتموند إلى أسد ضد برشلونة في ربع نهائي أبطال أوروبا,2025-04-16 22:19:59
بيلينغهام يسترجع التاريخ لتحقيق ريمونتادا ضد أرسنال,2025-04-16 22:19:59
نتيجة وملخص مباراة إنتر ميلان ضد بايرن ميونخ في دوري أبطال أوروبا,2025-04-16 22:19:59
مباشر مباراة ريال مدريد ضد أرسنال (1-2) بربع نهائي دوري أبطال أوروبا,2025-04-16 22:19:59
"""دراما في جوزيبي مياتزا"".. إنتر يحبط بايرن ويضرب موعدا ناريا مع برشلونة",2025-04-16 00:00:00
لاوتارو أخطر أجنبي في تاريخ إنتر ميلان,2025-04-16 00:00:00
مدرب الأهلي: المربع الذهبي ليس نهاية المطاف,2025-04-16 00:00:00
فينيسيوس يخلف رونالدو الظاهرة على عرش تاريخي,2025-04-16 00:00:00
نيوكاسل يسحق كريستال بالاس ويتقدم خطوة نحو دوري الأبطال,2025-04-16 00:00:00
بالصور.. مبابي يزيد أوجاع ريال مدريد,2025-04-16 00:00:00
صورة.. هل استحق روديجر الطرد أمام آرسنال؟,2025-04-16 00:00:00
بافارد بطل لقطة أوروبية نادرة,2025-04-16 00:00:00
مانشستر يونايتد يصارع عملاقين على نجم لايبزيج,2025-04-16 00:00:00
سلة الحكمة تفوز على المركزية جونية,2025-04-16 00:00:00
قبل مواجهة الريان.. السفري يكشف أسرار الهروب من الخطر,2025-04-16 00:00:00
ساكا يعقّد مهمة الريال.. وساليبا يحبط آرسنال بخطأ فادح,2025-04-16 00:00:00
بالصور.. صراع بيلينجهام ورايس يشعل قمة الريال وآرسنال,2025-04-16 00:00:00
هاري كين يقتحم قائمة استثنائية في دوري الأبطال,2025-04-16 00:00:00
باولو سيرجيو يمنح الأخدود قفزة نوعية بالدوري السعودي,2025-04-16 00:00:00
أتلتيكو مدريد يعلن أعظم أرقامه في 122 عامًا,2025-04-16 00:00:00
النصر يتصدر قائمة مميزة في الدوري السعودي للسيدات,2025-04-16 00:00:00
تحديد موعد نهائي كأس مصر بين الزمالك وبيراميدز,2025-04-16 00:00:00
رئيس توتنهام يعلق على مفاوضات السعودية مع ريتشارليسون,2025-04-16 00:00:00
بالصور: كارفاخال يشتبك مع ساكا بشكل مفاجئ,2025-04-16 00:00:00
إيمانويل: سنخوض مواجهة الأهلي كأنها نهائية,2025-04-16 00:00:00
مهاجمة اتحاد جدة تحصل على جائزة لاعبة الشهر,2025-04-16 00:00:00
كورتوا.. حارس اللحظات الكبرى وملك ركلات الجزاء,2025-04-16 00:00:00
بالصور: الزوراء ينتزع الصدارة مؤقتًا من بوابة الكرمة,2025-04-16 00:00:00
جيسوس يصدم نجم الهلال قبل مواجهة الخليج,2025-04-16 00:00:00
إجابة حاسمة من خبير حول ركلة جزاء آرسنال أمام الريال,2025-04-16 00:00:00
يويفا يبرر إلغاء ركلة جزاء ريال مدريد ضد آرسنال,2025-04-16 00:00:00
إسباجي: الفوز هدفنا الوحيد أمام الشمال,2025-04-16 00:00:00
الفيصلي يتعاقد مع أيهم الخالدي,2025-04-16 00:00:00
الزمالك يتحرك ضد زيزو بخطوة جديدة,2025-04-16 00:00:00
"أبطال أوروباقبل لقاء أرسنال.. ريال مدريد يوجه رسالة ""الريمونتادا"" بفيديو2183 مشاهدة",2025-04-16 11:35:56
دوري إنجليزيرغم تجديد العقد.. نجم إنجليزي يحذر من تراجع مستوى محمد صلاح2237 مشاهدة,2025-04-16 11:35:56
"أبطال أوروبابرشلونة وباريس سان جرمان ينجوان من ""انتفاضة أصحاب الأرض""2815 مشاهدة",2025-04-16 11:35:56
دوري إنجليزيمدرب مانشستر يونايتد يكشف أسباب استبعاد أونانا4736 مشاهدة,2025-04-16 11:35:56
دوري مصريالزمالك يستبعد ناصر ماهر.. وتوصية بخصم ربع مستحقاته7426 مشاهدة,2025-04-16 11:35:56
دوري إنجليزيفان دايك يتحدث عن مستقبله مع ليفربول.. وصلاح يعلّق9907 مشاهدة,2025-04-16 11:35:56
رياضةالفيفا يستعين بـ12 حكما عربيا في مونديال الأندية10641 مشاهدة,2025-04-16 11:35:56
"طرائف وغرائب""النشيد الخاطئ"" يسبب ارتباكا في مباراة بدوري أبطال أوروباlقبل 14 ساعة",2025-04-16 11:35:55
شاهد نتيجة وملخص مباراة برشلونة ضد دورتموند في ربع نهائي دوري أبطال أوروبا,2025-04-16 11:35:55
موعد مباراة ريال مدريد ضد أرسنال في دوري أبطال أوروبا والقنوات الناقلة,2025-04-16 11:35:55
دوري إسبانيريال مدريد يفقد جهود مبابي أمام بلباو بسبب الإيقاف,2025-04-16 11:35:55
"أبطال أوروباأبطال أوروبابرشلونة وباريس سان جرمان ينجوان من ""انتفاضة أصحاب الأرض""",2025-04-16 11:35:55
"أبطال أوروباقبل لقاء أرسنال.. ريال مدريد يوجه رسالة ""الريمونتادا"" بفيديوlقبل 20 ساعة",2025-04-16 11:35:55
دوري إنجليزيرغم تجديد العقد.. نجم إنجليزي يحذر من تراجع مستوى محمد صلاحlقبل 23 ساعة,2025-04-16 11:35:55
رياضةالفيفا يستعين بـ12 حكما عربيا في مونديال الأنديةl15 أبريل 2025,2025-04-16 11:35:55
"دوري إنجليزي""يشم رائحة الأهداف"".. غوارديولا يثني على انطلاقة مرموش19972 مشاهدة",2025-04-16 11:35:55
الرباط الصليبي ينهي موسم نجمة مانشستر سيتي,2025-04-16 00:00:00
ثنائية راؤول تقود سييارا للفوز على فاسكو دا جاما,2025-04-16 00:00:00
عطيف: الاتحاد أقرب للدوري.. والهلال أمام تحد صعب,2025-04-16 00:00:00
كروز أزول يقلب تأخره إلى فوز على ليون,2025-04-16 00:00:00
كوندي: نشعر وكأننا لم نتأهل.. وافتقدنا 5 أشياء ضد دورتموند,2025-04-16 00:00:00
باتشو ثالث إكوادوري يبلغ نصف نهائي دوري أبطال أوروبا,2025-04-16 00:00:00
نجم النصر السابق يقتحم أزمة الرويلي بشهادة مفاجئة,2025-04-16 00:00:00
ابنة مارادونا: الأطباء خدعونا بأبشع الطرق,2025-04-16 00:00:00
أوراوا يفشل في استعادة صدارة الدوري الياباني للسيدات,2025-04-16 00:00:00
قاهر الكبار.. أوباميانج سلاح فتاك يهدد النصر,2025-04-16 00:00:00
كان في صراع مع الزمالك..وفاة بوبيندزا في ظروف غامضة,2025-04-16 00:00:00
دي يونج: يصعب شرح سبب خسارتنا أمام دورتموند,2025-04-16 00:00:00
تحديد موعد نهائي كأس رئيس الإمارات,2025-04-16 00:00:00
أتلتيكو مدريد ينافس كبار السعودية على خطف نجم من البريميرليج,2025-04-16 00:00:00
ليفاندوفسكي: سهلنا مهمة دورتموند.. ولا يمكن اللعب بهذا الشكل!,2025-04-16 00:00:00
جدول مباريات نصف نهائي دوري أبطال أوروبا 2024-2025 .. والقنوات الناقلة,2025-04-16 00:00:00
دفعة ثنائية لأهلي جدة في مباراة الفيحاء,2025-04-16 00:00:00
موعد مباراة الاتحاد والفتح في دوري روشن السعودي 2024-25.. والقنوات الناقلة,2025-04-16 00:00:00
رسميا.. مواعيد الجولات المتبقية في دوري وكأس تونس,2025-04-16 00:00:00
الهلال يستعيد 3 أسلحة نارية ضد الخليج,2025-04-16 00:00:00
فليك: تأهلنا بعدالة.. والكل يعترف بنا,2025-04-16 00:00:00
"دراج ""الإمارات"" يفوز بالمرحلة الافتتاحية لطواف جيرو دي أبروتسو",2025-04-16 00:00:00
«جيب الدوري يا الاتحاد»,2025-04-16 00:00:00
بالصور.. نجم النصر يعيد رونالدو 18 عاما للخلف,2025-04-16 00:00:00
لاوتارو يتحدى كين في التشكيل المتوقع لقمة إنتر وبايرن,2025-04-16 00:00:00
ثنائية إنقاذ.. كوري وباتلر يحسمان تأهل ووريرز للأدوار النهائية,2025-04-16 00:00:00
دارت عن سقطة بطولة روان: أنا نادمة,2025-04-16 00:00:00
موعد مباراة الهلال والخليج في دوري روشن السعودي 2024-25.. والقنوات الناقلة,2025-04-16 00:00:00
قمة ملتهبة بين الوحدات والحسين.. وصراع الهبوط يزداد اشتعالا,2025-04-16 00:00:00
مبابي وساكا ضمن التشكيل المتوقع لقمة الريال وآرسنال,2025-04-16 00:00:00
استقبال عدائي لمارتينيز من جماهير باريس سان جيرمان,2025-04-15 23:49:29
يانكوبا مينته من حياة الفقر في غامبيا إلى نجومية البريميرليغ,2025-04-15 23:49:29
موعد مباراة إنتر ميلان ضد بايرن ميونخ في دوري أبطال أوروبا والقنوات الناقلة,2025-04-15 23:49:29
الكشف عن عقوبة مبابي هداف ريال مدريد,2025-04-15 23:49:29
شاهد نتيجة وملخص مباراة برشلونة ضد دورتموند بربع نهائي دوري أبطال أوروبا,2025-04-15 23:49:29
نتيجة وملخص مباراة المغرب ضد كوت ديفوار في نصف نهائي كأس أفريقيا للناشئين,2025-04-15 23:49:29
موعد مباراة ريال مدريد ضد أرسنال الحاسمة بدوري أبطال أوروبا والقنوات الناقلة,2025-04-15 23:49:29
نتيجة وملخص مباراة أستون فيلا ضد باريس سان جيرمان بدوري أبطال أوروبا,2025-04-15 23:49:29
الاتحاد العراقي يفسخ عقد كاساس مدرب المنتخب,2025-04-15 23:49:29
هل يتأهل ريال مدريد لنصف نهائي دوري أبطال أوروبا؟ الذكاء الاصطناعي يجيب,2025-04-15 23:49:29
"""كل شيء ممكن"".. رسالة ريال مدريد إلى جماهيره ولاعبيه قبل مواجهة أرسنال",2025-04-15 23:49:29
إحصائية مذهلة لأرسنال تقلق ريال مدريد في إياب ربع نهائي الأبطال,2025-04-15 23:49:29
ميسي يرفع الحضور الجماهيري لأرقام قياسية بالدوري الأميركي,2025-04-15 23:49:29
يشمل البروكلي والكشري.. أسرار النظام الغذائي لمحمد صلاح,2025-04-15 23:49:29
أوسكار.. لاعب برازيلي اختار المال على المجد الكروي,2025-04-15 23:49:29
"أبطال أوروبابرشلونة وباريس سان جرمان ينجوان من ""انتفاضة أصحاب الأرض""",2025-04-15 23:49:29
"طرائف وغرائبطرائف وغرائب""النشيد الخاطئ"" يسبب ارتباكا في مباراة بدوري أبطال أوروبا",2025-04-15 23:49:29
"أبطال أوروباقبل لقاء أرسنال.. ريال مدريد يوجه رسالة ""الريمونتادا"" بفيديوlقبل 9 ساعات",2025-04-15 23:49:29
دوري إنجليزيرغم تجديد العقد.. نجم إنجليزي يحذر من تراجع مستوى محمد صلاحlقبل 11 ساعة,2025-04-15 23:49:29
رياضةالفيفا يستعين بـ12 حكما عربيا في مونديال الأنديةlقبل 20 ساعة,2025-04-15 23:49:29
"دوري إنجليزي""يشم رائحة الأهداف"".. غوارديولا يثني على انطلاقة مرموشl14 أبريل 2025",2025-04-15 23:49:29
دوري إنجليزيمدرب مانشستر يونايتد يكشف أسباب استبعاد أوناناl14 أبريل 2025,2025-04-15 23:49:29
دوري مصريالزمالك يستبعد ناصر ماهر.. وتوصية بخصم ربع مستحقاتهl14 أبريل 2025,2025-04-15 23:49:29
فان دايك يتحدث عن مستقبله مع ليفربول.. وصلاح يعلّقسجل المدافع الهولندي فيرجيل فان دايك هدفا جعل ليفربول أكثر قربا من التتويج بلقب الدوري الإنجليزي لكرة القدم، وأكد مجددا حبه للنادي مع دخوله في الأسابيع الأخيرة في عقده مع الفريق.,2025-04-15 23:49:29
الريال أم آرسنال؟ حكيمي يهرب من السؤال الشائك,2025-04-15 00:00:00
شطي وبوسنينة يمثلان منتخب تونس,2025-04-15 00:00:00
بالصور.. باريس ينجو من ريمونتادا فيلا في مباراة جنونية,2025-04-15 00:00:00
كفاراتسخيليا: ما حدث أمام أستون فيلا يصعب تفسيره,2025-04-15 00:00:00
غدا.. انطلاق كأس العالم للجمباز الفني في الدوحة,2025-04-15 00:00:00
أراوخو: برشلونة يستحق التأهل بعد معاناة 6 سنوات,2025-04-15 00:00:00
فليك: حققت إنجازا لا يصدق,2025-04-15 00:00:00
الأفضل.. إنريكي يتحدى عمالقة أوروبا بتصريح مثير,2025-04-15 00:00:00
ميدو: لم نتفاوض مع محمد شريف,2025-04-15 00:00:00
نجم بارز.. ماركينيوس يشيد بدور زميله في إنقاذ باريس,2025-04-15 00:00:00
جروس: تحلينا بالشجاعة أمام برشلونة,2025-04-15 00:00:00
صدام ريال مدريد وآرسنال يؤثر على مستقبل جيسوس,2025-04-15 00:00:00
سبب استبعاد الونش من قائمة مباراة سموحة,2025-04-15 00:00:00
فيتينيا: وضعنا أنفسنا في موقف صعب أمام أستون فيلا,2025-04-15 00:00:00
بالصور.. تسريب قميص الهلال في مونديال الأندية,2025-04-15 00:00:00
فرمين: لم نكن في أفضل أيامنا ضد دورتموند,2025-04-15 00:00:00
جافي: حققنا إنجازا كبيرا بعد 6 سنوات,2025-04-15 00:00:00
مولودية الجزائر مهاجما غربال: مستواه لا يعكس اختياره لمونديال الأندية,2025-04-15 00:00:00
بالأرقام: باريس يغرق في إنجلترا.. وراشفورد ملك الهدايا,2025-04-15 00:00:00
ديمبلي موبخا لاعبي باريس: خذلنا أنفسنا,2025-04-15 00:00:00
شباب بلوزداد إلى نهائي كأس الجزائر,2025-04-15 00:00:00
نقطة تحول.. بن سبعيني يقتل عودة دورتموند أمام برشلونة,2025-04-15 00:00:00
فليك: بايرن أم إنتر؟ سأكتفي بالمشاهدة,2025-04-15 00:00:00
المغرب يطيح بكوت ديفوار ويتأهل إلى نهائي أمام أفريقيا للناشئين,2025-04-15 00:00:00
بعد 5 مواسم.. برشلونة يعود لمحطة مؤلمة في أبطال أوروبا,2025-04-15 00:00:00
مهمة الثأر وصراع المقدمة.. النصر والقادسية على صفيح ساخن,2025-04-15 00:00:00
تحليل.. دورتموند يباغت برشلونة بسلاح فليك في الريمونتادا المنقوصة,2025-04-15 00:00:00
دونيس يتناسى فوزه التاريخي على الهلال,2025-04-15 00:00:00
هداف الأبطال.. جيراسي يكتب التاريخ من بوابة برشلونة,2025-04-15 00:00:00
بالصور.. ماني يخطف الأنظار بدور جديد في النصر,2025-04-15 00:00:00
دوري مصريببيان عاجل يكشف الكواليس.. الزمالك يعلن رحيل زيزو8553 مشاهدة,2025-04-13 22:14:29
دوري إنجليزيفيديو.. محمد صلاح يكشف أسباب تجديد عقده مع ليفربول8737 مشاهدة,2025-04-13 22:14:29
"دوري مصرينادٍ مصري يدرس الانسحاب من الدوري.. ""طفح الكيل""13775 مشاهدة",2025-04-13 22:14:29
أخبار مصربيان من لجنة الاستئناف بشأن مصير قمة الأهلي والزمالك13828 مشاهدة,2025-04-13 22:14:29
"دوري إنجليزيبالأرقام.. لماذا نصب محمد صلاح نفسه ""ملكا لليفربول""؟13989 مشاهدة",2025-04-13 22:14:29
"رياضةمقترح رسمي بإقامة مونديال 2030 بـ""عدد ضخم"" من المنتخبات16670 مشاهدة",2025-04-13 22:14:29
دوري إنجليزيأعلى أجر في تاريخ ليفربول.. الكشف عن راتب محمد صلاح24450 مشاهدة,2025-04-13 22:14:29
"دوري إنجليزيمحمد صلاح يمدد عقده رسميا مع ليفربول.. ""القصة مستمرة""25897 مشاهدة",2025-04-13 22:14:29
دوري مصريوفاة إبراهيم شيكا لاعب الزمالك السابقl12 أبريل 2025,2025-04-13 22:14:28
دوري مصريالأهلي يفرض التعادل على بيراميدز في قمة الدوري المصريl13 أبريل 2025,2025-04-13 22:14:28
الدوري التونسي يدخل مربع الفوضى والأزمات بسبب اعتراضات الأندية,2025-04-13 22:14:27
نتيجة وملخص مباراة ريال مدريد ضد ألافيس في الدوري الإسباني 2024-2025,2025-04-13 22:14:27
هل استحق ليغانيس ركلة جزاء أمام برشلونة؟,2025-04-13 22:14:27
أجمل 10 أهداف من ركلات حرة بالتاريخ.. بينها ركلة رايس في ريال مدريد,2025-04-13 22:14:27
بالصور: روما يفرض التعادل على نسور لاتسيو,2025-04-13 00:00:00
أبو عمارة يقود الفيصلي للفوز على الجزيرة,2025-04-13 00:00:00
كامافينجا: سنفوز على آرسنال,2025-04-13 00:00:00
بالصور: فنربخشه ينتصر بثلاثية ويشدد الخناق على جالطة سراي,2025-04-13 00:00:00
فياريال يعود للانتصارات على حساب ريال بيتيس,2025-04-13 00:00:00
الأهلي يحدد رئيس بعثة جنوب أفريقيا.. ورسالة من الخطيب,2025-04-13 00:00:00
مدرب ألافيس: نشعر بغصة بعد فوز الريال,2025-04-13 00:00:00
الزمالك يعبر حرس الحدود ويضغط على بيراميدز والأهلي,2025-04-13 00:00:00
ليون يعزز آماله الأوروبية في أرض أوكسير,2025-04-13 00:00:00
قرارات معروف تفجر غضب لاعبي الحدود,2025-04-13 00:00:00
بيسيرو يفسر تغيير مركزي ثنائي الزمالك.. ويتحدى بيراميدز والأهلي,2025-04-13 00:00:00
الليتواني أليكنا يحطم رقمه القياسي في رمي القرص,2025-04-13 00:00:00
بعد نهاية قصة صلاح.. الهلال يحاول استقطاب ثنائي البريميرليج,2025-04-13 00:00:00
رسالة خاصة من كانسيلو بعد عودته لتدريبات الهلال,2025-04-13 00:00:00
وزارة الرياضة تعلق على خطاب الأولمبية الدولية,2025-04-13 00:00:00
سيبايوس: نحتاج جماهيرنا لقهر آرسنال,2025-04-13 00:00:00
الزمالك يوقف ناصر ماهر.. وتوصية بخصم 25% من مستحقاته,2025-04-13 00:00:00
هل ينضم بوجبا إلى اتحاد جدة؟.. كووورة يوضح,2025-04-13 00:00:00
دهيليس: الجهراء قادر على العودة للدوري الممتاز,2025-04-13 00:00:00
ماجشرزاك ينتزع لقب بطولة مدريد,2025-04-13 00:00:00
ناصر منسي يشعل صراعا خاصا مع إمام عاشور,2025-04-13 00:00:00
الفيصل الزبير ثالث فئة الكأس الذهبية بتحدي جي تي العالمي,2025-04-13 00:00:00
السنيدي أفضل لاعب في جولة الدوري العماني,2025-04-13 00:00:00
ثنائي الزمالك يغيب عن مباراة المصري,2025-04-13 00:00:00
جروسو يعيد ساسولو للدوري الإيطالي,2025-04-13 00:00:00
الجيش يحصن وصافة الدوري المغربي,2025-04-13 00:00:00
بنفيكا يهدر فرصة استعادة الصدارة بالتعادل مع أروكا,2025-04-13 00:00:00
الإمارات تخسر أمام أوزبكستان وتودع كأس آسيا للناشئين,2025-04-13 00:00:00
دي بروين: أنا شخص تنافسي.. ولا أحب الخسارة,2025-04-13 00:00:00
مارك ماركيز يحسم سباق قطر.. ويبتعد بالصدارة,2025-04-13 00:00:00
مدرب إشبيلية سادس ضحايا موسم الليجا,2025-04-13 00:00:00
مباشر مباراة ريال مدريد ضد ألافيس (0-0) في الدوري الإسباني.. لحظة بلحظة,2025-04-13 13:48:38
أسباب رفض صلاح نصف مليار يورو وتجديد عقده مع ليفربول,2025-04-13 13:48:38
ميسي يقترب من تمديد عقده مع إنتر ميامي,2025-04-13 13:48:38
إعادة بناء واهتمام سعودي.. يونايتد يحدد سعر نجميه,2025-04-13 00:00:00
دوري مصريببيان عاجل يكشف الكواليس.. الزمالك يعلن رحيل زيزو8430 مشاهدة,2025-04-13 13:39:58
"دوري إنجليزيمحمد صلاح يمدد عقده رسميا مع ليفربول.. ""القصة مستمرة""25820 مشاهدة",2025-04-13 13:39:58
دوري إسبانيبالنيران الصديقة.. برشلونة يقطع خطوة أخرى نحو لقب الدوري,2025-04-13 13:39:58
"رياضةرياضة""الرئيس"".. وفاة نجم نيجيري قاد ""النسور"" لأول لقب إفريقي",2025-04-13 13:39:58
دوري مصريوفاة إبراهيم شيكا لاعب الزمالك السابقlقبل 20 ساعة,2025-04-13 13:39:58
دوري إنجليزيأعلى أجر في تاريخ ليفربول.. الكشف عن راتب محمد صلاحl12 أبريل 2025,2025-04-13 13:39:58
"الفيفاالفيفا يطرح تذاكر إضافية ""رخيصة"" لمونديال الأنديةl12 أبريل 2025",2025-04-13 13:39:58
دوري مصريالأهلي يفرض التعادل على بيراميدز في قمة الدوري المصريlقبل 17 ساعة,2025-04-13 13:39:58
دوري إنجليزيأعلى أجر في تاريخ ليفربول.. الكشف عن راتب محمد صلاح22000 مشاهدة,2025-04-13 13:39:58
"رياضةمقترح رسمي بإقامة مونديال 2030 بـ""عدد ضخم"" من المنتخبات16467 مشاهدة",2025-04-13 13:39:58
أخبار مصربيان من لجنة الاستئناف بشأن مصير قمة الأهلي والزمالك13755 مشاهدة,2025-04-13 13:39:58
"دوري إنجليزيبالأرقام.. لماذا نصب محمد صلاح نفسه ""ملكا لليفربول""؟13555 مشاهدة",2025-04-13 13:39:58
"دوري مصرينادٍ مصري يدرس الانسحاب من الدوري.. ""طفح الكيل""13555 مشاهدة",2025-04-13 13:39:58
دوري إنجليزيفيديو.. محمد صلاح يكشف أسباب تجديد عقده مع ليفربول8542 مشاهدة,2025-04-13 13:39:58
نتيجة وملخص مباراة برشلونة ضد ليغانيس في الدوري الإسباني,2025-04-13 13:39:56
موعد مباراة دورتموند ضد برشلونة بربع نهائي دوري أبطال أوروبا والقنوات الناقلة,2025-04-13 13:39:56
تعثر أرسنال يقرب ليفربول من التتويج بلقب الدوري الإنجليزي,2025-04-13 13:39:56
أشهر 10 رياضيين اعتنقوا الإسلام,2025-04-13 13:39:56
استغناءات بالجملة وصيف مرتقب للاعبي ريال مدريد ينبئ بتجديد الدماء,2025-04-13 13:39:56
أعاد ذكريات نادال.. ألكاراز بطلًا لمونت كارلو,2025-04-13 00:00:00
الشمراني: دوران مستهتر.. وعليه مراجعة نفسه,2025-04-13 00:00:00
ديربي روما.. رانييري يبحث عن المجد في الظهور الأخير,2025-04-13 00:00:00
رئيس الانضباط السابق: بإمكان الهلال شكوى جيسوس للفيفا,2025-04-13 00:00:00
نيمار يبشر جماهير سانتوس,2025-04-13 00:00:00
فينيسيوس وبيلينجهام على مقاعد بدلاء الريال أمام ألافيس,2025-04-13 00:00:00
رغم الاستغراب.. نجم ليفربول صفقة محتملة لريال مدريد,2025-04-13 00:00:00
الرباط الصليبي ينهي موسم موهوبة ليفربول,2025-04-13 00:00:00
الأولمبية الدولية تقتحم أزمة تعديلات قانون الرياضة,2025-04-13 00:00:00
ليون يوجه ضربة مؤلمة لماتيتش,2025-04-13 00:00:00
تغييرات في تشكيل ليفربول لمواجهة وست هام,2025-04-13 00:00:00
فوز ثمين لسيدات يوفنتوس على روما,2025-04-13 00:00:00
برشلونة يخسر نجمه في الكلاسيكو,2025-04-13 00:00:00
بالمر يعود لتشكيل تشيلسي أمام إبسويتش,2025-04-13 00:00:00
تراوي مدربا لشباب تونس في أمم أفريقيا,2025-04-13 00:00:00
بنزيما يحاول إقناع بوجبا باتحاد جدة,2025-04-13 00:00:00
شقيق سالم الدوسري: مباراة الهلال والاتفاق شهدت مصائب!,2025-04-13 00:00:00
رابيو: إذا تحدثت سأقول كلاما مجنونا,2025-04-13 00:00:00
سيبقى في المنزل.. أموريم يستبعد أونانا من موقعة نيوكاسل,2025-04-13 00:00:00
50% تدعم الريال لتحقيق المعجزة أمام آرسنال,2025-04-13 00:00:00
إشبيلية يطيح بمدربه,2025-04-13 00:00:00
قائد منتخب عمان للكرة الشاطئية يعود,2025-04-13 00:00:00
90 مليونا.. الاتحاد يصارع قطبي الرياض على صفقة كبرى,2025-04-13 00:00:00
طاقم عماني لإياب نهائي دوري أبطال الخليج,2025-04-13 00:00:00
"تحدٍ كبير ينتظر ""مفاجأة فليك"" قبل الكلاسيكو",2025-04-13 00:00:00
طاقم إيطالي يفصل بين دورتموند وبرشلونة,2025-04-13 00:00:00
هل يخوض لياو حربًا مع رونالدو في السعودية؟,2025-04-13 00:00:00
يوسف خميس: الهلال استنزف النصر.. ودوران حرر كريستيانو,2025-04-13 00:00:00
إنزاجي يرجئ مفاوضات الهلال.. وحالة واحدة تدفعه للموافقة,2025-04-13 00:00:00
موعد مباراة المغرب ضد ساحل العاج بنصف نهائي كأس أفريقيا للناشئين والقنوات الناقلة,2025-04-12 21:55:24
مباشر.. مباراة برشلونة ضد ليغانيس 1-0 في الدوري الإسباني,2025-04-12 21:55:24
أنشيلوتي يرد على أنباء رحيله عن ريال مدريد ويقر بأفضلية أرسنال,2025-04-12 21:55:24
شاهد نتيجة وملخص مباراة النصر ضد الرياض في دوري روشن السعودي,2025-04-12 21:55:24
موعد استئناف الدوري السوري لكرة القدم,2025-04-12 21:55:24
بالفيديو.. دي بروين ومرموش يقودان مانشستر سيتي لريمونتادا ضد بالاس,2025-04-12 21:55:24
هل ينهي الذكاء الاصطناعي أزمات التحكيم في الدوري الإسباني؟,2025-04-12 21:55:24
ميامي هيت يصنع التاريخ في دوري كرة السلة الأميركي للمحترفين,2025-04-12 21:55:24
موعد مباراة ريال مدريد وألافيس في الدوري الإسباني والقنوات الناقلة,2025-04-12 21:55:24
وفاة إبراهيم شيكا لاعب الزمالك السابق بعد صراع مع السرطان,2025-04-12 21:55:24
صلوات ودعوات وفقدان الوعي.. إصابة خطيرة لمينيان حارس مرمى ميلان,2025-04-12 21:55:24
"أرقام كارثية لفينيسيوس لاعب ريال مدريد منذ إعلان ""تحديه"" عالم كرة القدم",2025-04-12 21:55:24
نصف نهائي كأس أمم أفريقيا للناشئين.. المغرب ممثل العرب الوحيد,2025-04-12 21:55:24
موعد مباراة برشلونة ضد ليغانيس في الدوري الإسباني والقنوات الناقلة,2025-04-12 21:55:24
دوري إنجليزيفيديو.. محمد صلاح يكشف أسباب تجديد عقده مع ليفربول7468 مشاهدة,2025-04-12 21:52:24
"دوري إنجليزيمحمد صلاح يمدد عقده رسميا مع ليفربول.. ""القصة مستمرة""l11 أبريل 2025",2025-04-12 21:52:24
دوري مصريدوري مصريوفاة إبراهيم شيكا لاعب الزمالك السابق,2025-04-12 21:52:24
دوري إنجليزيأعلى أجر في تاريخ ليفربول.. الكشف عن راتب محمد صلاحlقبل 14 ساعة,2025-04-12 21:52:24
"الفيفاالفيفا يطرح تذاكر إضافية ""رخيصة"" لمونديال الأنديةlقبل 22 ساعة",2025-04-12 21:52:24
"دوري مصريبعد ""صدمة زيزو"".. الزمالك يجدد للونش حتى 2028l12 أبريل 2025",2025-04-12 21:52:24
"دوري إنجليزيبالأرقام.. لماذا نصب محمد صلاح نفسه ""ملكا لليفربول""؟l11 أبريل 2025",2025-04-12 21:52:24
دوري إنجليزيفيديو.. محمد صلاح يكشف أسباب تجديد عقده مع ليفربولl11 أبريل 2025,2025-04-12 21:52:24
"دوري إنجليزيمحمد صلاح يمدد عقده رسميا مع ليفربول.. ""القصة مستمرة""23632 مشاهدة",2025-04-12 21:52:24
"رياضةمقترح رسمي بإقامة مونديال 2030 بـ""عدد ضخم"" من المنتخبات14571 مشاهدة",2025-04-12 21:52:24
أخبار مصربيان من لجنة الاستئناف بشأن مصير قمة الأهلي والزمالك13150 مشاهدة,2025-04-12 21:52:24
"دوري مصرينادٍ مصري يدرس الانسحاب من الدوري.. ""طفح الكيل""11649 مشاهدة",2025-04-12 21:52:24
"دوري إنجليزيبالأرقام.. لماذا نصب محمد صلاح نفسه ""ملكا لليفربول""؟10246 مشاهدة",2025-04-12 21:52:24
كرة قدم أوروبيةاستقبال عدائي لمارتينيز من جماهير باريس سان جيرمان7898 مشاهدة,2025-04-12 21:52:24
دوري مصريببيان عاجل يكشف الكواليس.. الزمالك يعلن رحيل زيزو7588 مشاهدة,2025-04-12 21:52:24
دوري مصريالأهلي يفرض التعادل على بيراميدز في قمة الدوري المصري,2025-04-12 21:52:24
مدرب إشبيلية: لا نزال أحياء في الليجا,2025-04-12 00:00:00
أول تحرك من زيزو ضد الزمالك,2025-04-12 00:00:00
سيناريوهات مختلفة تحيط بمستقبل ميسي,2025-04-11 00:00:00
فابريزيو رومانو: رونالدو لا يريد مزاملة ميسي,2025-04-11 00:00:00
طرح تذاكر إضافية لمباريات مونديال الأندية,2025-04-11 00:00:00
المنتخب الأمريكي للسيدات يواجه جامايكا بدلا من الصين,2025-04-11 00:00:00
أمريكا تستهل الكأس الذهبية بلقاء ترينيداد وتوباجو,2025-04-11 00:00:00
مدرب المكناسي: الفوز على آسفي أبعدنا عن خطر الهبوط,2025-04-11 00:00:00
مدرب آسفي: لن نتأثر بالهزيمة من المكناسي,2025-04-11 00:00:00
يوسف أيمن: ننتظر هدية من السد,2025-04-11 00:00:00
هل تعمد ميتروفيتش السخرية من جيسوس؟,2025-04-11 00:00:00
"طنوس: هذا الثنائي الأفضل بالدوري.. وطموح السلط ""المربع الذهبي""",2025-04-11 00:00:00
طاجيكستان وكوريا الشمالية تبلغان مونديال الناشئين,2025-04-11 00:00:00
خطة مدريدية مزدوجة لاستغلال وضع برشلونة,2025-04-11 00:00:00
كاكو يقود إنتر نواكشوط للفوز على الأمن المدني,2025-04-11 00:00:00
بيولي يرسم ملامح خطة النصر لمواجهة الرياض,2025-04-11 00:00:00
سلة الحكمة تتخطى عمان في بطولة وصل,2025-04-11 00:00:00
سيلفا يقود جيماريش للفوز على جل فيسنتي,2025-04-11 00:00:00
دي لافوينتي يفتح باب ريمونتادا الريال أمام آرسنال,2025-04-11 00:00:00
الشهري: التعادل مع الهلال جيد.. ولا أفكر في عقدي,2025-04-11 00:00:00
إنذار خاطئ.. كيف فجر تشيزني قلق برشلونة؟,2025-04-11 00:00:00
المدينة يحبط الملعب الليبي بعشرة لاعبين,2025-04-11 00:00:00
أبطال الخليج.. عمان تتربع على عرش ألعاب مسقط 2025,2025-04-11 00:00:00
فالنسيا يسقط أشبيلية ويواصل انتصاراته بالليجا,2025-04-11 00:00:00
ثنائية يابانية تنصر ريمس على لانس,2025-04-11 00:00:00
الدعيع: أراهن على فوز الهلال أمام الريال وبرشلونة,2025-04-11 00:00:00
منتخب تونس يودع أمم أفريقيا للناشئين,2025-04-11 00:00:00
أبو ريدة يتواصل مع موتسيبي بسبب أزمة الأهلي وبيراميدز,2025-04-11 00:00:00
نهضة الزمامرة يهزم شباب السوالم في عقر داره,2025-04-11 00:00:00
"كرة قدم أوروبيةقضية وفاة مارادونا.. ""شهادة طبيب"" تفجر مفاجأة6222 مشاهدة",2025-04-11 12:51:00
"أبطال أوروباأنشيلوتي يعلق على هزيمة الريال ""القاسية"" أمام أرسنال7028 مشاهدة",2025-04-11 12:51:00
كرة قدم أوروبيةاستقبال عدائي لمارتينيز من جماهير باريس سان جيرمان7147 مشاهدة,2025-04-11 12:51:00
رياضةصورة.. الأرجنتيني مارتينيز يواصل استفزاز الجماهير الفرنسية7640 مشاهدة,2025-04-11 12:51:00
"أخبار مصرالزمالك يستبعد زيزو بعد ""التأكد"" من توقيعه للأهلي8907 مشاهدة",2025-04-11 12:51:00
أخبار مصرالأهلي وبيراميدز يتأهلان إلى المربع الذهبي الإفريقي12591 مشاهدة,2025-04-11 12:51:00
أخبار مصربعد منشور زيزو .. مصادر تؤكد الصفقة مع الأهلي12814 مشاهدة,2025-04-11 12:51:00
رياضةبيان عاجل من زيزو بعد جدل التوقيع للأهلي26961 مشاهدة,2025-04-11 12:51:00
دوري مصريببيان عاجل يكشف الكواليس.. الزمالك يعلن رحيل زيزوlقبل 6 ساعات,2025-04-11 12:50:59
دوري إنجليزيفيديو.. محمد صلاح يكشف أسباب تجديد عقده مع ليفربول,2025-04-11 12:50:59
"دوري إنجليزيدوري إنجليزيمحمد صلاح يمدد عقده رسميا مع ليفربول.. ""القصة مستمرة""",2025-04-11 12:50:59
"دوري مصرينادٍ مصري يدرس الانسحاب من الدوري.. ""طفح الكيل""lقبل 4 ساعات",2025-04-11 12:50:59
"رياضةمقترح رسمي بإقامة مونديال 2030 بـ""عدد ضخم"" من المنتخباتlقبل 10 ساعات",2025-04-11 12:50:59
أخبار مصربيان من لجنة الاستئناف بشأن مصير قمة الأهلي والزمالكlقبل 15 ساعة,2025-04-11 12:50:59
نافذة مغاربيةديربي بدون جمهور؟.. جماهير الوداد والرجاء تقاطع لقاء القمةlقبل 15 ساعة,2025-04-11 12:50:59
"رياضةقبل مواجهة يوكاهاما.. ""هدية خاصة"" من المهيدب لجمهور النصرl10 أبريل 2025",2025-04-11 12:50:59
"دوري إنجليزيمحمد صلاح يمدد عقده رسميا مع ليفربول.. ""القصة مستمرة""lقبل 4 ساعات",2025-04-11 12:50:59
نتيجة وملخص مباراة الاتحاد ضد العروبة في الدوري السعودي,2025-04-11 12:50:58
"لامين جمال يطلب استبداله أمام دورتموند لإشراك زميله ""المنبوذ""",2025-04-11 12:50:58
نتيجة وملخص مباراة المغرب ضد جنوب أفريقيا في كأس أمم أفريقيا للناشئين,2025-04-11 12:50:57
تسجيل صوتي لبيكيه يبكي أمام القاضي: أستحق تمثالا وليس تحقيقا,2025-04-11 12:50:57
كفاراتسخيليا ينسي جماهير سان جيرمان مبابي بأدائه المذهل في دوري الأبطال,2025-04-11 12:50:57
روجيه فيدرر من أيقونة التنس إلى مهندس الابتكار الرياضي,2025-04-11 12:50:57
أغلى 12 مدافعا بالعالم في 2025,2025-04-11 12:50:57
مدرب خيتافي: لا أفهم ما يحدث لأنشيلوتي!,2025-04-11 00:00:00
بالصور: توهج إدواردز يقود مينيسوتا للتفوق على جريزليس,2025-04-11 00:00:00
رينجرز يكسر سلسلة بيلباو الأوروبية,2025-04-11 00:00:00
المنتشري: بنزيما يمتلك 70% من هجوم الاتحاد,2025-04-11 00:00:00
فالفيردي: بيلباو لم يفقد أي فرصة,2025-04-11 00:00:00
أغلى وأجمل من كرة القدم,2025-04-11 00:00:00
برشلونة يغلق ملف مباراة أوساسونا,2025-04-11 00:00:00
دورتموند يبحث استعادة هوملز,2025-04-11 00:00:00
الشباب يتفوق على النصر في قائمة خاصة.. وغياب الاتحاد والهلال,2025-04-11 00:00:00
فوكينا يواصل رحلة البحث عن اللقب الأول ببلوغ نصف نهائي مونتي كارلو,2025-04-11 00:00:00
زميل بيكنباور يكشف سر حديثهما المشترك عن الموت,2025-04-11 00:00:00
"""الانضباط"" تلزم الصحفي بتعويض اتحاد جدة",2025-04-11 00:00:00
مقاعد الأبطال تشعل مواجهات الدوري الفرنسي في غياب سان جيرمان,2025-04-11 00:00:00
الأهلي مهدد بفقدان الرباعي المحترف أمام صن داونز,2025-04-11 00:00:00
صلاح بعد التجديد: ابنتي مكة سعيدة بالبقاء في ليفربول,2025-04-11 00:00:00
مدرب الوصل: نعرف مدى قوة الوحدة وجودة لاعبيه,2025-04-11 00:00:00
الألعاب الخليجية الشاطئية.. الإمارات ترفع رصيدها إلى 21 ميدالية,2025-04-11 00:00:00
أهلي جدة يطارد إنجازه الغائب منذ 5 أعوام أمام الرائد,2025-04-11 00:00:00
أموريم: لا أستطيع قول شيء مفيد لأونانا,2025-04-11 00:00:00
مدرب العروبة: مستعدون لمواجهة بطل آسيا,2025-04-11 00:00:00
وكيل نجم اتحاد جدة: تلقينا عرضين من إنجلترا,2025-04-11 00:00:00
مدرب البطائح: متفائل بتحقيق نتيجة إيجابية أمام خورفكان,2025-04-11 00:00:00
رئيس العروبة: استعدنا جزءًا من شخصيتنا أمام الاتحاد,2025-04-11 00:00:00
كومباني: لم نفقد الإيمان في دوري الأبطال.. وأتمنى لنجم دورتموند التألق,2025-04-11 00:00:00
سلوت: صلاح فاجأ الجماهير.. والتهديف ليس ميزته الأساسية,2025-04-11 00:00:00
أوليفر كان يوجه انتقادات لإدارة بايرن ميونخ,2025-04-11 00:00:00
بعد تجديد صلاح.. ليفربول المنتشي يسعى للنهوض من عثرته,2025-04-11 00:00:00
فليك يجهز سلاحه المعطل لكلاسيكو الكأس,2025-04-11 00:00:00
قفزة مشروطة.. تفاصيل راتب صلاح الجديد مع ليفربول,2025-04-11 00:00:00
"كاماتشو: آرسنال سيعاني أمام ريال مدريد ""الاستثنائي""",2025-04-11 00:00:00
"أبطال أوروباأنشيلوتي يعلق على هزيمة الريال ""القاسية"" أمام أرسنال4549 مشاهدة",2025-04-11 00:41:49
أخبار مصربيان من لجنة الاستئناف بشأن مصير قمة الأهلي والزمالكlقبل 3 ساعات,2025-04-11 00:41:49
أخبار مصربيان من لجنة الاستئناف بشأن مصير قمة الأهلي والزمالك,2025-04-11 00:41:49
نافذة مغاربيةنافذة مغاربيةديربي بدون جمهور؟.. جماهير الوداد والرجاء تقاطع لقاء القمة,2025-04-11 00:41:49
"رياضةقبل مواجهة يوكاهاما.. ""هدية خاصة"" من المهيدب لجمهور النصرlقبل 13 ساعة",2025-04-11 00:41:49
دوري إسبانيبرشلونة يحقق فوزا عريضا على دورتموند ويقترب من نصف النهائيl10 أبريل 2025,2025-04-11 00:41:49
كرة قدم أوروبيةاستقبال عدائي لمارتينيز من جماهير باريس سان جيرمانl10 أبريل 2025,2025-04-11 00:41:49
"أبطال أوروباأنشيلوتي يعلق على هزيمة الريال ""القاسية"" أمام أرسنالl9 أبريل 2025",2025-04-11 00:41:49
"كرة قدم أوروبيةقضية وفاة مارادونا.. ""شهادة طبيب"" تفجر مفاجأةl9 أبريل 2025",2025-04-11 00:41:49
دوري إنجليزيرغم الشكوك.. أنباء سارة لجماهير ليفربول بشأن محمد صلاحlقبل 22 ساعة,2025-04-11 00:41:49
رياضةبيان عاجل من زيزو بعد جدل التوقيع للأهلي26761 مشاهدة,2025-04-11 00:41:49
أخبار مصربعد منشور زيزو .. مصادر تؤكد الصفقة مع الأهلي12631 مشاهدة,2025-04-11 00:41:49
"أخبار مصرالزمالك يستبعد زيزو بعد ""التأكد"" من توقيعه للأهلي8595 مشاهدة",2025-04-11 00:41:49
رياضةصورة.. الأرجنتيني مارتينيز يواصل استفزاز الجماهير الفرنسية7137 مشاهدة,2025-04-11 00:41:49
"كرة قدم أوروبيةقضية وفاة مارادونا.. ""شهادة طبيب"" تفجر مفاجأة5564 مشاهدة",2025-04-11 00:41:49
أبطال أوروبابثلاثية نظيفة.. أرسنال يصعّب مهمة ريال مدريد في أبطال أوروبا5241 مشاهدة,2025-04-11 00:41:49
أخبار مصرالأهلي وبيراميدز يتأهلان إلى المربع الذهبي الإفريقي12736 مشاهدة,2025-04-11 00:41:49
هل تشارك 7 فرق إنجليزية في دوري أبطال أوروبا الموسم المقبل؟,2025-04-11 00:41:48
تفاصيل ومدة عقد صلاح الجديد مع ليفربول,2025-04-11 00:41:48
تير شتيغن يهاجم ميسي ويكشف الجانب الآخر من شخصيته,2025-04-11 00:41:48
شاهد.. ثنائية ميسي تقود ريمونتادا إنتر ميامي بدوري أبطال الكونكاكاف,2025-04-11 00:41:48
ريال مدريد الفريق الأقل قطعا للمسافات في ربع نهائي دوري الأبطال,2025-04-11 00:41:48
موعد مباراة الاتحاد ضد العروبة في الدوري السعودي والقنوات الناقلة,2025-04-11 00:41:48
مرشح جديد لخلافة أنشيلوتي في تدريب ريال مدريد,2025-04-11 00:41:48
موعد مباراة الهلال ضد الاتفاق في الدوري السعودي والقنوات الناقلة,2025-04-11 00:41:48
نتيجة وملخص مباراة برشلونة ضد دورتموند وسان جيرمان ضد أستون فيلا بدوري الأبطال,2025-04-11 00:41:48
نتيجة وملخص مباراة اتحاد الجزائر ضد الرياضي القسنطيني بالكونفدرالية الأفريقية,2025-04-11 00:41:48
رافينيا يعادل رقم أفضل نسخة من  ميسي بدوري أبطال أوروبا,2025-04-11 00:41:48
موعد مبارة الهلال والاتفاق في دوري روشن السعودي 2024-2025 .. والقنوات الناقلة,2025-04-11 00:00:00
موعد مباراة الأهلي والرائد في دوري روشن السعودي 2024-2025 والقنوات الناقلة,2025-04-11 00:00:00
موعد مباراة برشلونة وليجانيس في الدوري الإسباني 2024-2025 والقنوات الناقلة,2025-04-11 00:00:00
الزمالك يعقد جلسة جديدة مع وكيل الونش,2025-04-10 00:00:00
ببصمته الأولى مع الاتحاد.. هيرنانديز ينتزع رقم ميتاي,2025-04-10 00:00:00
الدوحة تستضيف بطولة يد الهجانة بمشاركة 17 دولة,2025-04-10 00:00:00
الصين تستضيف كأس بيلي كينج,2025-04-10 00:00:00
ميدو: زيزو تهرب من التجديد.. ورمضان صبحي ليس في حساباتنا,2025-04-10 00:00:00
باريس يرفض الاستسلام أمام مبابي,2025-04-10 00:00:00
كونميبول يقترح مشاركة 64 منتخبًا في مونديال 2030,2025-04-10 00:00:00
ديابي: نثق في قدرتنا على الفوز بالدوري,2025-04-10 00:00:00
قائد فرانكفورت: عانينا من السلبية أمام توتنهام,2025-04-10 00:00:00
مدرب تشيلسي: علينا أن نتعلم أساليب لعب مختلفة,2025-04-10 00:00:00
بالصور: تسيتسيباس يحقق فوزًا كاسحًا في مونت كارلو,2025-04-10 00:00:00
كوريا الجنوبية تلدغ اليمن.. وتبلغ مونديال الناشئين,2025-04-10 00:00:00
فابينيو: نعتمد على أنفسنا لتحقيق لقب الدوري السعودي,2025-04-10 00:00:00
الونش يجدد تعاقده مع الزمالك,2025-04-10 00:00:00
دهوك يطلب استضافة السوبر العراقي,2025-04-10 00:00:00
بالصور.. بنزيما يضع مدافع العروبة في موقف محرج,2025-04-10 00:00:00
بالقناع.. النصر يستعيد أحد أسلحته قبل لقاء الرياض,2025-04-10 00:00:00
رقم قياسي جديد لفيرنانديز في اليوروبا ليج,2025-04-10 00:00:00
فيورنتينا يضع قدما في نصف نهائي دوري المؤتمر,2025-04-10 00:00:00
بالصور: توتنهام يتعثر في عرينه أمام فرانكفورت,2025-04-10 00:00:00
مروان الصحفي على رادار أندية أوروبية,2025-04-10 00:00:00
رايكوفيتش مهدد بانتهاء موسمه مع الاتحاد,2025-04-10 00:00:00
الزمالك يستفسر من المصري عن مفاوضات السعيد,2025-04-10 00:00:00
الحبسي: الاتحاد يتفوق على أندية العالم في هذا الجانب,2025-04-10 00:00:00
العبود يكشف سر تألقه مع اتحاد جدة,2025-04-10 00:00:00
فجر المدرجات.. ماذا قدم هيرنانديز في ليلة البصمة الأولى؟,2025-04-10 00:00:00
بالصور: ليون يفسد ريمونتادا مانشستر يونايتد,2025-04-10 00:00:00
"قضية وفاة مارادونا.. ""شهادة طبيب"" تفجر مفاجأة",2025-04-09 22:02:13
مباشر مباراة برشلونة ضد دورتموند 4-0 في ربع نهائي دوري أبطال أوروبا,2025-04-09 22:02:13
استقبال عدائي لمارتينيز من جماهير باريس سان جيرمانلقي إيميليانو مارتينيز، حارس مرمى فريق أستون فيلا الإنجليزي، استقبالا عدائيا - كما كان متوقعا - عند نزوله لأرض الملعب لخوض مباراة ذهاب دور الثمانية لبطولة دوري أبطال أوروبا لكرة القدم أمام باريس سان جيرمان الفرنسي، مساء الأربعاء.,2025-04-09 22:02:13
أبطال أوروبابثلاثية نظيفة.. أرسنال يصعّب مهمة ريال مدريد في أبطال أوروباl9 أبريل 2025,2025-04-09 22:02:13
"كرة قدم أوروبيةقضية وفاة مارادونا.. ""شهادة طبيب"" تفجر مفاجأةlقبل 15 ساعة",2025-04-09 22:02:13
"أبطال أوروباأبطال أوروباأنشيلوتي يعلق على هزيمة الريال ""القاسية"" أمام أرسنال",2025-04-09 22:02:13
كرة قدم أوروبيةاستقبال عدائي لمارتينيز من جماهير باريس سان جيرمان,2025-04-09 22:02:13
مباشر.. مباراة اتحاد الجزائر ضد النادي الرياضي القسنطيني 1-1 بالكونفدرالية الأفريقية,2025-04-09 22:02:13
الأمير ويليام يؤازر أستون فيلا أمام باريس,2025-04-09 00:00:00
"الرياضي يقسو على الحكمة.. ويبتعد بصدارة بطولة ""وصل""",2025-04-09 00:00:00
السعودية تخسر لقاء الصدارة في كأس آسيا للناشئين,2025-04-09 00:00:00
أمير مرتضى: مجلس الزمالك مجموعة من الفشلة والكاذبين,2025-04-09 00:00:00
ميدفيديف ينجو من فخ فرنسي في مونت كارلو للتنس,2025-04-09 00:00:00
دوي يطارد مبابي في قائمة أوروبية استثنائية,2025-04-09 00:00:00
ليفاندوفسكي يصنع التاريخ ب3 ألوان,2025-04-09 00:00:00
القادسية يستعيد 4 لاعبين أمام دهوك,2025-04-09 00:00:00
رافينيا يعادل رقم ميسي في دوري الأبطال,2025-04-09 00:00:00
"أخبار مصرفيديو.. استبعاد زيزو من تدريب الزمالك بسبب ""التوقيع للأهلي""l8 أبريل 2025",2025-04-09 21:25:02
أبطال أوروبابثلاثية نظيفة.. أرسنال يصعّب مهمة ريال مدريد في أبطال أوروباlقبل 23 ساعة,2025-04-09 21:25:02
أخبار مصرالأهلي وبيراميدز يتأهلان إلى المربع الذهبي الإفريقيlقبل 23 ساعة,2025-04-09 21:25:02
رياضةصورة.. الأرجنتيني مارتينيز يواصل استفزاز الجماهير الفرنسيةlقبل 19 ساعة,2025-04-09 21:25:02
مباشر مباراة برشلونة ضد دورتموند 2-0 في ربع نهائي دوري أبطال أوروبا,2025-04-09 21:25:01
رياضة,2025-04-09 21:25:01
مباشر,2025-04-09 21:25:01
عربية,2025-04-09 21:25:01
أوروبية,2025-04-09 21:25:01
عالمية,2025-04-09 21:25:01
أخرى,2025-04-09 21:25:01
مباشر.. مباراة اتحاد الجزائر ضد النادي الرياضي القسنطيني 1-0 بالكونفدرالية الأفريقية,2025-04-09 21:25:01
أورلاندو بيراتس يطيح بمولودية الجزائر من ربع نهائي دوري أبطال أفريقيا,2025-04-09 21:25:01
شاهد.. ستيلينبوش يطيح بالزمالك حامل اللقب من الكونفدرالية الأفريقية,2025-04-09 21:25:01
7 كوارث أوصلت ريال مدريد إلى الانهيار أمام أرسنال,2025-04-09 21:25:01
موعد مباراة المغرب ضد جنوب أفريقيا في كأس أمم أفريقيا للناشئين والقنوات الناقلة,2025-04-09 21:25:01
كوبارسي يكسر رقم كومباني الخالد,2025-04-09 00:00:00
أنباء صادمة لاتحاد جدة بشأن الثنائي المصاب,2025-04-09 00:00:00
الهلال يزيل الغموض عن موقف الدوسري,2025-04-09 00:00:00
أورلاندو يقصي مولودية الجزائر من أبطال أفريقيا,2025-04-09 00:00:00
أورلاندو يقصي مولودية الجزائر من أبطال أفريقيا,2025-04-09 00:00:00
جنوب أفريقيا توجه ضربة جديدة للكرة المصرية,2025-04-09 00:00:00
نجم الزمالك السابق يطالب الإدارة بالرحيل,2025-04-09 00:00:00
دوران يخسر رقمًا مميزًا في دوري أبطال أوروبا,2025-04-09 00:00:00
باريس يحتفل بذكرى استثنائية لإنريكي,2025-04-09 00:00:00
بعد أزمة المنشطات.. إيطاليا تنتظر سينر على أحر من الجمر,2025-04-09 00:00:00
لقاء الصدارة.. أوزبكستان تهزم السعودية في أمم آسيا للناشئين,2025-04-09 00:00:00
جماهير باريس تحاصر مارتينيز بصافرات الاستهجان,2025-04-09 00:00:00
رافينيا يعادل رقما تاريخيا لميسي في دوري الأبطال,2025-04-09 00:00:00
عاشور لكووورة: الأمل موجود في ملاحقة الكويت,2025-04-09 00:00:00
فوز ودي لشابات السعودية على البحرين,2025-04-09 00:00:00
فرانكفورت يخسر جهود حارسه أمام توتنهام,2025-04-09 00:00:00
مانشستر يونايتد يعاقب ضارب جريليش,2025-04-09 00:00:00
الأهلي يتأهل لنصف نهائي كأس السلة,2025-04-09 00:00:00
مرتضى منصور يطالب بمحاكمة لبيب وشيكابالا,2025-04-09 00:00:00
يامال يعزز رقمه التاريخي في دوري الأبطال,2025-04-09 00:00:00
فالفيردي: لن أنخدع بنتائج رينجرز,2025-04-09 00:00:00
"الاتفاق يحارب ""قميص الهلال""",2025-04-09 00:00:00
أرقام صادمة تهدد تجربة بيسيرو مع الزمالك,2025-04-09 00:00:00
بيسيرو: لا نستحق الوداع الأفريقي.. والكل يعلم موقف زيزو,2025-04-09 00:00:00
سترة يكتب التاريخ ويتأهل لنهائي كأس ملك البحرين,2025-04-09 00:00:00
مدرب الشمال: نسعى لتكرار سيناريو مباراة الدحيل أمام الريان,2025-04-09 00:00:00
اتحاد جدة يستعيد لاعبيه بقرار أوروبي,2025-04-09 00:00:00
مدافع رينجرز: مواجهة نيكو ويليامز تحدٍ كبير,2025-04-09 00:00:00
رسميا.. الشحانية يتعاقد مع حمدي النقاز,2025-04-09 00:00:00
رسميا.. تحديد مواجهتي نصف نهائي دوري أبطال أفريقيا,2025-04-09 00:00:00
أبطال أوروبابثلاثية نظيفة.. أرسنال يصعّب مهمة ريال مدريد في أبطال أوروبا3854 مشاهدة,2025-04-09 19:18:32
أخبار مصرالمحكمة الفيدرالية في سويسرا تؤكد تغريم الزمالك38648 مشاهدة,2025-04-09 19:18:32
أخبار مصرالأهلي وبيراميدز يتأهلان إلى المربع الذهبي الإفريقيlقبل 21 ساعة,2025-04-09 19:18:32
أبطال أوروبابثلاثية نظيفة.. أرسنال يصعّب مهمة ريال مدريد في أبطال أوروباlقبل 21 ساعة,2025-04-09 19:18:32
"أخبار مصرفيديو.. استبعاد زيزو من تدريب الزمالك بسبب ""التوقيع للأهلي""lقبل 23 ساعة",2025-04-09 19:18:32
"أخبار مصرالزمالك يستبعد زيزو بعد ""التأكد"" من توقيعه للأهليl8 أبريل 2025",2025-04-09 19:18:32
أخبار مصربعد منشور زيزو .. مصادر تؤكد الصفقة مع الأهليl8 أبريل 2025,2025-04-09 19:18:32
رياضةصورة.. الأرجنتيني مارتينيز يواصل استفزاز الجماهير الفرنسيةlقبل 17 ساعة,2025-04-09 19:18:32
رياضةبيان عاجل من زيزو بعد جدل التوقيع للأهلي21760 مشاهدة,2025-04-09 19:18:32
أبطال أوروباتعرف على أسعار تذاكر نهائي دوري أبطال أوروبا9965 مشاهدة,2025-04-09 19:18:32
أخبار مصرالأهلي وبيراميدز يتأهلان إلى المربع الذهبي الإفريقي8906 مشاهدة,2025-04-09 19:18:32
"أخبار مصرالزمالك يستبعد زيزو بعد ""التأكد"" من توقيعه للأهلي6406 مشاهدة",2025-04-09 19:18:32
رياضةصورة.. الأرجنتيني مارتينيز يواصل استفزاز الجماهير الفرنسية3965 مشاهدة,2025-04-09 19:18:32
أخبار مصربعد منشور زيزو .. مصادر تؤكد الصفقة مع الأهلي10416 مشاهدة,2025-04-09 19:18:32
رونالدينيو يشيد بلامين جمال ويكشف عن أمنيته لنهائي دوري الأبطال,2025-04-09 19:18:31
مباشر مباراة برشلونة ضد دورتموند في ربع نهائي دوري أبطال أوروبا,2025-04-09 19:18:31
مباشر.. مباراة اتحاد الجزائر ضد النادي الرياضي القسنطيني بالكونفدرالية الأفريقية,2025-04-09 19:18:31
أكثر التبديلات تأثيرا وحسما في تاريخ كرة القدم,2025-04-09 19:18:31
كاميرات على أجساد الحكام وقاعدة خاصة بالحراس بمونديال الأندية,2025-04-09 19:18:31
أرتيتا مدرب أرسنال يعترف بطلب نصيحة غوارديولا لإسقاط ريال مدريد,2025-04-09 19:18:31
3 مباريات يستمد منها ريال مدريد الأمل لتحقيق الريمونتادا أمام أرسنال,2025-04-09 19:18:31
اعتراف مثير لرايس نجم أرسنال بشأن هدفيه في ريال مدريد,2025-04-09 19:18:31
هكذا أصبح سان جيرمان أفضل دون مبابي,2025-04-09 19:18:31
موعد مباراة اتحاد الجزائر ضد الرياضي القسنطيني في الكونفدرالية الأفريقية والقنوات الناقلة,2025-04-09 19:18:31
ديمبلي وراشفورد وجها لوجه في صدام باريس وأستون فيلا,2025-04-09 00:00:00
خطوة أخيرة قبل إعلان التجديد للدوسري والبليهي,2025-04-09 00:00:00
مفاجأة مدوية.. ستيلينبوش يجرد الزمالك من لقب الكونفدرالية الأفريقية,2025-04-09 00:00:00
أبو شقير يوجه رسالة تحذير لاتحاد جدة بشأن النصر,2025-04-09 00:00:00
الأهلي المصري يلجأ إلى رئيس الوزراء,2025-04-09 00:00:00
الأرجنتين تنتظر عودة ميسي بعقوبة محتملة,2025-04-09 00:00:00
ألونسو يختار بين تدريب ريال مدريد وبايرن ميونخ,2025-04-09 00:00:00
مدرب الوكرة: نعرف نقاط ضعف الغرافة,2025-04-09 00:00:00
وعكة صحية تؤجل تجديد الدوسري مع الهلال,2025-04-09 00:00:00
بوستيكوجلو يرد على تكهنات رحيله,2025-04-09 00:00:00
مدرب عجمان: نسعى للثأر من الجزيرة,2025-04-09 00:00:00
جماهير الزمالك تسب زيزو.. وتهاجم الخطيب ومجلس لبيب,2025-04-09 00:00:00
مدرب شباب الأهلي يحدد العامل الحاسم لفريقه أمام كلباء,2025-04-09 00:00:00
احتجاج صامت وعودة قوية.. رحلة ظفار من الهبوط إلى الأضواء,2025-04-09 00:00:00
صورة.. الدوسري يثير القلق قبل مواجهة الاتفاق,2025-04-09 00:00:00
كامافينجا يقدم اعتذارًا لجماهير ريال مدريد,2025-04-09 00:00:00
خطوة جديدة تحسم مشاركة بروزوفيتش أمام الرياض,2025-04-09 00:00:00
كريستيانو يظهر في إعلان جديد,2025-04-09 00:00:00
سيدات الأهلي يتأهلن إلى نصف نهائي بطولة أفريقيا للكرة الطائرة,2025-04-09 00:00:00
خاص لكووورة.. النصر يحسم مستقبل رونالدو,2025-04-09 00:00:00
النصر يتخطى الصقور.. وتعادل سلبي بين البروق وخليج سرت,2025-04-09 00:00:00
"""من أجل البرازيل"".. جيسوس يضحي بمونديال الأندية",2025-04-09 00:00:00
قاسم مشترك يجمع الوداد والرجاء في الديربي,2025-04-09 00:00:00
الخلود بوابة حمد الله لملامسة المجد,2025-04-09 00:00:00
اتفاق نهائي بين محمد صلاح وليفربول,2025-04-09 00:00:00
جيسوس يستقر على بديلي كانسيلو ونيفيز,2025-04-09 00:00:00
الأخضر يحقق فوزًا عريضًا على التحدي,2025-04-09 00:00:00
تأجيل البت في أزمة برشلونة وأوساسونا,2025-04-09 00:00:00
هيثم فاروق: استبعاد زيزو صائب.. والأهلي يستهدف مدافع الزمالك,2025-04-09 00:00:00
ليفاندوفسكي يقود هجوم برشلونة أمام دورتموند,2025-04-09 00:00:00
"دوري إنجليزيتعادل سلبي ""محبط"" في ديربي مانشستر2671 مشاهدة",2025-04-09 12:13:33
دوري إنجليزيفولهام يصعق ليفربول بثلاثية.. وساوثهامبتون يسجل أسرع هبوط4706 مشاهدة,2025-04-09 12:13:33
"أخبار مصرالزمالك يستبعد زيزو بعد ""التأكد"" من توقيعه للأهلي4732 مشاهدة",2025-04-09 12:13:33
أبطال أوروباتعرف على أسعار تذاكر نهائي دوري أبطال أوروبا9008 مشاهدة,2025-04-09 12:13:33
أخبار مصربعد منشور زيزو .. مصادر تؤكد الصفقة مع الأهلي9020 مشاهدة,2025-04-09 12:13:33
دوري إنجليزيمدرب ليفربول يكشف سر عدم سعادة محمد صلاح مؤخرا14874 مشاهدة,2025-04-09 12:13:33
رياضةبيان عاجل من زيزو بعد جدل التوقيع للأهلي18109 مشاهدة,2025-04-09 12:13:33
أخبار مصرالمحكمة الفيدرالية في سويسرا تؤكد تغريم الزمالك36477 مشاهدة,2025-04-09 12:13:33
أبطال أوروبابثلاثية نظيفة.. أرسنال يصعّب مهمة ريال مدريد في أبطال أوروباlقبل 14 ساعة,2025-04-09 12:13:32
"أبطال أوروباأنشيلوتي يعلق على هزيمة الريال ""القاسية"" أمام أرسنال",2025-04-09 12:13:32
"كرة قدم أوروبيةكرة قدم أوروبيةقضية وفاة مارادونا.. ""شهادة طبيب"" تفجر مفاجأة",2025-04-09 12:13:32
رياضةصورة.. الأرجنتيني مارتينيز يواصل استفزاز الجماهير الفرنسيةlقبل 10 ساعات,2025-04-09 12:13:32
أخبار مصرالأهلي وبيراميدز يتأهلان إلى المربع الذهبي الإفريقيlقبل 14 ساعة,2025-04-09 12:13:32
"أخبار مصرالزمالك يستبعد زيزو بعد ""التأكد"" من توقيعه للأهليlقبل 19 ساعة",2025-04-09 12:13:32
"أخبار مصرفيديو.. استبعاد زيزو من تدريب الزمالك بسبب ""التوقيع للأهلي""lقبل 16 ساعة",2025-04-09 12:13:32
أخبار مصربعد منشور زيزو .. مصادر تؤكد الصفقة مع الأهليlقبل 21 ساعة,2025-04-09 12:13:32
"قضية وفاة مارادونا.. ""شهادة طبيب"" تفجر مفاجأةأدلى الطبيب ماريو أليخاندرو شيتر، الذي عالج أسطورة كرة القدم الأرجنتيني دييغو أرماندو مارادونا لمدة عقدين، بشهادته الثلاثاء أمام المحكمة في بوينس آيرس، ضمن محاكمة 7 من أفراد الطاقم الطبي المتهمين بالإهمال الذي أدى إلى وفاة النجم الشهير.",2025-04-09 12:13:32
بعد قرص أنف منافسه.. قرار بحق جوزيه مورينيو,2025-04-09 12:13:32
"""نظرة ازدراء"".. ثنائي الريال يرفض تعليمات أنشيلوتي",2025-04-09 00:00:00
زوباتش وبويل يقودان كليبرز للفوز على سبيرز,2025-04-09 00:00:00
اشتباكات عنيفة بين جماهير باريس وأستون فيلا,2025-04-09 00:00:00
أرتيتا يكشف دور جوارديولا في إسقاط الريال,2025-04-09 00:00:00
سيبولفيدا يمنح كروز أزول تذكرة قبل نهائي أبطال كونكاكاف,2025-04-09 00:00:00
التشكيل المتوقع.. شكوك حول وسط برشلونة أمام دورتموند,2025-04-09 00:00:00
بينتو ينافس حارسي الاتحاد والشباب على جائزة التصدي الأفضل,2025-04-09 00:00:00
بعد 1139 يوما.. السومة يعود لتهديد اتحاد جدة,2025-04-09 00:00:00
دورتموند يحسم قراره تجاه كوفاتش وكيل,2025-04-09 00:00:00
لماذا لا تركض في آخر 10 دقائق بالمباريات؟.. يامال يرد,2025-04-09 00:00:00
ما طرق حجز وشراء تذاكر مباراة الرائد والأهلي في دوري روشن السعودي 2024-25؟ وما أسعارها؟,2025-04-09 00:00:00
ما طرق حجز وشراء تذاكر مباراة الرائد والأهلي في دوري روشن السعودي 2024-25؟ وما أسعارها؟,2025-04-09 00:00:00
كوريا الجنوبية: لدينا إرادة قوية لاستضافة أولمبياد 2036,2025-04-09 00:00:00
استعدادات لإطلاق القمة المصرية الأوروبية للقيادات الشبابية الإعلامية,2025-04-09 00:00:00
يونايتد يصطدم بليون في رحلة إنقاذ الموسم,2025-04-09 00:00:00
نقطة في آخر السطر,2025-04-09 00:00:00
المدربة المساعدة لأستراليا تتولى قيادة سيدات إسكتلندا,2025-04-09 00:00:00
فولر يمدد تعاقده مع منتخب ألمانيا,2025-04-09 00:00:00
غياب بارز وعودة مهمة.. باريس يعلن قائمته لصدام أستون فيلا,2025-04-09 00:00:00
ساليبا: فخور بثنائية رايس.. ولن ندافع في البرنابيو,2025-04-09 00:00:00
إبراهيم دياز في مواجهة روديجر.. تحدي 3×5 يتحوّل إلى منافسة وضحك وتوتر!,2025-04-09 00:00:00
بكلمات مقتضبة.. أرتيتا يوضح حالة ساكا,2025-04-09 00:00:00
بالأرقام.. شباك الاتفاق تحفز الهلال لنسيان صدمة الديربي,2025-04-09 00:00:00
مودريتش يتحدى: هدف رايس مؤلم.. وقادرون على العودة,2025-04-09 00:00:00
الإمارات تواجه فيتنام بطموح التأهل لمونديال الناشئين,2025-04-09 00:00:00
بعد مفاجأة آرسنال.. إنجلترا تضمن 5 مقاعد في دوري الأبطال,2025-04-09 00:00:00
إنتر ميلان يكسر سطوة بايرن ميونخ على الطليان,2025-04-09 00:00:00
فابريجاس: كنت أود القول إن آرسنال تأهل.. ولكن,2025-04-09 00:00:00
صديقة مارادونا: كان خائفًا من كل شيء قبل وفاته.. والأطباء كذبوا علينا,2025-04-09 00:00:00
رئيس إنتر يدير ظهره لصلاح ودي بروين,2025-04-09 00:00:00
رياضةبيان عاجل من زيزو بعد جدل التوقيع للأهليlقبل 10 ساعات,2025-04-09 00:58:48
دوري إنجليزيمدرب ليفربول يكشف سر عدم سعادة محمد صلاح مؤخرا15412 مشاهدة,2025-04-09 00:58:48
كورياتنظيم ماراثون بيونغيانغ للمرة الأولى منذ 6 سنوات2285 مشاهدة,2025-04-09 00:58:48
دوري إسبانيبرشلونة يرفض هدية الريال ويسقط في فخ التعادل مع ريال بيتيس2330 مشاهدة,2025-04-09 00:58:48
دوري إسبانيأنشيلوتي يكشف فرص الريال في المنافسة على لقب الليغا3747 مشاهدة,2025-04-09 00:58:48
دوري إنجليزيفولهام يصعق ليفربول بثلاثية.. وساوثهامبتون يسجل أسرع هبوط4451 مشاهدة,2025-04-09 00:58:48
أخبار مصرالمحكمة الفيدرالية في سويسرا تؤكد تغريم الزمالك4666 مشاهدة,2025-04-09 00:58:48
كرة قدم أوروبيةبعد قرص أنف منافسه.. قرار بحق جوزيه مورينيو5977 مشاهدة,2025-04-09 00:58:48
أبطال أوروباتعرف على أسعار تذاكر نهائي دوري أبطال أوروبا1502 مشاهدة,2025-04-09 00:58:48
أخبار مصربعد منشور زيزو .. مصادر تؤكد الصفقة مع الأهليlقبل 9 ساعات,2025-04-09 00:58:48
"أخبار مصرالزمالك يستبعد زيزو بعد ""التأكد"" من توقيعه للأهليlقبل 8 ساعات",2025-04-09 00:58:48
"أخبار مصرفيديو.. استبعاد زيزو من تدريب الزمالك بسبب ""التوقيع للأهلي""lقبل 5 ساعات",2025-04-09 00:58:48
البليهي: مانشيني أسوأ مدرب.. وهذا القرار مستحيل,2025-04-08 00:00:00
أنشيلوتي: الهزيمة من آرسنال قاسية.. وهذا الخطأ الأكبر,2025-04-08 00:00:00
نجم آرسنال السابق يحصل على قميصي ثنائي بيراميدز,2025-04-08 00:00:00
الريمونتادا ممكنة.. أول تعليق من مبابي بعد ثلاثية آرسنال,2025-04-08 00:00:00
أرتيتا: رايس فعلها بعد 3 سنوات ونصف من المعاناة!,2025-04-08 00:00:00
إيمري: راشفورد استعاد شغفه بكرة القدم,2025-04-08 00:00:00
مبابي واثقا: الريمونتادا ممكنة,2025-04-08 00:00:00
نجم آرسنال يحصل على قميصي ثنائي بيراميدز,2025-04-08 00:00:00
"سيدورف: ""سوبر مان"" لا يمكنه التصدي لركلة رايس",2025-04-08 00:00:00
نجم اتحاد جدة السابق: نجلي أحب الأهلي بسبب هذا اللاعب,2025-04-08 00:00:00
كولر: الأهلي يتحسن في طريق الحفاظ على اللقب الأفريقي,2025-04-08 00:00:00
رسميًا.. برمنجهام يعود للتشامبيونشيب,2025-04-08 00:00:00
ساكا وروديغر.. منافسان في الملعب وشريكان بالمبادرات الإنسانية خارجه,2025-04-08 23:43:06
بيلينجهام: لدينا 90 دقيقة لتحقيق معجزة,2025-04-08 00:00:00
ميرينو: ثنائية رايس لم تفاجئني.. ولعبنا شوطا مذهلا,2025-04-08 00:00:00
إنجلترا تخسر من بلجيكا في دوري أمم أوروبا للسيدات,2025-04-08 00:00:00
يورتشيتش: حزين رغم التأهل.. وبيراميدز انضم لكبار أفريقيا,2025-04-08 00:00:00
القدر يكافئ نجم النصر بعد صدمة بروزوفيتش,2025-04-08 00:00:00
تحليل.. غابت فرديات ريال مدريد فصنع آرسنال ليلة تاريخية,2025-04-08 00:00:00
إنزاجي: هزمنا بايرن بمبادئنا.. وسومير أخرجنا من المأزق,2025-04-08 00:00:00
شعلة الشرقية.. واجهة قوية للقطاع الخاص بالكرة النسائية السعودية,2025-04-08 00:00:00
مدرب الهلال السوداني: كنا نخشى مواجهة الأهلي منذ البداية,2025-04-08 00:00:00
محمد صالح لكووورة: نتطلع لمعانقة اللقب في دهوك,2025-04-08 00:00:00
الصولة لكووورة: أهدرنا الفوز على دهوك.. ونتطلع للتتويج في العراق,2025-04-08 00:00:00
الاتحاد يحدد موعد عودة بيرجوين,2025-04-08 00:00:00
رقم أسطوري لتوماس مولر بدوري الأبطال,2025-04-08 00:00:00
ميلان يعلن نبأ صادمًا عن ووكر,2025-04-08 00:00:00
كومباني يتحدى إنتر قبل موقعة ميلانو,2025-04-08 00:00:00
أنشيلوتي: فقدنا السيطرة بعد نقطة التحول,2025-04-08 00:00:00
مولر يتحسر على فرصة كين المهدرة أمام إنتر,2025-04-08 00:00:00
سومير يحذر إنتر بعد إسقاط بايرن ميونخ,2025-04-08 00:00:00
"نجم في الميزان.. قذائف رايس ""الدقيقة"" تدك حصون ريال مدريد",2025-04-08 00:00:00
الكرتي: بيراميدز يملك مشروعًا طموحًا.. وخرجنا بأقل الأضرار أمام الجيش,2025-04-08 00:00:00
رايس عن هدفه المذهل: غيرت رأيي بسبب الحائط وكورتوا,2025-04-08 00:00:00
لاوتارو: قدمنا مباراة متكاملة.. واحترمنا قميص إنتر ميلان,2025-04-08 00:00:00
كورتوا: نسينا كيف نلعب كرة القدم,2025-04-08 00:00:00
إنتر ميلان يكسر سلسلة بايرن ميونخ المثالية,2025-04-08 00:00:00
نيران صديقة.. مفاجآت كومباني تورط بايرن أمام إنتر,2025-04-08 00:00:00
رياضةبيان عاجل من زيزو بعد جدل التوقيع للأهليlقبل 8 ساعات,2025-04-08 22:45:19
رياضةبيان عاجل من زيزو بعد جدل التوقيع للأهليlقبل 8 ساعات,2025-04-08 22:45:19
"أخبار مصرالزمالك يستبعد زيزو بعد ""التأكد"" من توقيعه للأهليlقبل 6 ساعات",2025-04-08 22:45:19
"أخبار مصرفيديو.. استبعاد زيزو من تدريب الزمالك بسبب ""التوقيع للأهلي""lقبل 3 ساعات",2025-04-08 22:45:19
آخر الأخبار,2025-04-08 22:45:19
أبطال أوروباأبطال أوروبابثلاثية نظيفة.. أرسنال يصعّب مهمة ريال مدريد في أبطال أوروبا,2025-04-08 22:45:19
أخبار مصرالأهلي وبيراميدز يتأهلان إلى المربع الذهبي الإفريقي,2025-04-08 22:45:19
"آرسنال ""المنيع"" يعيد ذكرى مريرة لريال مدريد",2025-04-08 00:00:00
ضربة إضافية تقلل حظوظ ريال مدريد أمام آرسنال,2025-04-08 00:00:00
الكشف عن رجل مباراة بايرن وإنتر,2025-04-08 00:00:00
آرسنال يعادل أرقاما قياسية على جثة ريال مدريد,2025-04-08 00:00:00
أسينسيو يضع روشتة قلب الطاولة على آرسنال,2025-04-08 00:00:00
ربيعة: هذا سر قوة الأهلي,2025-04-08 00:00:00
دوري إسبانيأنشيلوتي يكشف فرص الريال في المنافسة على لقب الليغا3676 مشاهدة,2025-04-08 22:25:41
رياضةبيان عاجل من زيزو بعد جدل التوقيع للأهليlقبل 7 ساعات,2025-04-08 22:25:41
أبطال أوروبابثلاثية نظيفة.. أرسنال يصعّب مهمة ريال مدريد في أبطال أوروبا,2025-04-08 22:25:41
"أخبار مصرأخبار مصرفيديو.. استبعاد زيزو من تدريب الزمالك بسبب ""التوقيع للأهلي""",2025-04-08 22:25:41
"أخبار مصرالزمالك يستبعد زيزو بعد ""التأكد"" من توقيعه للأهليlقبل 5 ساعات",2025-04-08 22:25:41
رياضةبيان عاجل من زيزو بعد جدل التوقيع للأهليlقبل 7 ساعات,2025-04-08 22:25:41
أخبار مصرالمحكمة الفيدرالية في سويسرا تؤكد تغريم الزمالكl7 أبريل 2025,2025-04-08 22:25:41
أبطال أوروباتعرف على أسعار تذاكر نهائي دوري أبطال أوروباl7 أبريل 2025,2025-04-08 22:25:41
أخبار مصربعد منشور زيزو .. مصادر تؤكد الصفقة مع الأهليlقبل 7 ساعات,2025-04-08 22:25:41
أخبار مصرالمحكمة الفيدرالية في سويسرا تؤكد تغريم الزمالك27446 مشاهدة,2025-04-08 22:25:41
رياضةبيان عاجل من زيزو بعد جدل التوقيع للأهلي6525 مشاهدة,2025-04-08 22:25:41
أبطال أوروباتعرف على أسعار تذاكر نهائي دوري أبطال أوروبا6341 مشاهدة,2025-04-08 22:25:41
كرة قدم أوروبيةبعد قرص أنف منافسه.. قرار بحق جوزيه مورينيو5648 مشاهدة,2025-04-08 22:25:41
دوري إنجليزيفولهام يصعق ليفربول بثلاثية.. وساوثهامبتون يسجل أسرع هبوط4539 مشاهدة,2025-04-08 22:25:41
أخبار مصربعد منشور زيزو .. مصادر تؤكد الصفقة مع الأهلي3931 مشاهدة,2025-04-08 22:25:41
دوري إنجليزيمدرب ليفربول يكشف سر عدم سعادة محمد صلاح مؤخرا14726 مشاهدة,2025-04-08 22:25:41
السعودية والصين بمجموعة واحدة بكأس آسيا للسلة 2025 في جدة,2025-04-08 22:25:39
موعد مباراة اتحاد الجزائر ضد الرياضي القسنطيني بالكونفدرالية الأفريقية والقنوات الناقلة,2025-04-08 22:25:39
نتيجة وملخص أهداف مباراة الهلال السوداني ضد الأهلي المصري في دوري أبطال أفريقيا,2025-04-08 22:25:39
لماذا يفضّل الفيفا عدم تتويج برشلونة بدوري أبطال أوروبا؟,2025-04-08 22:25:39
نتيجة وملخص مباراة أرسنال ضد ريال مدريد في ربع نهائي دوري أبطال أوروبا,2025-04-08 22:25:39
"غوارديولا يهاجم ""خليفة"" رودري في السيتي: ليس ذكيا بما يكفي",2025-04-08 22:25:39
نتيجة وملخص مباراة بايرن ميونخ ضد إنتر ميلان في دوري أبطال أوروبا,2025-04-08 22:25:39
"كارلوس تيفيز.. ""أباتشي"" انتقل من براثن الفقر والجريمة للنجومية والثراء",2025-04-08 22:25:39
بعد تبرئة ألفيش من الاغتصاب.. تطورات جديدة في القضية,2025-04-08 22:25:39
بعد 10 أعوام.. دنفر ناجتس يقيل مدربه التاريخي,2025-04-08 00:00:00
سيدات سلة الأهلي يهزمن الصيد في دوري السوبر,2025-04-08 00:00:00
فاسكيز يتعهد بالرد على ثلاثية آرسنال في البرنابيو,2025-04-08 00:00:00
الأهلي يكرر فوزه على الهلال ويضرب موعدا ناريا مع صن داونز,2025-04-08 00:00:00
غموض بشأن مصير كوليبالي مع الهلال,2025-04-08 00:00:00
بالصور: بيراميدز يحبط ريمونتادا الجيش الملكي ويتأهل لنصف نهائي أفريقيا,2025-04-08 00:00:00
الترجي يودع دوري الأبطال أمام صن داونز,2025-04-08 00:00:00
إنتر ميلان يقتل بايرن ميونخ في معقله,2025-04-08 00:00:00
إمام عاشور ينهي صيامه ويحتفل مع ربيعة,2025-04-08 00:00:00
ريال مدريد الضحية المفضلة لنجم آرسنال,2025-04-08 00:00:00
ديك و4 كؤوس.. مارتينيز يستفز جماهير سان جيرمان,2025-04-08 00:00:00
إصابة نجمي آرسنال أمام ريال مدريد,2025-04-08 00:00:00
نجم أهلي جدة مهدد بالغياب عن لقاء الرائد,2025-04-08 00:00:00
رايس يدخل تاريخ دوري أبطال أوروبا,2025-04-08 00:00:00
وسام أبو علي يغادر غاضبا.. ونجم الأهلي يعود بعد غياب,2025-04-08 00:00:00
عمان تحصد 6 ميداليات في الألعاب الخليجية الشاطئية,2025-04-08 00:00:00
قذائف رايس تكسر سلسلة ريال مدريد,2025-04-08 00:00:00
سبب توقف مفاوضات الأهلي وعبد المنعم.. وحقيقة ضم مصطفى محمد,2025-04-08 00:00:00
التعاون يهزم الشارقة في ذهاب نصف نهائي أبطال آسيا 2,2025-04-08 00:00:00
مدرب جوانغجو: سنعمل على طرد نجم الهلال خلال أول 10 دقائق,2025-04-08 00:00:00
فوز ثالث لسلة الاتحاد في تصفيات BAL,2025-04-08 00:00:00
ريمونتادا.. عمان تحقق فوزها الأول في كأس آسيا للناشئين,2025-04-08 00:00:00
والد زيزو يفسر لكووورة حصوله على تأشيرة أمريكا,2025-04-08 00:00:00
كورتوا يواصل الإبهار برقم استثنائي في دوري الأبطال,2025-04-08 00:00:00
لاوتارو يسير على خطى إيتو في أبطال أوروبا,2025-04-08 00:00:00
الحظ يعاند كين.. ويضع بايرن خلف مانشستر سيتي,2025-04-08 00:00:00
المغرب الفاسي يستعين بخبرة بدر القادوري,2025-04-08 00:00:00
شابات الأردن يتأهلن لنهائي غرب آسيا,2025-04-08 00:00:00
إصابة نجم النصر قبل الديربي,2025-04-08 00:00:00
بديل واحد.. الاتحاد يرهب خصومه بصورة معتادة,2025-04-08 00:00:00
كورياتنظيم ماراثون بيونغيانغ للمرة الأولى منذ 6 سنوات2265 مشاهدة,2025-04-08 15:21:09
رياضةبيان عاجل من زيزو بعد جدل التوقيع للأهليlقبل 17 دقيقة,2025-04-08 15:21:09
أبطال أوروباتعرف على أسعار تذاكر نهائي دوري أبطال أوروباlقبل 23 ساعة,2025-04-08 15:21:09
أخبار مصرأخبار مصرالمحكمة الفيدرالية في سويسرا تؤكد تغريم الزمالك,2025-04-08 15:21:09
رياضةبيان عاجل من زيزو بعد جدل التوقيع للأهلي,2025-04-08 15:21:09
نجم باريس يتوعد إيمليانو مارتينيز,2025-04-08 00:00:00
زيزو يعترف: لم أوقع للأهلي.. وبيان رحيلي عن الزمالك مكتوب,2025-04-08 00:00:00
بيسجروف: خطّة القادسية تستهدف خلق أبطال أولمبيين,2025-04-08 00:00:00
تير شتيجن يكشف كيف غيَّر فليك غرفة ملابس برشلونة,2025-04-08 00:00:00
قرار حاسم من إنزاجي قبل الصدام مع بايرن ميونخ,2025-04-08 00:00:00
لام: الكرة الإيطالية تشبه سيارة فيراري منخفضة السرعة,2025-04-08 00:00:00
إنريكي: تألق أسينسيو لا يزعجني.. ولن نقع في فخ الأبطال,2025-04-08 00:00:00
رومان سايس يستكمل برنامج علاجه في المغرب,2025-04-08 00:00:00
بيراميدز يشكو الجيش الملكي بسبب الألعاب النارية,2025-04-08 00:00:00
الإصابة تجبر رون على الانسحاب من مونتي كارلو,2025-04-08 00:00:00
الشطي يبرز تراجع نتائج العربي قبل مواجهة اركاداج,2025-04-08 00:00:00
بيان ناري من زيزو بشأن توقيعه للأهلي.. والتجديد مع الزمالك,2025-04-08 00:00:00
تثبيت كاميرات على أجساد الحكام خلال مونديال الأندية,2025-04-08 00:00:00
سامبدوريا يستعين بمانشيني لإنقاذه من وضع غير مسبوق,2025-04-08 00:00:00
زفيريف: يجب إجباري على تناول الطعام,2025-04-08 00:00:00
دبي تستضيف بطولة الإمارات للفنون القتالية المختلطة,2025-04-08 00:00:00
الحمادي يهدي الإمارات الذهبية الثالثة بدورة الألعاب الخليجية الشاطئية,2025-04-08 00:00:00
ديمتروف يعبر إلى الدور الثاني في مونتي كارلو,2025-04-08 00:00:00
كوفاتش يمتدح فليك: كان مساعدي.. وسعيد بما وصل إليه,2025-04-08 00:00:00
سيليسن بعد تعافيه من ثقب الأمعاء الدقيقة: كان أسبوعا صعبا,2025-04-08 00:00:00
"إسبانيا وألمانيا وفرنسا والبرتغال.. مربع ذهبي أوروبي ""ناري""",2025-04-08 13:52:21
"نجوم التنس يطالبون بزيادة جوائز بطولات ""غراند سلام""وجه أبرز لاعبي التنس في العالم خطابا للقائمين على بطولات ""غراند سلام"" الأربع الكبرى، للمطالبة بزيادة حصتهم من الإيرادات.",2025-04-08 13:52:21
"جوكوفيتش ينسحب من الدور قبل النهائي في ""أستراليا المفتوحة""",2025-04-08 13:52:21
"جوكوفيتش يتحدى ""الفيزياء"" في أستراليا.. هل ينتصر؟",2025-04-08 13:52:21
نوريس يفوز بسباق أبوظبي ومكلارين يحصد لقب الصانعينفاز البريطاني لاندو نوريس بسباق جائزة أبو ظبي الكبرى الختامي لموسم بطولة العالم لسباقات فورمولا 1 للسيارات، يوم الأحد، ليضمن لفريق مكلارين لقب الصانعين لأول مرة منذ عام 1998، بعد اصطدام زميله في الفريق أوسكار بياستري مع ماكس فرستابن في اللفة الافتتاحية، وأنهى السباق في المركز العاشر.,2025-04-08 13:52:21
جائزة أبوظبي.. مكلارين يهيمن على التجارب التأهيلية,2025-04-08 13:52:21
"بسبب ""كلمة نابية"".. بطل فورمولا 1 يهدد بترك اللعبة",2025-04-08 13:52:21
نوريس يضع حداً لاحتكار فيرستابن ويفوز بفورمولا 1 في ميامي,2025-04-08 13:52:21
أخبار مصرالمحكمة الفيدرالية في سويسرا تؤكد تغريم الزمالك18723 مشاهدة,2025-04-08 13:52:21
دوري إنجليزيمدرب ليفربول يكشف سر عدم سعادة محمد صلاح مؤخرا14449 مشاهدة,2025-04-08 13:52:21
دوري إنجليزيإيفرتون يعطل أرسنال.. ويسدي معروفا لليفربول6884 مشاهدة,2025-04-08 13:52:21
"رياضةاستبعاد لاعبتين من منتخب سوري.. بسبب أزمة ""قميص بلا علم""5699 مشاهدة",2025-04-08 13:52:21
كرة قدم أوروبيةبعد قرص أنف منافسه.. قرار بحق جوزيه مورينيو5521 مشاهدة,2025-04-08 13:52:21
دوري إنجليزيفولهام يصعق ليفربول بثلاثية.. وساوثهامبتون يسجل أسرع هبوط4287 مشاهدة,2025-04-08 13:52:21
دوري إسبانيأنشيلوتي يكشف فرص الريال في المنافسة على لقب الليغا3532 مشاهدة,2025-04-08 13:52:21
أبطال أوروباتعرف على أسعار تذاكر نهائي دوري أبطال أوروبا3522 مشاهدة,2025-04-08 13:52:21
كرة قدم عربيةالشناوي: نتطلع للفوز على الهلال السوداني في مصر وموريتانياl31 مارس 2025,2025-04-08 13:52:21
كرة قدم عربيةحلم المونديال مستمر.. السودان توقف السنغال وتبقي الصدارةl23 مارس 2025,2025-04-08 13:52:21
كرة قدم عربيةفوز قاتل على النيجر.. المغرب على بعد خطوة من مونديال 2026l22 مارس 2025,2025-04-08 13:52:21
كرة قدم عربيةتصفيات المونديال.. صلاح يقود مصر لفوز مهم على إثيوبياl22 مارس 2025,2025-04-08 13:52:21
أخبار مصربيان من اللجنة الفنية باتحاد الكرة المصري بشأن حسام حسنl17 مارس 2025,2025-04-08 13:52:21
"دورة دبي.. أمر تقييد على رجل ""مهووس"" اقترب من رادوكانو",2025-04-08 13:52:21
"كرة قدم عربيةالمحكمة الرياضية تفصل بـ""أزمة القمصان"".. ترحيب من نهضة بركانl26 فبراير 2025",2025-04-08 13:52:21
أبطال أوروباأبطال أوروباتعرف على أسعار تذاكر نهائي دوري أبطال أوروبا,2025-04-08 13:52:21
مانشستر سيتي الإنجليزي يكشف تفاصيل إصابة هالاند,2025-04-08 13:52:21
"بعد قرص أنف منافسه.. قرار بحق جوزيه مورينيوتلقى البرتغالي جوزيه مورينيو مدرب فناربخشة التركي عقوبة الإيقاف 3 مباريات بجانب غرامة مالية بسبب ""السلوك غير الرياضي"" خلال المواجهة الساخنة أمام غلطة سراي في دور الثمانية لكأس تركيا هذا الأسبوع.",2025-04-08 13:52:21
دوري إسبانيأنشيلوتي يكشف فرص الريال في المنافسة على لقب الليغاl6 أبريل 2025,2025-04-08 13:52:21
كرة قدم أوروبيةبعد قرص أنف منافسه.. قرار بحق جوزيه مورينيوl6 أبريل 2025,2025-04-08 13:52:21
كورياتنظيم ماراثون بيونغيانغ للمرة الأولى منذ 6 سنواتl6 أبريل 2025,2025-04-08 13:52:21
دوري إنجليزيمدرب ليفربول يكشف سر عدم سعادة محمد صلاح مؤخراl6 أبريل 2025,2025-04-08 13:52:21
دوري إنجليزيفولهام يصعق ليفربول بثلاثية.. وساوثهامبتون يسجل أسرع هبوطl6 أبريل 2025,2025-04-08 13:52:21
"دوري إنجليزيتعادل سلبي ""محبط"" في ديربي مانشسترl7 أبريل 2025",2025-04-08 13:52:21
مونديال الأندية.. فيفا يحدد طريقة اختيار بديل ليون المكسيكي,2025-04-08 13:52:21
أخبار مصرالمحكمة الفيدرالية في سويسرا تؤكد تغريم الزمالك,2025-04-08 13:52:21
7 نجوم تألقوا بعد الرحيل عن مانشستر يونايتد,2025-04-08 13:52:17
هل يلعب دي بروين إلى جانب ميسي في إنتر ميامي؟,2025-04-08 13:52:17
ريال مدريد ضيفا على أرسنال ومواجهة ثأرية بين بايرن وإنتر بدوري الأبطال,2025-04-08 13:52:17
هكذا تؤثر رسوم ترامب الجمركية على كرة القدم,2025-04-08 13:52:17
أندية تكسب الملايين من تغيير أسماء ملاعبها.. أحدها عربي,2025-04-08 12:42:29
أفضل المنتجات العضوية.. حافظ على نظامك الصحي مع أمازون الإمارات,2025-04-08 00:00:00
تودور يخطط لطوفان هجومي أمام ليتشي,2025-04-08 00:00:00
محمد نور: النصر المرشح الأول لنخبة آسيا.. وسيخطف وصافة الدوري,2025-04-08 00:00:00
كادي لالان يدعم صفوف الحكمة,2025-04-08 00:00:00
تشيزني: استعادة شتيجن لمركزه الأساسي أمر طبيعي,2025-04-08 00:00:00
برشلونة يخسر منظاره على الكالتشيو,2025-04-08 00:00:00
كالزادا: المونديال فرصة استثنائية للهلال,2025-04-08 00:00:00
الذكاء الاصطناعي يتوقع نتيجة صدام آرسنال وريال مدريد,2025-04-08 00:00:00
دي يونج يستعيد بريقه في برشلونة.. وفليك كلمة السر,2025-04-08 00:00:00
هييرو: الدوري السعودي ينادي العالم.. وسيصدر المواهب لأوروبا,2025-04-08 00:00:00
كوفاتش يصطدم بمساعده في برشلونة.. وصدام ناري بين إنريكي وإيمري,2025-04-08 00:00:00
الصدعان: محظوظون بتواجد كريستيانو في الدوري السعودي,2025-04-08 00:00:00
تعديل موعد مباراة الكرمة والطلبة بالدوري العراقي,2025-04-08 00:00:00
مدرب الخالدية: نريد التتويج بالكأس.. والمحرق ليس خصمًا سهلاً,2025-04-08 00:00:00
الأهلي يهزم الهلال (6-3) أفريقيا,2025-04-08 00:00:00
راشفورد يتطلع للثلاثية أمام سان جيرمان.. وأسنسيو يطارد زملاءه,2025-04-08 00:00:00
نجم آرسنال على طاولة برشلونة,2025-04-08 00:00:00
مدرب سترة: نمر بحالة ذهنية وفنية جيدة قبل مواجهة الرفاع,2025-04-08 00:00:00
الإصابة تنهي موسم نجم دورتموند,2025-04-08 00:00:00
مدرب الرفاع: نعلم أهمية كل دقيقة أمام سترة,2025-04-08 00:00:00
برشلونة يهدد تيباس بالإطاحة من منصبه,2025-04-08 00:00:00
رونالدو ينافس على جائزة خاصة بعد التوهج في الديربي,2025-04-08 00:00:00
إبراهيموفيتش يختار المدير الرياضي لميلان,2025-04-08 00:00:00
لاعب الاتفاق: الشهري أنعش الفريق بعد رحيل جيرارد,2025-04-08 00:00:00
الدعيع: جيسوس وقع في خطأ غيريتس.. والهلال سيفوز بالدوري,2025-04-08 00:00:00
عودة محتملة لمارتين في جائزة قطر موتو جي بي,2025-04-08 00:00:00
مدرب المحرق: مباراة الخالدية لا تتحمل الأخطاء,2025-04-08 00:00:00
مدرب شيفيلد ينافس يايسله على تدريب لايبزيج,2025-04-08 00:00:00
ريبيري: مواجهة إنتر وبايرن ميونخ قمة غير متوقعة,2025-04-08 00:00:00
وديتان لمانشستر يونايتد في آسيا,2025-04-08 00:00:00
ما الرياضات الأكثر فائدة لصحة الإنسان وكيف نمارسها بأمان؟,2025-04-08 00:36:15
وظيفة غير متوقعة لماثيو لاعب برشلونة السابق,2025-04-08 00:19:18
مصر تواجه أنغولا في الملحق المؤهل لكأس العالم تحت 17 عاما,2025-04-08 00:19:18
ما الرياضات الأكثر فائدة لصحة الإنسان وكيف يمارسها بأمان؟,2025-04-08 00:19:18
موعد مباراة برشلونة ضد بوروسيا دورتموند في دوري أبطال أوروبا والقنوات الناقلة,2025-04-08 00:19:18
رابطة الدوري الإسباني تتهم برشلونة بالتلاعب وتستأنف ضد قرار قيده أولمو وفيكتور,2025-04-08 00:19:18
أرقام ليفاندوفسكي المرعبة ضد دورتموند تمنح الأمل لبرشلونة,2025-04-08 00:19:18
موعد مباراة بايرن ميونخ ضد إنتر ميلان في دوري أبطال أوروبا وقنوات البث,2025-04-08 00:19:18
البرازيل تعاقب أي لاعب يقف على الكرة بسبب ديباي.. ما القصة؟,2025-04-08 00:19:18
موعد مباراة الهلال السوداني ضد الأهلي المصري بدوري أبطال أفريقيا والقنوات الناقلة,2025-04-08 00:19:18
مدرب أرسنال: سنلعب ضد ريال مدريد لنضرّه ونفوز عليه,2025-04-08 00:19:18
حراس المرمى الثمانية الأكثر حفاظًا على نظافة شباكهم في التاريخ,2025-04-08 00:19:18
موعد مباراة أرسنال ضد ريال مدريد بربع نهائي دوري أبطال أوروبا والقنوات الناقلة,2025-04-08 00:19:18
مبابي هداف ريال مدريد: دوري الأبطال أهم من الكرة الذهبية,2025-04-08 00:19:18
شاهد.. ميسي يدخل تاريخ إنتر ميامي وينقذه من الخسارة,2025-04-08 00:19:18
بهدفه المذهل أمام الهلال.. الحسن يهزم بنزيما,2025-04-07 00:00:00
كاف يمهل الزمالك أسبوعًا للرد على أحداث جنوب أفريقيا,2025-04-07 00:00:00
يزداد إبداعًا.. دوري روشن يتغنى بجماهير أهلي جدة,2025-04-07 00:00:00
برشلونة ينسحب من رابطة أندية الليجا,2025-04-07 00:00:00
مدرب ناشئي اليمن: مواجهة كوريا أشبه بالنهائي,2025-04-07 00:00:00
الجشع يهدد صفقة عالقة في باريس سان جيرمان,2025-04-07 00:00:00
مدرب بيراميدز: لا نخشى جماهير الجيش الملكي,2025-04-07 00:00:00
بسبب لقطة موقعة يوفنتوس.. الاتحاد الإيطالي يعاقب لاوتارو,2025-04-07 00:00:00
سبورتنج لشبونة يتعادل ويهدر فرصة استعادة الصدارة,2025-04-07 00:00:00
توب 20 روشن: رونالدو يصدم ميتروفيتش.. ويهدد عرش بنزيما,2025-04-07 00:00:00
جماهير الاتحاد والهلال تشعل خلافا بين نور والدعيع,2025-04-07 00:00:00
تونس تقطع تذكرة مونديال الناشئين,2025-04-07 00:00:00
ليجانيس يفرض التعادل على أوساسونا,2025-04-07 00:00:00
توقيع مذكرة تفاهم وشراكة بين الاتحادين المصري والفرنسي,2025-04-07 00:00:00
الفراج: الهلال غير قادر على المنافسة آسيويا,2025-04-07 00:00:00
محمد نور: الهلال يعاني قبل عرض البرازيل لجيسوس,2025-04-07 00:00:00
مدرب دهوك: نريد الفوز على القادسية في عقر داره,2025-04-07 00:00:00
"""ماركا"" تنقل تصريحات كارلو لكووورة حول مواجهة الريال وآرسنال",2025-04-07 00:00:00
بالصور.. نيوكاسل يعمق جراح ليستر بثلاثية,2025-04-07 00:00:00
بالصور.. نابولي يرفض الهدية ويتعثر أمام بولونيا,2025-04-07 00:00:00
النصر يعلن طبيعة إصابة فهد عادل,2025-04-07 00:00:00
الكرتي: لم نضمن التأهل.. وسنواجه الجيش الملكي بحذر شديد,2025-04-07 00:00:00
الكشف عن مصير ثنائي اتحاد جدة المُعار للدوري البلجيكي,2025-04-07 00:00:00
بالصور.. أجواء مبهجة في مران النصر بعد حسم الديربي,2025-04-07 00:00:00
في الديربي.. القبض على متهم بالاعتداء على جريليش,2025-04-07 00:00:00
دليل رباعي.. بيولي يزيل غبار كاسترو مع النصر,2025-04-07 00:00:00
تحديد موقف ثلاثي اتحاد جدة من مواجهة العروبة,2025-04-07 00:00:00
ضربة موجعة لكونتي أمام بولونيا,2025-04-07 00:00:00
رونالدينيو: أستمتع بمشاهدة نجم ميلان,2025-04-07 00:00:00
رودريجو يحسم موقفه من الانضمام للدوري السعودي,2025-04-07 00:00:00
🚅📇❄  طريق نجم▬فرىست▬فرست▬كرأى▬تطبىقۭ▬أدىدس▬ألسعؤدىة▬فىرىست▬فىرست▬كري▬أدىدأس▬ألخلىج▬فيرستكراى▬رشؤف▬للعسل▬راشوف▬عسل▬AD15▬فعال▬خيبابة▬الحب▬إخوفي▬kk55▬مواقع▬استخخخخدمم▬ https://t.co/GuJtXS1AvI,2025-04-25T15:15:58.000Z
"اخر فترة صار تركيزي منخفض،وما اقدر اذاكر او اشتغل لفترة طويلة بشكل متواصل

قررت باوقات من اليوم افتح كويزات رياضيات، احصاء او مالية واقعد احل بورقة وقلم لمدة نص ساعة تقريبًا

واذا في قانون ما عرفته او ناسيته ابحث عنه واطبق واذا علقت بسؤال ما اسوي سكب

قررت اخليها رياضة لعقلي✋🏼 https://t.co/PrgfetYYke",2025-04-25T15:15:55.000Z
"@1SMi_ ١٠ على ١٠ كنت اتمنى هذي التشكيلة لكن للعلم وللي مايفهم كرة قدم التشكيلة ماهي كل شيء حتى لو لعب اللي انت تبيهم.
كرة القدم يحكمها عوامل كثيرة .
اهما التوفيق ثم العامل النفسي ثم الانضباط ثم الروح ثم التحكيم اخر شيء الاسماء.",2025-04-25T15:15:55.000Z
"لقد كانوا في فورة إنفاق عالمية لا مثيل لها.

بدءًا من رهانات صندوق الاستثمارات العامة على التكنولوجيا، مرورًا بدعمه لشركة SoftBank بقيمة 45 مليار دولار، وحتى مشهد كرة القدم لكريستيانو رونالدو والمخاطر الاستراتيجية في الألعاب، هناك شيء واحد واضح:

تقوم الدولة برعاية مجموعة من https://t.co/cfXm1fEbYB",2025-04-25T15:15:55.000Z
"توقعاتكم.. من يسجل لـ الأهلي في شباك صنداونز؟ 🤔🔥
#ليلة_الأبطال https://t.co/nMmrokT6qx",2025-04-25T15:15:40.000Z
@forcabarca_ar صهاينة كرة القدم,2025-04-25T15:15:30.000Z
@Guunner انا عندي بطولة اوروبية واضح ماتعرفها شكلك جديد في كرة القدم 😂😂😂,2025-04-25T15:15:25.000Z
@forcabarca_ar عصابة ويهود كرة القدم,2025-04-25T15:15:06.000Z
"ريال مدريد يطالب بتغيير حكام كلاسيكو الغد أمام #برشلونة بعد بكاء دي بورغوس، وانزعاجهم من انتقادات النادي..

هل سيتدخل الاتحاد الإسباني؟

#الشرق_رياضة 
#الشرق_للأخبار https://t.co/NnsNxsBEK5",2025-04-25T15:15:02.000Z
🤐👨‍🔬📌  road tree▬فرىست▬فرست▬كرأى▬تطبىقۭ▬أدىدس▬ألسعؤدىة▬فىرىست▬فىرست▬كري▬أدىدأس▬ألخلىج▬فيرستكراى▬رشؤف▬للعسل▬راشوف▬عسل▬خيبابة▬الحب▬إخوفي▬kk55▬مواقع▬استخخخخدمم▬قوي▬AD15▬التطور▬ https://t.co/sdwcuHmUSu,2025-04-25T15:14:55.000Z
@bandar_aaz والله. ما افسد رياضتنا. ومجتمعنا. الا انت واشكالك شوهتم. مفهوم الرياضه. والتنافس الشريف. وافستم اجيالنا. انتم حثاله. يجب التصدي لها وابعادها. عن رياضه الوطن,2025-04-25T15:14:52.000Z
"@15113z احسن لان بيريز دمر كره القدم و مازال الناس تشبح له
منذ ان بدات القناة بالهجوم ريال مدريد تعرض للظلم اكثر و اكثر تغير شيء ؟ لا برشلونة استفاد كل مباراة أخطاء و بيلنتيات و ريال مدريد لا
لهك مراح تفرق بيريز يبرر فشل مشروعه و مبابي و وجود انشيلوتي بالتحكيم
من الاخر",2025-04-25T15:14:48.000Z
"@ManalMo55812757 مدرب جبان و خواف و لا يليق بالأهلي 
أنا لا انكر الحرص و لكن المجازفة هي كرة القدم",2025-04-25T15:14:46.000Z
"@_su6an يا شيخ دز امها بكائيات قناة ناديكم وفريقكم معفن 

الخطة لممارسة الضغط على الحكم علشان تكسبونه 
انتوا بتبقون ابجح وأقذر نادي عرفه كرة القدم",2025-04-25T15:14:45.000Z
"#الهلال_غوانغجو

اشتراك شاهد رياضه و مسلسلات حساب كامل 
يدعم 5 شاشات ع إيميلك الشخصي  
فقط ب 299
مدة الاشتراك سنه 
للطلب التواصل والاستفسار: 
https://t.co/WcnPZeus2n https://t.co/hRoO8xbGeW",2025-04-25T15:14:44.000Z
"شلون وصل الريال إلى نهائي الكأس ؟

سرقوا سيلتافيغو في البرنابيو في دور الثمانية 
سرقوا سوسيداد في البرنابيو في دور الأربعة 

وصولهم للنهائي بعد سرقتين متتاليتين 
في دور الربع نهائي والنصف نهائي ..

لـ عدالة كرة القدم أن بكرة يخسرون النهائي",2025-04-25T15:14:42.000Z
"مطر 🔦👩‍⚖️.
▬فرىست▬فرست▬كرأى▬تطبىقۭ▬أدىدس▬ألسعؤدىة▬فىرىست▬فىرست▬ألأمأرأت▬كري▬أدىدأس▬ألخلىج▬فيرستكراى▬مؤقع▬رشؤف▬للعسل▬راشوف▬عسل▬f60▬تحفهه▬ألأقؤى▬أحمها▬فعأل▬mk25▬الأردو▬friscry▬كراي▬عظىم▬رؤعة▬لبيرغب▬قؤى▬ىهبل▬RAN236▬الحيات▬فخم▬فرستكراى▬جمىل▬عرؤض▬ https://t.co/bzxhP0GDY2",2025-04-25T15:14:34.000Z
"اللي يدور اشتراك شٍاهد عشان يتابع مباريات اليوم في دوري أبطال آسيا ⚽🏆

جاك عرض اشتراكات ما تتفوت!!🤩

🔊 الباقة الشاملة ( رياضة + vip كل شي)
✅ بس بـ 24.99 لشهر كامل!

اللي يفهم كورة، الحق قبل لا يطير!👇🏻👇🏻

https://t.co/JCqBC4yUPh https://t.co/3AjZVwXEIm",2025-04-25T15:14:34.000Z
"اللي يدور اشتراك شٍاهد عشان يتابع مباريات اليوم في دوري أبطال آسيا ⚽🏆

جاك عرض اشتراكات ما تتفوت!!🤩

🔊 الباقة الشاملة ( رياضة + vip كل شي)
✅ بس بـ 24.99 لشهر كامل!

اللي يفهم كورة، الحق قبل لا يطير!👇🏻👇🏻

https://t.co/0cl8n2ym8p https://t.co/rbXpgrybX7",2025-04-25T15:14:17.000Z
"ايدون زوجوفا قد يعتزل كرة القدم بحسب وجهة نظري 

اللاعب فقد اغلب حواسه رغم انه يتدرب وفي نفس الوقت عنده اصابة 😥 https://t.co/gFEO60laE3",2025-04-25T15:14:09.000Z
🥀🐏🗾  باب▬فرىست▬فرست▬كرأى▬تطبىقۭ▬أدىدس▬ألسعؤدىة▬فىرىست▬فىرست▬كري▬أدىدأس▬ألخلىج▬فيرستكراى▬رشؤف▬للعسل▬راشوف▬عسل▬AD15▬فعال▬خيبابة▬الحب▬إخوفي▬kk55▬مواقع▬استخخخخدمم▬ https://t.co/WCiVIgbZiK,2025-04-25T15:14:06.000Z
حضور لافت للزميلة المبدعة سيرايا في مدينة ايستوريل بالبرتغال لتغطية الحدث الابرز في كرة القدم النسوية فوتبول سيفين و اللي منقولة حصريا على DAZN https://t.co/4hiUlTu6Ws,2025-04-25T15:14:04.000Z
ملعب كرة القدم في المركب الرياضي الجديد لولاية بشار سيكون تحفة فنية و لن يقل جمالا عن ملاعب آيت أحمد و مانديلا، الأمل أن يتم احترام آجال تسليم المشروع و لا تطول الأشغال التي يبدو حتى الآن أنها تسير بوتيرة بطيئة جدا. https://t.co/892oTWv62y,2025-04-25T15:14:03.000Z
"#كرة_القدم
""شاركني توقعاتك الرياضيه #تابعني لنناقش أخر مستجدات معآ""",2025-04-25T15:13:57.000Z
👂👱‍♀️🐬  two windows school▬فرىست▬فرست▬كرأى▬تطبىقۭ▬أدىدس▬ألسعؤدىة▬فىرىست▬فىرست▬كري▬أدىدأس▬ألخلىج▬فيرستكراى▬رشؤف▬للعسل▬راشوف▬عسل▬خيبابة▬الحب▬إخوفي▬kk55▬مواقع▬استخخخخدمم▬قوي▬AD15▬التطور▬ https://t.co/dOCsJHWjts,2025-04-25T15:13:46.000Z
"الدوري الاسباني عبارة عن مافيا 

نيغريرا ياخذ فلوس من برشلونه 
لاعب المفروض مايلعب لكنه يلعب ويصنع ويسجل (اولمو)

اسوء تحكيم في تاريخ كرة القدم 

وبالنهاية الصياح على ريال مدريد والتحكيم

ريال دعسهم تاريخياً ومافي طريقة يوقفونه الا بالتحكيم",2025-04-25T15:13:39.000Z
@bt3 نتن ياهو كرة القدم,2025-04-25T15:13:31.000Z
@suns53402399 @s_am57 @FragranceTime المهم لا تحسس من طرح حد كل شخص وحر بل يقوله اما تتدافع عن عطور lv حسستني لك نصيب في النهاية عطور كماليات مب كره القدم تعصب وكذا,2025-04-25T15:13:19.000Z
"FIFA يُطلق الأسبوع العالمي لكرة القدم لأول مرة ويدعو أسرة كرة القدم حول العالم للانضمام إلى الاحتفالات

 https://t.co/jR2RaDngUR https://t.co/86pmwsJMOY",2025-04-25T15:12:59.000Z
🚎🏊‍♂️💉  شجرتين لوحة▬فرىست▬فرست▬كرأى▬تطبىقۭ▬أدىدس▬ألسعؤدىة▬فىرىست▬فىرست▬كري▬أدىدأس▬ألخلىج▬فيرستكراى▬رشؤف▬للعسل▬راشوف▬عسل▬f60▬تحفهه▬أحمها▬mk25▬الأردو▬friscry▬كراي▬لبيرغب▬الحيات▬فيرست▬وتفوض▬التضلك https://t.co/CheC6qayIp,2025-04-25T15:12:56.000Z
@AHADI4 الي أعرفه إنك إنسان رياضي وتدرك الأمور. لذلك عندي استفسار إلك: هل تعتبر الشيء الي تسويه قناة هذا النادي غير الرياضي وعديم ذرة من أخلاقيات كرة القدم أمر طبيعي، ولا تشوفه سلوك منحط من نادي منحط؟,2025-04-25T15:12:53.000Z
#الأنصار يهزم #النجمة بصعوبة ١-٠ في قمة كرة القدم اللبنانية,2025-04-25T15:12:45.000Z
🩲🪜🍩  two books▬فرىست▬فرست▬كرأى▬تطبىقۭ▬أدىدس▬ألسعؤدىة▬فىرىست▬فىرست▬كري▬أدىدأس▬ألخلىج▬فيرستكراى▬رشؤف▬للعسل▬راشوف▬عسل▬ran129▬يجنن▬ففعأل▬قوي▬RAN226▬فعال▬AD11▬قؤؤى▬ra15▬تححفه▬kk55أحمورك▬وآخري▬kk55مشان▬وإذا▬ https://t.co/Rcc1RvspHd,2025-04-25T15:12:39.000Z
🧝‍♂️🗡🛍  fridge▬فرىست▬فرست▬كرأى▬تطبىقۭ▬أدىدس▬ألسعؤدىة▬فىرىست▬فىرست▬كري▬أدىدأس▬ألخلىج▬فيرستكراى▬رشؤف▬للعسل▬راشوف▬عسل▬خيبابة▬الحب▬إخوفي▬kk55▬مواقع▬استخخخخدمم▬قوي▬AD15▬التطور▬ https://t.co/wFEpddtUNb,2025-04-25T15:12:34.000Z
"@bt3 لا يا عمرو انما هي "" عرعر ""! مهد كرة القدم منذ الأزل ….",2025-04-25T15:12:29.000Z
"تشكيلة الهلال الرسمية لمواجهة غوانغجو في ربع نهائي دوري أبطال آسيا 🔥

#التعاونية_لتطمئن |  #الهلال_غوانجو | @Tawuniya https://t.co/9dyhAV9OXN",2025-04-25T15:12:24.000Z
🛵🥍🔨  خزانة أرض▬فرىست▬فرست▬كرأى▬تطبىقۭ▬أدىدس▬ألسعؤدىة▬فىرىست▬فىرست▬كري▬أدىدأس▬ألخلىج▬فيرستكراى▬رشؤف▬للعسل▬راشوف▬عسل▬AD15▬فعال▬خيبابة▬الحب▬إخوفي▬kk55▬مواقع▬استخخخخدمم▬ https://t.co/TzDzVYX9nr,2025-04-25T15:12:11.000Z
@forcabarca_ar ماتستاهل بس صهاينه كرة القدم مايرحمون,2025-04-25T15:11:59.000Z
"حلم 🌠🗃👋.
◐اد&amp;#x64A;دا&amp;#x633;◐ا&amp;#x64A;&amp;#x648;ا◐e22◐اد&amp;#x64A;د&amp;#x633;◐AAKK◐و&amp;#x633;ت◐ان&amp;#x633;&amp;#x62E;◐ضارة◐ال&amp;#x633;عود&amp;#x64A;ة◐الج&amp;#x633;د◐وي&amp;#x633;ت◐الأربعاء◐ا&amp;#x633;ت&amp;#x62E;دم◐ق&amp;#x648;&amp;#x64A;◐الم◐متااااح◐ا&amp;#x633;عار◐ق&amp;#x648;&amp;#x64A;◐ا&amp;#x64A;&amp;#x648;ه◐ https://t.co/fTLRTqRnKh",2025-04-25T15:11:50.000Z
@forcabarca_ar صهاينة كرة القدم هلنادي ختم الوضاعة مايسفل إلا بنفسه,2025-04-25T15:11:44.000Z
"لهذا كنا نتكلم عن ليغات ملعوبة مستحيل تفوز بها ك ريال مدريد 
لهذا عدد ألقاب الأبطال مثل الليغا أخير 35 عام تقريبآ وهذا إعجاز في عالم كرة القدم",2025-04-25T15:11:35.000Z
🌮🦃🍜  forest▬فرىست▬فرست▬كرأى▬تطبىقۭ▬أدىدس▬ألسعؤدىة▬فىرىست▬فىرست▬كري▬أدىدأس▬ألخلىج▬فيرستكراى▬رشؤف▬للعسل▬راشوف▬عسل▬خيبابة▬الحب▬إخوفي▬kk55▬مواقع▬استخخخخدمم▬قوي▬AD15▬التطور▬ https://t.co/MWaq5v40Wy,2025-04-25T15:11:26.000Z
@forcabarca_ar يهود كرة القدم,2025-04-25T15:11:24.000Z
@bt3 @forcabarca_ar اقسم بالله صهاينة كرة القدم https://t.co/zHH9HOzycf,2025-04-25T15:11:20.000Z
🎬🥋🦉  pen▬فرىست▬فرست▬كرأى▬تطبىقۭ▬أدىدس▬ألسعؤدىة▬فىرىست▬فىرست▬كري▬أدىدأس▬ألخلىج▬فيرستكراى▬رشؤف▬للعسل▬راشوف▬عسل▬ran129▬يجنن▬ففعأل▬قوي▬RAN226▬فعال▬AD11▬قؤؤى▬ra15▬تححفه▬kk55أحمورك▬وآخري▬kk55مشان▬وإذا▬ https://t.co/J6yfZYHLBd,2025-04-25T15:11:10.000Z
@News_Ejazah الطاولات يخلونها مشتركه مو مرسوم عليها تكون مصبوغه رصاصيه لوكرات مهمه لطلاب يحطون احتياجاتهم شنطهم الحمامات اهم شيء نظيفه لون البويه رصاصي مو كاتبين عليها مرايات حمامات تفتح النفس  يسون رياضات مره في الأسبوع زي السباحه كرة القدم كرة السله يخلون في الفسحه طاولات طعام كافتريا,2025-04-25T15:10:38.000Z
@CallHimGoat انا أشاهد كرة القدم فقط من أجل كريستيانو,2025-04-25T15:10:36.000Z
@Copa_Lal اقسم بالله صهاينة كرة القدم https://t.co/pHBUQa6Yyz,2025-04-25T15:10:36.000Z
@Nr_nfi نبي تيفو لاعبين النصر لابسين ال ستارك ويتوسطهم الاسطوره رونالدو وعبارة ( كرة القدم تتذكر ),2025-04-25T15:10:29.000Z
"ماركوس ليوناردو وحسان تمبكتي في قائمة الهلال الأساسية لمواجهة غوانغجو في ربع نهائي دوري أبطال آسيا للنخبة 🔵

#العربية 
#العربية_رياضة https://t.co/IhjLV8bqPg",2025-04-25T15:10:27.000Z
"RT @khuris111: مبروك معالي المستشار الثقة الملكية الكريمة
وعودة حميدة للرياضية ، نسأل الله لمعاليك التوفيق والنجاح . 
حيث ما كنت يرافقك الإ…",2025-04-25T12:41:24.000Z
"RT @majed_alshibani: للمتخوفين من حالة الهلال
ما فيه فريق في أي رياضة في العالم أمس يكون عنده مشاكل كبيرة واليوم يصبح فريق مثالي ، ما فيه…",2025-04-25T12:21:13.000Z
@3amoSe7s والله كواليتي نايك و اديداس عادية اصلا و هتلاقي حاجات لوكال احسن بس بلدك بتفرض ضرايب عالية و الايجارات غالية و المرتبات و كل ده هيخلي الطقم يعدي ال ٥٠٠٠ بالكواليتي الكويسه,2025-04-25T12:21:13.000Z
@x5vrt_ هدول إيرائيل كرة القدم وليس إسرائيل كرة القدم فقط,2025-04-25T12:21:10.000Z
@AncelottIisGoat ريال مدريد الوجه القبيح من كرة القدم,2025-04-25T12:21:06.000Z
@1SMi_ وهو صادق اي لاعب واي نادي قمة طموحه اللعب امام نادي النصر ليشاهده ويعرفه كل متابعين كرة القدم فالعالم,2025-04-25T12:20:58.000Z
"RT @bt3: كذبوا عليك وقالوا انجلترا مهد كرة القدم..

الحقيقة هي أن القصيم مهد كرة القدم!",2025-04-25T12:20:55.000Z
"ريال مدريد بعيداً عن جماهيره 
هو نادي و مؤسسه في قمة الانحطاط و الفساد نادي فاسد على كل المستويات 
من لاعبين إلى إدارة الى اعلام مجموعة منافقين 
صهاينة كرة القدم https://t.co/aNEJ77fcnI",2025-04-25T12:20:43.000Z
RT @France24_ar: #الذكاء_الاصطناعي أصبح لاعباً أساسياً في تدريب فرق #كرة_القدم العالمية، حتى إن بعض الأندية العربية في السعودية والإمارات و…,2025-04-25T12:20:38.000Z
RT @0IIllIl0: وأنت تقرأ سورة #الكهف لا تنس أن تتدبر كيف أصلح الله حال الجدار ليتيمين لا يعلمان بشأنه ، كيف حفظ مستقبل الأبوين ، كيف أدار ال…,2025-04-25T12:20:35.000Z
تم اضافة فعاليات وفنون لمركز النصح والارشاد كالتالي : ١-عرض ازياء نصف محتشمة ٢-رياضة التظريط ٣-مسابقة اكبر مؤخرة ٤-مسابقة اطول مدة في وضعيات اباحية بلباس محتشم ٥-مسابقة اسرع مدة لحلب القضيب اكتبي رقم مسابقة خاص #معصيتي_رحتيًًِِ,2025-04-25T12:20:35.000Z
"RT @forcabarca_ar: كيف ترى هذه المباراة النهائية بين ريال مدريد وبرشلونة❓

بيبي: إنه نهائي مميز، ستكون مباراة خاصة جدًا لكلا الفريقين. مبار…",2025-04-25T12:03:10.000Z
"RT @bandar_aaz: إتركوا التعصب

كرة القدم تجمع ولا تفرق",2025-04-25T12:03:01.000Z
RT @MmaQarat: شاب يمارس رياضة ركوب الدراجات الهوائية  وانتهى به الأمر بالاصطدام بعنف بشاحنة على الطريق السريع في لا سيجا في أنتيوكيا. https…,2025-04-25T12:02:54.000Z
"عام 2015/2016 
حقق فيه فاردي  ورفاقه واحد من اعظم الانجازات الكرويه بتاريخ كرة القدم https://t.co/V2xMP5thY2",2025-04-25T12:02:54.000Z
"RT @ramzemsa3d: بصفتي لاعب شبابي سابق واحد عشاقه 
أؤيد ما ذكر في البيان الشبابي المشترك وأتفق معه جملة وتفصيلا حيال ما صدر من لجنة مشروع تو…",2025-04-25T12:02:53.000Z
"RT @Gardens_ruwaad: محترفون تصميم وتنسيق الحدائق والملاعب بالمملكة 
خامات عالية الجودة 🌳
مواعيد مناسبة ثابتة 🙏
أقل تكلفة ممكنة 👌
تنسيق حدائ…",2025-04-25T12:02:52.000Z
"RT @eidsmz77: لم يتواجدو   طبيعي في كرة القدم... انشقاق في انشقاق

العلم كله شقشقه

مذعورين  بهم خوف فيهم رهبه

يتمنون اختفاء جارهم   الذي…",2025-04-25T12:02:48.000Z
"RT @b_m_alshmrani: #توثيق_البطولات 
#توثيق_تاريخ_الكرة_السعودية 
 #توثيق_البطولات_السعودية 
 #توثيق_تاريخ_كرة_القدم_السعودية https://t.co/f…",2025-04-25T12:02:43.000Z
"RT @dbasdosari1: معلومة لا يختلف عليها اثنان:
أول دوري ممتاز عام 1977
أول بطل للدوري الممتاز #الهلال 

#توثيق_البطولات 
#توثيق_تاريخ_كرة_ال…",2025-04-25T12:02:33.000Z
RT @MmaQarat: شاب يمارس رياضة ركوب الدراجات الهوائية  وانتهى به الأمر بالاصطدام بعنف بشاحنة على الطريق السريع في لا سيجا في أنتيوكيا. https…,2025-04-25T12:02:33.000Z
RT @MmaQarat: شاب يمارس رياضة ركوب الدراجات الهوائية  وانتهى به الأمر بالاصطدام بعنف بشاحنة على الطريق السريع في لا سيجا في أنتيوكيا. https…,2025-04-25T11:40:24.000Z
"RT @Gardens_ruwaad: محترفون تصميم وتنسيق الحدائق والملاعب بالمملكة 
خامات عالية الجودة 🌳
مواعيد مناسبة ثابتة 🙏
أقل تكلفة ممكنة 👌
تنسيق حدائ…",2025-04-25T11:40:20.000Z
"⚽️ رياضة 

فيفا يوقف زيدان إقبال لمباراة واحدة بعد استفزازه لدكة بدلاء الكويت، ويوجه إنذارًا لإبراهيم بايش بسبب تصرفه بعد مباراة فلسطين.

واللاعب الكويتي الي استفز الجماهير العراقية باشارة الذبح يمكن شاملة قانون العفو ! https://t.co/zuCRqU7GrC",2025-04-25T11:40:19.000Z
RT @Abu_saad93: الشيخ عبدالرحمن السماري عميد الإعلام الهلالي متعه الله بالصحة والعافية قال الكلمة الفصل في بطولات #النصر بصفته شخص عاصر بدا…,2025-04-25T11:40:11.000Z
@A7uiOo @bt3 كانتي وديابي والله روح تابع سله ولا تنس احسلك,2025-04-25T11:40:01.000Z
"RT @alharbi_44: خبر :

مُدرب غوانجو الكوري ""ليس لدي معلومات عن نادي الهلال"" وفي السعودية لا أعرف إلا نادي النصر ""كبير القارة والأشهر في ريا…",2025-04-25T11:39:59.000Z
"RT @Abuabdullah_68: وانقلوا عن عبدالإله النجيمي عضو فريق عمل مشروع توثيق #تاريخ_كرة_القدم_السعودية انه يقول : 
ما نشره حساب نادي #النصر صحي…",2025-04-25T11:39:57.000Z
"RT @riyadiyatv: #في_90 | محمد سالم:
الكأس كأس و الدوري دوري والأرقام كثيرة وبعض الأندية فاجأتنا بإعلان بطولات، البطولات تكسب بالمجهود فقط.…",2025-04-25T11:39:55.000Z
"RT @alhammadisa1: #للشبابين خاصه
وللرياضيين عامه

المكانه التاريخيه للنادي العريق
#شيخ_الانديه نادي #الشباب
لا تخفى على #عقلاء مجتمع
⚽️🇸🇦كر…",2025-04-25T11:39:53.000Z
"أكبر عدد من الاهداف في الاشواط الاضافية في مباراة احترافية في تاريخ كرة القدم.

بعد ان شهد الدوري الاوروبي احد ابرز الليالي في تاريخ البطولة بين مانشستر يونايتد وليون، يقدّم الاتحاد الدولي للتاريخ والإحصاء مباريات شهدت 5+ اهداف في الاشواط الاضافية على الصعيد الاحترافي. https://t.co/tcF5h2Dbjo",2025-04-25T11:39:49.000Z
"RT @alhammadisa1: #للشبابين خاصه
وللرياضيين عامه

المكانه التاريخيه للنادي العريق
#شيخ_الانديه نادي #الشباب
لا تخفى على #عقلاء مجتمع
⚽️🇸🇦كر…",2025-04-24T22:34:24.000Z
"RT @saleh_alturigee: ""هيئة الرياضة"" شكلت لجنة توثيق، ثم حلتها، ولم تنشر نتائجها، فكيف نقارن بينهما؟
ما صدر عن ""الخليوي"" كتاب لا يصنف توثيق،…",2025-04-24T22:34:22.000Z
"RT @faqeeh_1979: ✍🏻
أعظم بطولة في تاريخ النادي الأهلي
""يومين"" فقط وينطلق الملكي في النخبة.
~
الثقة في الله عز وجل وتوفيقه ثم دعم جمهور الأه…",2025-04-24T22:34:18.000Z
RT @AJA_Egypt: لا تنسَ إعادة ضبط ساعتك مع دخول التوقيت الصيفي حيز التنفيذ https://t.co/FAgnpBsplF,2025-04-24T22:34:13.000Z
"RT @khalaf_h: #توثيق_البطولات
النصر هو أهم الاندية السعودية على الاطلاق ولعب في صفوفه ماجد عبد الله أيقونة الكرة السعودية ولقبته  الصحافة ا…",2025-04-24T22:34:10.000Z
"بالنسبة ليا ثلاثي الوسط الأساسي في قادم التربصات تيطراوي بوداوي مازة. بعدها دير لي تحب كبدلاء ليهم

[ مقالات و تحليلات كرة القدم ]",2025-04-24T22:34:08.000Z
💇‍♂️⛷🦓  ساعة ثلاجة▬فرىست▬فرست▬كرأى▬تطبىقۭ▬أدىدس▬ألسعؤدىة▬فىرىست▬فىرست▬كري▬أدىدأس▬ألخلىج▬فيرستكراى▬رشؤف▬للعسل▬راشوف▬عسل▬ran129▬يجنن▬ففعأل▬قوي▬RAN226▬فعال▬AD11▬قؤؤى▬ra15▬تححفه▬kk55أحمورك▬وآخري▬kk55مشان▬وإذا▬ https://t.co/YgjLN16fcn,2025-04-24T22:34:07.000Z
"RT @saleh_smee41777: اساطير الكرة السعودية 
@SamiAlJaber الاسطورة سامي الجابر 9️⃣
@YousifAlthunian الاسطورة يوسف الثنيان1️⃣5️⃣
 افضل من لمس…",2025-04-24T22:34:05.000Z
"RT @TRTRTR2023: أنا سعيد جداً بهبوط نادي #الرائد أغث وأزبل وأفشل فريق عرفتة كرة القدم السعودية

بشكراً بحجم السماء لنادي #التعاون @Altaawou…",2025-04-24T22:33:57.000Z
"RT @faqeeh_1979: ✍🏻
أعظم بطولة في تاريخ النادي الأهلي
""يومين"" فقط وينطلق الملكي في النخبة.
~
الثقة في الله عز وجل وتوفيقه ثم دعم جمهور الأه…",2025-04-24T22:33:56.000Z
@jv9ft كرة القدم ظالمه,2025-04-24T22:18:46.000Z
"RT @bt3: كذبوا عليك وقالوا انجلترا مهد كرة القدم..

الحقيقة هي أن القصيم مهد كرة القدم!",2025-04-24T22:18:46.000Z
RT @or4k_: هبوط الرائد هو أكثر شي مستحق بتاريخ كرة القدم السعودية، كل مرة ينجو اما بمعجزة او بآخر 3 جولات او بزيادة أندية، هبوطه من صالح ال…,2025-04-24T22:18:45.000Z
"RT @AR7IANO: • سيشهد التاريخ ان هذا الموسم او هذه "" النسخة "" من بطولة النخبة الاسيوية ..

سجلت رقم قياسي لم يُسبق اطلاقاً في اي بطولة حدثت…",2025-04-24T22:18:45.000Z
"RT @abomnal: الاتحاد الاسيوي حالف انه يقتل متعة وشغف كرة القدم عند جماهير #النصر ويعيشهم في قلق قبل المباراة بأيام الى ان تنتهي ..😔

ما في…",2025-04-24T22:18:40.000Z
🫴🐭🎠  chair moon▬فرىست▬فرست▬كرأى▬تطبىقۭ▬أدىدس▬ألسعؤدىة▬فىرىست▬فىرست▬كري▬أدىدأس▬ألخلىج▬فيرستكراى▬رشؤف▬للعسل▬راشوف▬عسل▬f60▬تحفهه▬أحمها▬mk25▬الأردو▬friscry▬كراي▬لبيرغب▬الحيات▬فيرست▬وتفوض▬التضلك https://t.co/dbaxI8Wnoi,2025-04-24T22:18:39.000Z
"بولونيا يقصي إمبولي ويتأهل لمواجهة ميلان في نهائي كأس إيطاليا في قمة مرتقبة

🔗 https://t.co/rK0yreY1fa

#الخليجي_نت #AlkhaleejiNet #بولونيا #إمبولي #ميلان #كأس_إيطاليا #كرة_القدم #الدوري_الإيطالي #أخبار_الرياضة #نهائي_الكأس https://t.co/jAYvtejmcC",2025-04-24T22:18:31.000Z
"RT @bu_saad_9: #الهلال دائماً الاول؛  والبقية
 يتزايدون على المركز الثاني ؛
📌ـ مشروع توثيق تاريخ كرة القدم 
يـقطع الشك باليقين (👇) https://…",2025-04-24T22:18:28.000Z
"ما اتوقع فيه احد عاش ذي الفتره وماعشق كريس، كل شي تحب تشوفه في لاعب كره القدم كان موجود عنده

صواريخ على بعد 30 yrd
ركلات حره جنونيه
احتفالات ايقونيه
مراوغات ومهارات
تمريرات اذا كنت ممحون إحصائيات 

محظوظ الي عاش ذي الفتره وقتها https://t.co/Xokz9BwAm3",2025-04-24T22:18:28.000Z
"RT @bt3: كذبوا عليك وقالوا انجلترا مهد كرة القدم..

الحقيقة هي أن القصيم مهد كرة القدم!",2025-04
@i_Aliz7 لأن كرة القدم اليوم تغيرت كثيير صارت تعتمد كثيرًا على اللعب الجماعي والتكتيكات على خلاف السابق كان فيه نجوم يشيلون فريق بمهاراتهم الفردية الآن مع هالزمن ما راح تنفعك المهارات طالما ان خصمك مقفل عليك الطريق اللي كنت تستخدمه بمهاراتك ،تفرج في مباراة الريال وارسنال وبتعرف معنى كلامي,2025-04-24T17:46:00.000Z
"RT @1N800: ثريد | البرازيل وكرة القدم: قصة حب عمرها أكثر من قرن
عندما تُذكر البرازيل، يخطر ببالك الشواطئ، الكرنفالات… لكن قبل كل شيء: كرة…",2025-04-24T17:45:56.000Z
"@sd0nayeon @_k1l9 الفرص شي وارد في كرة القدم حتى السهله تضيع
مو غصب تتسجل ضيعو لاعبين والباب مكشوف",2025-04-24T17:45:51.000Z
"RT @ali_aljalaidan: الصياح وصل القطب الجنوبي 
#توثيق_البطولات 
#النصر 19 دوري بجميع مسمياته..
البطولة العربية رسمية 
 #توثيق_تاريخ_كره_القد…",2025-04-24T17:45:47.000Z
"RT @M_S_M_Alamr: الامير عبدالرحمن بن سعود 
غفر الله له ولوالديه يشرح 
معنى بطولات حرة نقية  !

#عبدالرحمن_بن_سعود_رحمه 
#النصر_قوة_ناعمة_ود…",2025-04-24T17:45:47.000Z
"RT @PierreABISAAB: https://t.co/Lije8dRLtD

#ريتشارد_غير / #محمود_درويش: 

وأَنتَ تُعِدُّ فطورك فكِّرْ بغيركَ
[ لا تَنْسَ قُوتَ الحمامْ ]…",2025-04-24T17:45:45.000Z
"RT @dbasdosari1: نادي #الشباب يعلن رفضه نتائج 
مشروع #توثيق_تاريخ_كرة_القدم_السعودية في بيان رسمي بتوقيع الأمراء خالد بن سعد وعبدالرحمن بن…",2025-04-24T17:45:43.000Z
"RT @PierreABISAAB: https://t.co/Lije8dRLtD

#ريتشارد_غير / #محمود_درويش: 

وأَنتَ تُعِدُّ فطورك فكِّرْ بغيركَ
[ لا تَنْسَ قُوتَ الحمامْ ]…",2025-04-24T17:45:41.000Z
💀🌶🤸  طاولة خزانة▬فرىست▬فرست▬كرأى▬تطبىقۭ▬أدىدس▬ألسعؤدىة▬فىرىست▬فىرست▬كري▬أدىدأس▬ألخلىج▬فيرستكراى▬رشؤف▬للعسل▬راشوف▬عسل▬AD15▬فعال▬خيبابة▬الحب▬إخوفي▬kk55▬مواقع▬استخخخخدمم▬ https://t.co/HnajKkjmRU,2025-04-24T17:45:40.000Z
RT @waleedalfarraj: اعتقد خلال أسبوع سيتم صدور قوائم رسمية معتمدة من وزارة الرياضة ودارة الملك عبدالعزيز بتاريخ كرة القدم السعودية وتصنيف ا…,2025-04-24T17:45:37.000Z

"RT @a_kk_2009: إساطير كوكب الارض في كرة القدم 
بشعار النادي الملكي النادي #الاهلي
….
☑️بيليه
☑️يوهان كرويف 
☑️دييغو ماردونا
…. https://t.co…",2025-04-17T12:35:00.000Z
"RT @CCM_47: هيجان جمهورنا الحالي يذكرني بهيجانهم موسم 2019

تشكيلتنا معقولة وتحتاج كم لمسة بسيطة فقط لا غير
مدافعين ممتازين على الكورة ولاع…",2025-04-17T12:34:45.000Z
"RT @a_kk_2009: إساطير كوكب الارض في كرة القدم 
بشعار النادي الملكي النادي #الاهلي
….
☑️بيليه
☑️يوهان كرويف 
☑️دييغو ماردونا
…. https://t.co…",2025-04-17T12:34:41.000Z
"RT @majed9_999: يوسف خميس
طارق كيال
جاسم الياقوت
طلال آل الشيخ

كشفوا اللوبي الأزرق فأجبروا رغماً عنهم على الاعتذار

هذه ليست رياضة ولا تمت…",2025-04-17T12:34:40.000Z
@hjbtny1 الافضل كلووب عامل الخبر في كرة القدم,2025-04-17T12:34:39.000Z
"RT @a_kk_2009: إساطير كوكب الارض في كرة القدم 
بشعار النادي الملكي النادي #الاهلي
….
☑️بيليه
☑️يوهان كرويف 
☑️دييغو ماردونا
…. https://t.co…",2025-04-17T12:34:36.000Z
@Saadi05933 @HoushLia @iAnonPatriot النادي السعودي الذي رفض توثيق البطولات المحلية والدولية هو نادي الشباب. وفقًا لتقارير، رفض الشباب المصادقة على وثيقة مشروع توثيق تاريخ كرة القدم السعودية بسبب مخاوف من إعادة تصنيف البطولات التاريخية، خاصة تحويل الألقاب المحسومة بالنقاط إلى ألقاب دوري. هذا المشروع، الذي يغطي 123,2025-04-17T12:34:26.000Z
"RT @a_kk_2009: إساطير كوكب الارض في كرة القدم 
بشعار النادي الملكي النادي #الاهلي
….
☑️بيليه
☑️يوهان كرويف 
☑️دييغو ماردونا
…. https://t.co…",2025-04-17T12:34:24.000Z
😶📏💖  نافذة▬فرىست▬فرست▬كرأى▬تطبىقۭ▬أدىدس▬ألسعؤدىة▬فىرىست▬فىرست▬كري▬أدىدأس▬ألخلىج▬فيرستكراى▬رشؤف▬للعسل▬راشوف▬عسل▬ran129▬يجنن▬ففعأل▬قوي▬RAN226▬فعال▬AD11▬قؤؤى▬ra15▬تححفه▬kk55أحمورك▬وآخري▬kk55مشان▬وإذا▬ https://t.co/SaA9LtSEc7,2025-04-17T12:34:16.000Z
🥪🪅🧜‍♂️  سجادة شباك▬فرىست▬فرست▬كرأى▬تطبىقۭ▬أدىدس▬ألسعؤدىة▬فىرىست▬فىرست▬كري▬أدىدأس▬ألخلىج▬فيرستكراى▬رشؤف▬للعسل▬راشوف▬عسل▬خيبابة▬الحب▬إخوفي▬kk55▬مواقع▬استخخخخدمم▬قوي▬AD15▬التطور▬ https://t.co/z3pYe2HLAo,2025-04-17T12:34:14.000Z

RT @boesssa: الشيخ : اداراة #الشباب اتفقت مع جوانكا للتجديد ، ووكيل أعمال نادر الشراري اشترط ٦مليون للموسم الواحد ،وهناك ثلاثة لاعبين في ال…,2025-04-16T22:57:42.000Z
"RT @bt3: 🚨🚨🚨🚨🚨🚨🚨🚨🚨🚨🚨🚨🚨🚨🚨🚨

هكذا سيٌصبح السجل الذهبي لأبطال (الدوري، كأس الملك) في كرة القدم السعودية 🇸🇦

• الهلال الاكثر تحقيقًا للدوري تار…",2025-04-16T22:57:40.000Z
RT @majee7ed: أشرف القائد أشرف الفنان أشرف المهديوي أحد أفضل من أرتدى شعار التعاون عبر التاريخ .. أنا سعيد جدًا بمشاهدة أشرف كل أسبوع أنا س…,2025-04-16T22:57:40.000Z
"RT @SalahAlhayat: خالص التعازي :
رغم مشاعري الغير ودية تجاه منظومة كرة القدم المصرية، لكن هذا لا يعني ابداً الشماتة في احزان أفرادها …
ولأن…",2025-04-16T22:57:37.000Z
"@Shargi_432 في النهاية هذه كرة القدم
رجل حقق دوري الأبطال ٧ مرات كلاعب و مدرب، لكن حان الوقت للتغيير. 
اتطلع لرؤية ريال مدريد جديد بفكر شاب ودماء جديدة خاصة في خط  الدفاع.",2025-04-16T22:57:36.000Z
"RT @RiyadahScoop: آل الشيخ : أحب إدارة فهد بن نافل ،ولكن بعض المواقف في #الهلال تحتاج قرار جريء 
@Talal_Alshaikh

⁧#رياضة_سكوب_على_SBC⁩
⁧#ه…",2025-04-16T22:57:35.000Z
"RT @RiyadahScoop: آل الشيخ : هل ستتحمل إدارة #الهلال الضغط لو خسر الفريق من الخليج ، وفي هذه المرحلة اللاعبين هم الأهم  
@Talal_Alshaikh

⁧…",2025-04-16T22:57:32.000Z
🪧🖥👚  star cup▬فرىست▬فرست▬كرأى▬تطبىقۭ▬أدىدس▬ألسعؤدىة▬فىرىست▬فىرست▬كري▬أدىدأس▬ألخلىج▬فيرستكراى▬رشؤف▬للعسل▬راشوف▬عسل▬خيبابة▬الحب▬إخوفي▬kk55▬مواقع▬استخخخخدمم▬قوي▬AD15▬التطور▬ https://t.co/Y2BkCVlcq0,2025-04-16T22:57:29.000Z
"RT @RiyadahScoop: آل الشيخ : في الفئات السنية لايجب الاعتماد على عمل الأندية ،واللاعب أصبح صناعة وليس مجرد موهبة فقط  
@Talal_Alshaikh

⁧#ر…",2025-04-16T22:57:28.000Z
"RT @RiyadahScoop: آل الشيخ : أحب إدارة فهد بن نافل ،ولكن بعض المواقف في #الهلال تحتاج قرار جريء 
@Talal_Alshaikh

⁧#رياضة_سكوب_على_SBC⁩
⁧#ه…",2025-04-16T22:57:17.000Z

"دعهم يحاولون .. فالمحاولة امامك شرف بألقابك لن يتعدوك في مجدك لن يتحدوك  
أنا سيد القارة ..أنا سيد كرة القدم وكبيرها🤍. https://t.co/HBd9uSQVBk",2025-04-16T21:24:34.000Z
"RT @KT_AFC3: قاعدتين مهمة في كرة القدم

القاعدة الاولى :
ارسنال كابوس مدريد الابدي

القاعدة الثانيه :
لا تنسى القاعدة الاولى أبدًا

اسهل مب…",2025-04-16T21:24:32.000Z
ولا تنسَ التعزيز بنقاط الوحدة المستحقة والتي أخفيت في الأدراج https://t.co/Kh173CBOvx,2025-04-16T21:24:32.000Z
@SouihatKhaled من جانب آخر أنشيلوتي يعتمد كثيرا على الظهيرين و كل نجاحاته مع الريال كان الظهيرين عامل مهم في ذلك و شاهدنا في نهائي ال10 أول تغيرين كان الظهيرين و هذا الموسم لعب بدون ظهيرين لذلك قلت ليس الملام الوحيد فيما حدث و في الأخير هذه هي كرة القدم نجاح و فشل فوز و خسارة,2025-04-16T21:24:31.000Z
@Maher_VII معك يا حبيب هههههه هي كرة القدم فوز وخسارة يلا افرح انتوا وصلتوا لهون من 2019 واتركك مننا😂,2025-04-16T21:24:31.000Z
@dr_o02 الحمد لله انتصرت كرة القدم الجميلة 😆,2025-04-16T21:24:30.000Z
"بعيدا عن البطولة لأنني لم أتوقع تحقيق الريال للأبطال هذا الموسم وحققناها كثيرا خلال السنوات الماضية ومن الطبيعي جدا ألأ يفوز بها ريال مدريد كل عام .. 

لكن سبب إحباطي ليس الخروج .. رغم توقعي للخروج لكن سبب الإحباط ممتد منذ فترة طويلة لافتقادنا أبجديات كرة القدم التي يلعبها اي",2025-04-16T21:24:29.000Z
"@TrendEPL هههههه الدفاع جزء من كره القدم هههههههه
لا تبرر عدم مقدرتك بافعال الغير.. لاعب 🤡",2025-04-16T21:24:29.000Z
"@Khaled_ag دعس مدلل العاصمة ريال مدريد …
عادات وتقاليد بلوغرانية كتالونية…
بدون ما نذكر سيد كرة القدم ميسي ...
لأنه بالنسبة لهم …
هو كابوس مزعج …
🤫🤫🤫🤫🤫🤫🤫🤫🤫🤫 https://t.co/n30gWGN4ia",2025-04-16T21:24:29.000Z
"@a5medv وكان كره القدم عباره عن مواجهه الارسنال فقط؟؟ 
لم أتخيل أن تفاهتك بهذه الدرجه..",2025-04-16T21:24:28.000Z
"RT @hilalstuff: 🚨🚨🚨🚨🚨🚨🚨 عاجل — @StatusARB:

نتائج فريق توثيق تاريخ كرة القدم السعودية في عدد بطولات الأندية السعودية 

— 🔵 الهلال أولاً بـ…",2025-04-07T12:26:19.000Z
"RT @1SMi_: 🚨🚨🚨🚨🚨🚨🚨🚨 عاجل — @StatusARB:

نتائج فريق توثيق تاريخ كرة القدم السعودية في عدد بطولات الأندية السعودية 

🔵 الهلال — 78 بطولة 
.
.…",2025-04-07T12:26:11.000Z
"RT @Adnan_Jas: زحمة والله يادنيا زحمة 
وعلى الاهلي شوية رحمة 
المنافسة بين الاتحاد والاهلي #انتهت من زمان قبل #هبوطه لدوري #يلو وبعد هبوطه…",2025-04-07T12:26:10.000Z
"RT @boesssa: البكيري : فريق #الشباب منظم ، ودور فاتح تيريم كان واضحاً رغم حضوره في فترة صعبة 
@m_bukairy

#رياضة_سكوب

 https://t.co/ZQq5a7…",2025-04-07T12:26:08.000Z
RT @ElGarhyOfficial: مستقبل #الرياضة في مصر يحتاج لحوار مجتمعي موسع بمشاركة كل الأطراف المعنية، وليس بفرض أمر واقع أو حوار داخل الغرف المغل…,2025-04-07T12:26:05.000Z
"RT @aibnsamita79: 🇵🇹اكثر من سجل دوليًا-  في تاريخ كرة القدم: 
1- 🇵🇹 الأسطورة كريستيانو: 136 هدف 
2- 🇵🇹 الأسطورة كريستيانو (بدون ضربات جزاء)…",2025-04-07T12:25:54.000Z
"RT @hilalstuff: 🚨🚨🚨🚨🚨🚨🚨 عاجل — @StatusARB:

نتائج فريق توثيق تاريخ كرة القدم السعودية في عدد بطولات الأندية السعودية 

— 🔵 الهلال أولاً بـ…",2025-04-07T12:25:47.000Z
"RT @bt3: 🚨🚨🚨🚨🚨🚨🚨🚨🚨🚨🚨🚨🚨🚨🚨

عااااااااااااااااااااااااااااااااجل — مصادر @StatusARB :

نتائج فريق توثيق تاريخ كرة القدم السعودية التي ستظهر في…",2025-04-07T12:25:47.000Z
"ليل 🪨❄.
▬فرىست▬فرست▬كرأى▬تطبىقۭ▬أدىدس▬ألسعؤدىة▬فىرىست▬فىرست▬ألأمأرأت▬كري▬أدىدأس▬ألخلىج▬فيرستكراى▬مؤقع▬رشؤف▬للعسل▬راشوف▬عسل▬f60▬تحفهه▬ألأقؤى▬أحمها▬فعأل▬mk25▬الأردو▬friscry▬كراي▬عظىم▬رؤعة▬لبيرغب▬قؤى▬ىهبل▬RAN236▬الحيات▬فخم▬فرستكراى▬جمىل▬عرؤض▬ https://t.co/LHICCy3CJC",2025-04-07T12:25:45.000Z
"هداف الدوري لـ6 مرات متتالية
افضل لاعب بالدوري 5 مرات متتالية 
افضل صانع في دوري مرة ومعه في نفس الموسم الهداف
حقق الدوري 7 مرات من اصل 8 شارك فيها
الهداف التاريخي للدوري الفرنسي وجميع البطولات المحلية

الابن العاق في كرة القدم هو باريس مع مبابي نقطة على السطر. https://t.co/8lGoDT92ru https://t.co/UoTETD3Mnt",2025-04-07T12:25:42.000Z
"RT @ALMRISEUL: الأربعيني التاريخي كريستيانو رونالدو يقول 
كرة القدم جنونية و يجب أن نستمع باللحظة
و أمل تحقيق الدوري قائم 
إذن لنستمع باللح…",2025-04-07T23:32:10.000Z
RT @frhelrby: استعد نفسيا وبدنيا وايمانيا أنت وولدك واهل بيتك. بالمحافظة علي الصلاة والاوراد وحفظ القرآن ومدارسته، وتعلم رياضه وتقنيات العص…,2025-04-07T23:31:57.000Z
RT @frhelrby: استعد نفسيا وبدنيا وايمانيا أنت وولدك واهل بيتك. بالمحافظة علي الصلاة والاوراد وحفظ القرآن ومدارسته، وتعلم رياضه وتقنيات العص…,2025-04-07T23:31:57.000Z
"﴿وَهُوَ مَعَكُمْ أَيْنَ مَا كُنتُمْ﴾
في زحمة الحياة، لا تنسَ أن أقرب من تبحث عنه… أقرب إليك من نفسك. 

#الوتر",2025-04-07T23:31:36.000Z
"@sntop222 لما اكون بزياره لصديقي زوجتو ع طول تلبس امامي غير عن الباقين وتجحرني كاني نايك امها مو نايكها 
صح زوج روبي https://t.co/gQPqM8PE5L",2025-04-07T23:31:22.000Z
"RT @aljhdhamy: الجلوس في حضرة سلطان. .. حفيد السلاطين 
#السلطان #هيثم_بن_طارق حفظه الله والحوار حول الرياضة العمانية بصفة عامة
 و كرة القدم…",2025-04-07T23:31:16.000Z
"RT @sara__4b: الجميع يعلم انه لوكا مودريتش واحد من اساطير كرة القدم و اسطورة حية في ريال مدريد ✨🤍

ثريدد | عن المكافحة التي عاشها مودريتش ف…",2025-04-07T23:31:16.000Z
"بوفون لـ رانييري: على إفتراض أنه يحب روما، لماذا يجب عليه التراجع عن تدريب الفريق و الإعتزال؟“

رانييري: ”أريد أن أرى ماهو موجود خارج كرة القدم 🥹“
#ASRoma 
 https://t.co/jfSoQX8woC",2025-04-07T23:31:15.000Z
@KngsAFC حب السعوديين لولي عهدنا❤️💜وقائد رؤيتنا 🇸🇦 مثل عشق جماهير الاهلي 💚🤍💜السعودي بمختلف الأجناس على مر العصور💚 واللي مايعرف عشق الأهلي💚💜 لا يعرف عشق كرة القدم وحب💜💚🧡❤️السعوديين🇸🇦💚لولي العهد,2025-04-07T23:30:52.000Z
@KaiserTottenham مرحباً! قرار تغيير الفريق اللي تشجعه كبير وشخصي. فكر شو اللي جذبك لتوتنهام أول مرة—الأسلوب، التاريخ، أو المجتمع؟ لو حسيت انقطاع بسبب الأداء أو تغيير باهتماماتك، ممكن تستكشف فريق ثاني. بس الصبر على فريقك وقت التحديات له متعته. المهم، اختار اللي يسعدك كمشجع، لأن كرة القدم متعة!,2025-04-07T23:30:34.000Z
"RT @jilijllll: الاندية الاكثر تحقيقا للالقاب فى تاريخ كرة القدم 
دايما الاهلى مشرف مصر https://t.co/hM907OHcLF",2025-04-08T11:45:44.000Z
"الفايز: الشعبوية والخطب الرنانة لا تخدم القضية الفلسطينية

https://t.co/wYpXs3HOgx

#عمان_جو #رياضة #ammanjo #منوعات #فن #الأردن #الاردن_24 #شادي_سمحان",2025-04-08T11:45:37.000Z
"@1MshariGarni هنري 
زيدان 
رونالدينهو
روني 
فان بيرسي 
ميسي 
كرستيانو 

جيل ذهب وذهبت معه متعة كرة القدم",2025-04-08T11:45:30.000Z
@AliAlharby63734 شايب الهاص هو لقب لشخصية نشطة في مناقشات كرة القدم السعودية على منصات مثل إكس ويوتيوب. يُعرف بمشاركته في نقاشات الجماهير، خاصة حول أندية مثل النصر والهلال، ويستضيف مساحات صوتية على إكس. هويته الحقيقية غير معلنة، لكنه معروف بتأثيره في مجتمع المشجعين، حيث يظهر اسمه في بضائع مثل,2025-04-08T11:45:29.000Z
"RT @aljhdhamy: اختيار النجم منذر العريمي لأداء القسم في حفل الافتتاح نيابةً عن اللاعبين المشاركين اختيار موفق.
فهو قائد منتخبنا وصيف آسيا و…",2025-04-08T11:45:26.000Z
"RT @aljhdhamy: حضور رسمي من الوفود الخليجية لمتابعة مسابقات 
رياضة الطيران الشراعي #الألعاب_الشاطئية_مسقط2025 
 #الإمارات_العربية_المتحدة #…",2025-04-08T11:45:23.000Z
RT @aljhdhamy: طه بن سليمان الكشري، الأمين العام للجنة الأولمبية العُمانية ونائب رئيس اللجنة العليا المنظمة، تابع لقاء منتخبنا الوطني مع ال…,2025-04-08T11:45:21.000Z
"بمناسبة مبارة أرسنال والريال لا يجب أن تكون كرة القدم بمثابة حياة أو موت بالنسبة لك
بل يجب أن تكون أكثر من ذلك بكثير 
هلا مدريد https://t.co/gSkXTR7VW1",2025-04-08T11:45:15.000Z
RT @alekhbariyaSPO: نائب وزير السياحة الأميرة هيفاء آل سعود: السياحة الرياضية لا حدود لها.. بلغ عدد السياح الذين جاءوا فقط لحضور الفعاليات…,2025-04-08T11:45:15.000Z
"RT @Almodrj_Alazraq: 🚨🚨🎙️ستيف كالزادا الرئيس التنفيذي لنادي #الهلال

هناك اهتمام كبير في الدوري السعودي ليس فقط للنجوم لكن هناك جودة عالية…",2025-04-08T11:45:02.000Z
"RT @Fai9alAFC: احب كرة القدم والله ❤️
أنا سعيد والله جداً جداً .. 

يوم تاريخي من ديكلان رايس 👌🔥

 https://t.co/uouUrQ9DPJ",2025-04-08T21:30:00.000Z
"@IraqiWazir آنشيلوتي لايفقه في كرة القدم شيء... 
قسماً بالله لو يوجد مدرب يوازي فكر آرتيتا الآرسنال لفاز الريال... يا أخي فريق ليس لهُ لاهوية ولاعنوان... وفوگ هذا الضيم.. خالين حفيظ دراجي يعلق وطارق ذياب يحلل.. 😡😡😡😡",2025-04-08T21:30:00.000Z
RT @92Sud: بعيداً عن أي شئ، كرة القدم في السودان لعبة الشماسة و العطالة، الكورة لو ما دخلوها اولاد الناس ليوم الدين البلد ما بتتقدم.,2025-04-08T21:29:56.000Z
"RT @moh19si_: ارسنال سيندم اذا اختار زوبيميندي بدل توماس بارتي 

زوبيميندي لن يلعب كرة القدم مثل توماس حتى باحلامه وان كان زوبيميندي سيلعب…",2025-04-08T21:29:56.000Z
RT @azizoula: ولا زالت جماهير كرة القدم في كل مكان ناقمة على التحكيم الذي تجرأ بإحتساب هذا الهدف الفضيحة https://t.co/rfP51LhMdK,2025-04-08T21:29:54.000Z
@wiyam_333 لازم رياضة وعبادة وتحواس باش جدد الحيوية,2025-04-08T21:29:47.000Z
"RT @Blancos_Global: 🗣️ كورتوا: ""في الشوط الثاني نسينا كيفية لعب كرة القدم"".",2025-04-08T21:29:46.000Z
RT @MnbrIl: كارلو أنشيلوتي: لم نلعب كرة القدم الليلة. https://t.co/3sMlgy64KY,2025-04-08T21:29:44.000Z
@Khlved اعظم فاول في تاريخ كرة القدم  https://t.co/503afMnxp7,2025-04-08T21:29:39.000Z
"RT @bt3: 🚨🚨🚨🚨🚨🚨🗣️ كورتوا:

لقد نسينا كيف نلعب كرة القدم في الشوط الثاني. https://t.co/Y3e8giAU0M",2025-04-08T21:29:39.000Z
