Title,Date,view_count,like_count,comment_count,url
أهداف مباراة ريال مدريد 4 - 4 ريال سوسيداد | إياب نصف نهائي كأس ملك إسبانيا,2025-04-01,2482819,47261,1608,https://youtu.be/TtnO5u1pQGg
🔴هدف هانى ينقذ اهلى كولر ولكن؟! الاهلى والهلال 1-0 فى ذهاب دور ال8 دورى ابطال افريقيا,2025-04-01,791773,46595,4,https://youtu.be/kzY8m3D8t2Q
ملخص مباراة الاتحاد 3 - 2 الشباب | دور نصف النهائي من كأس خادم الحرمين الشريفين,2025-04-01,698855,9823,1041,https://youtu.be/NCE001ZfsBA
"لقطة فضيحة 🙄🔥 سر لقطة محمد هاني وحكم مباراة الهلال "" مباراة الاهلي والهلال السوداني ""| كابتن دوله",2025-04-01,595339,7195,379,https://youtu.be/bj_MQOBfXsc
ملخص مباراة  ريال مدريد وريال سوسيداد 4-4 في كأس ملك إسبانيا,2025-04-01,541460,10428,333,https://youtu.be/M2Wr3aQ2jLw
ملخص مباراة آرسنال وفولهام (2-1) | الدوري الإنجليزي - الجولة 30,2025-04-01,496200,14122,216,https://youtu.be/QKxaOjNMjQU
ملخص مباراة بيراميدز والجيش الملكي (4-1) | دوري أبطال إفريقيا - ذهاب ربع النهائي,2025-04-01,466915,7149,1473,https://youtu.be/9pe3O_8ksv4
ملخص مباراة دنكرك وباريس سان جيرمان (2-4) | كأس فرنسا - الدور نصف النهائي,2025-04-01,450177,12239,360,https://youtu.be/G8wqqUqK1r4
ملخص مباراة الأهلي والهلال (1-0) | دوري أبطال إفريقيا - ذهاب ربع النهائي,2025-04-01,422847,7000,350,https://youtu.be/T599kVYEWh4
أهداف مباراة الاتحاد 3 - 2 الشباب | دور نصف النهائي من كأس خادم الحرمين الشريفين,2025-04-01,372709,6362,510,https://youtu.be/luVpsZA9SYw
أهداف مباراة الأهلي و الهلال السوداني 1-0|ملخص أهدف مباراة الأهلي و الهلال السوداني #الاهلي #الأهلي,2025-04-01,330465,3522,28,https://youtu.be/7SODe8bDo7k
ملخص مباراة ماميلودي صنداونز والترجي التونسي (1-0) | دوري أبطال إفريقيا - ذهاب ربع النهائي,2025-04-01,327778,5919,489,https://youtu.be/pBBnFizXJpM
ملخص مباراة مولودية الجزائر وأورلاندو بايرتس  (0-1) | دوري أبطال إفريقيا - ذهاب ربع النهائي,2025-04-01,270827,3468,978,https://youtu.be/RMAbR3xzX7o
"لقطة هدف الموسم عااالمي 🔥 هدف الاهلي و هدف محمد هاني "" مباراة الاهلي والهلال السوداني ""| كابتن دوله",2025-04-01,268643,3557,36,https://youtu.be/15g3HolYBbM
موعد مباراة العمود ريال مدريد وريال سوسيداد اليوم في كأس ملك إسبانيا,2025-04-01,266081,2254,187,https://youtu.be/tu8AyUyMyBE
الاهلي وقرار رسمي🔥شكوي الاهلي ضد ميدو قبل مباراة الهلال السوداني بسبب قرار رابطة الأندية|كابتن دوله,2025-04-01,167812,2642,50,https://youtu.be/D9ogRhD4QDw
اهداف ريال مدريد وريال سوسيداد الشوط الأول,2025-04-01,134584,3863,28,https://youtu.be/D0af6VooqXI
"اقالة السباك لاتراجع فيه 🤚🤬 كولر لو مكمل شكرا افريقيا "" مباراة الاهلي والهلال السوداني ""| كابتن دوله",2025-04-01,122482,2743,129,https://youtu.be/iUmGN4CEo1c
رد فعل || مباراة الترجي وصن داونز اليوم دوري ابطال افريقيا || رد فعل مباراة الترجي ضد صن داونز,2025-04-01,100267,344,0,https://youtu.be/diut7FrdGG4
توقيت مباراة مولودية الجزائر وأورلاندو بيراتس اليوم والقنوات الناقلة 🔥 دوري أبطال إفريقيا,2025-04-01,86889,188,4,https://youtu.be/j9AYiCOuXkc
هدف عمر مرموش الاخير وجنون بيب جواديولاء 😱🔥,2025-04-01,86156,1565,26,https://youtu.be/i9jZHbRmfJQ
#الأهلي_فوق_الجميع #الاهلي #الأهلي,2025-04-01,68943,1143,4,https://youtu.be/-Z4WAyUquZU
ريال مدريد يتأهل لنهائي كأس ملك إسبانيا بعد مباراة درامية أمام ريال سوسيداد اليوم,2025-04-01,66760,223,10,https://youtu.be/QqjJSaYPU1g
ملخص مباراة #الاتحاد_الشباب | نصف نهائي كأس خادم الحرمين الشريفين 2024-2025 🐅🔥,2025-04-01,56709,1652,151,https://youtu.be/rN8HdPendSI
موعد مباراة الأهلي والهلال اليوم الثلاثاء والقنوات الناقلة 💥 في دور ربع النهائي دوري الأبطال 2025,2025-04-01,54149,0,12,https://youtu.be/BIwlp3Nx2Ys
محمد هاني فاجئ الجميع ! هل زيزو مضي لـ الأهلي يا هاني وهيجي الاهلي فعلاً ولا باقي مع الزمالك !!!,2025-04-01,51955,480,28,https://youtu.be/tUP4N0HyvHo
موعد مباراة ريال مدريد وريال سوسيداد اليوم الثلاثاء والقنوات الناقلة 💥 ربع نهائي دوري الأبطال,2025-04-01,46915,418,13,https://youtu.be/eqm8VwtY6y8
موعد مباراة الأهلي وبيراميدز في الجولة 2 من الدوري المصري 2025💥والتوقيت والقنوات الناقلة 💥,2025-04-01,43625,0,25,https://youtu.be/4V5M-SmlpZ4
موعد مباراة الاهلي والهلال السوداني اليوم والقنوات الناقلة التشكيل،ربع نهائي دوري أبطال أفريقيا 2025,2025-04-01,43225,256,5,https://youtu.be/6Rn_AV-oRTg
شاهد مباراة بيراميدز و الجيش الملكي بث مباشر اليوم في دوري أبطال أفريقيا 2025,2025-04-01,41309,447,0,https://youtu.be/FB3kYPlb74Q
توقيت مباراة الجيش الملكي ضد بيراميدز اليوم في دوري أبطال أفريقيا 2025 والقنوات الناقلة,2025-04-01,37580,184,15,https://youtu.be/etsQXQJgKPw
الاهلي يفوز علي الهلال السوداني 1-0 في ذهاب ربع نهائي دوري ابطال افريقيا #الاهلي #الهلال #الاهلى,2025-04-01,37292,158,0,https://youtu.be/gY-n_fv0Qlk
موعد مباراة ريال مدريد ضد ريال سوسيداد اليوم في كأس ملك إسبانيا 2025 والقنوات الناقلة,2025-04-01,35140,191,9,https://youtu.be/R_Gi8LeE7Lg
عاجل من بي إن سبورت تقرير قبل مباراة برشلونة وأتلتيكو مدريد في معركة إياب نصف نهائي كأس الملك,2025-04-01,34985,888,43,https://youtu.be/W6JkGVcE0uM
ملخص مباراة | الهلال السوداني 0-1 الأهلي | ربع النهائي | دوري ابطال افريقيا 2024/2025 #ريلز #الاهلي,2025-04-01,32899,284,2,https://youtu.be/bKXq3ei7sBQ
ليفربول × ايفرتون | يا ريت التوقف ما خلص علشان الماتش ده ، مؤتمر سلوت والاصابات والتشكيل والتوقعات !,2025-04-01,32737,1928,77,https://youtu.be/B69CmahiwSM
جميع اهداف عمر مرموش مع مانشيستر سيتي لحد الان | تعليق عربي🎤,2025-04-01,31133,0,34,https://youtu.be/rD3ZKHE4oG8
التحليل الكامل | مان يونايتد 1-0 نوتنجهام فورست | ارسنال 2-1 فولهام | الدوري الانجليزي | تريكة,2025-04-01,29736,416,10,https://youtu.be/OCmk4ixDUfI
"الحالات التحكيمية في مباراة ""الاهلي vs الهلال السوداني1_0"" ايقاف الحكم من الكاف وضربة الجزاء والطرد!",2025-04-01,24752,520,25,https://youtu.be/FeObo34gO7Y
افضل 4 اهداف للزمالك أمام الأهلي اهداف مدمرة😈🔥#الاهلي #الزمالك #football #كرة_القدم #shorts,2025-04-01,17326,294,1,https://youtu.be/nCpE6s_E_cA
القنوات الناقلة مباراة الاهلي والهلال اليوم في دوري ابطال افريقيا,2025-04-01,16843,102,2,https://youtu.be/CWV7Q6Q7S3I
ملخص مباراة بيراميدز المصري و الجيش الملكي المغربي دوري أبطال إفريقيا,2025-04-01,15960,141,45,https://youtu.be/80uTabJw7qk
موعد مباراة نهائي كاس ملك اسبانيا 2025 والقنوات الناقلة,2025-04-01,12433,213,4,https://youtu.be/lDzaYbpFnUw
بث مباشر مباراة الأهلي و الهلال اليوم في دوري أبطال أفريقيا 2025 بث مباشر مباريات اليوم,2025-04-01,12379,125,0,https://youtu.be/Jd7k-tELXfE
عمرو الدرديري الزمالك مستهدف وعاوزين يحرموه من دوري الأبطال ونفضل في الكونفيدرالية #الاهلي#الزمالك,2025-04-01,11494,53,51,https://youtu.be/Eu8iQTdv_9Q
هدف محمد هاني العالمي 🔥🚀 #الاهلي والهلال السوداني #دوري_ابطال_افريقيا,2025-04-01,10477,122,18,https://youtu.be/dtWPXZPTmLk
موعد مباراة الاهلي والهلال السوداني في دوري ابطال إفريقيا,2025-04-01,10034,69,0,https://youtu.be/gfUyBTf00h4
شاهد القنوات الناقلة مباراة الأهلي ضد الهلال ذهاب ربع النهائي دوري أبطال أفريقيا,2025-04-01,9207,86,3,https://youtu.be/xWjy0TMJv-o
مارسل كولر يحفز #جماهير_الاهلي والجمهور يرد بالدم بالروح افريقيا مش هتروح #الاهلي_الهلال_السوداني,2025-04-01,8995,66,1,https://youtu.be/oGJZ2tEkIyE
مارسل كولر يحفز #جماهير_الاهلي والجمهور يرد بالدم بالروح افريقيا مش هتروح #الاهلي_الهلال_السوداني,2025-04-01,8995,66,1,https://youtu.be/oGJZ2tEkIyE
حوار جانبي بين عمر كمال وحكم المباراة بين شوطي مباراة الأهلي والهلال السوداني,2025-04-01,8725,86,2,https://youtu.be/FrjyfKlp-dg
هدف ريال مدريد الرابع في مرمى ريال سوسيداد عن طريق أنطونيو روديجر في كاس ملك إسبانيا,2025-04-01,8348,35,1,https://youtu.be/IXn6zCRKhsY
بث مباشر مباراة بيراميدز و الجيش الملكي اليوم في دوري أبطال أفريقيا 2025 بث مباشر مباريات اليوم,2025-04-01,7745,65,3,https://youtu.be/dlmzSHggILk
ريال مدريد الى نهائي كأس الملك #ريال_مدريد #ريال_سوسيداد,2025-04-01,7561,460,61,https://youtu.be/7IJ2HZseBS8
المحترف السعودي مهند آل سعد يسجل هدف ضد باريس سان جيرمان في نصف نهائي كأس فرنسا‏,2025-04-01,6424,56,2,https://youtu.be/SQf6hNPYg2Y
هتافات قوية من جماهير الهلال السوداني قبل مواجهة الأهلي في دوري أبطال أفريقيا,2025-04-01,6284,69,1,https://youtu.be/Y2hjFixypS0
نتائج مواجهات ذهاب ربع النهائي دوري ابطال افريقيا 2025,2025-04-01,5996,96,5,https://youtu.be/hwPuYhigltg
نتائج مواجهات ذهاب ربع النهائي دوري ابطال افريقيا 2025,2025-04-01,5996,96,5,https://youtu.be/hwPuYhigltg
مباراة الأهلي والهلال السوداني جمهور الاهلي/شقيق استاذ حسين فؤاد رغم الإصابة الأهلي البابا 🏟️#جمهورك,2025-04-01,5322,47,3,https://youtu.be/u-Ll71gi7cM
تفاصيل مباراة الأهلي ضد الهلال في ذهاب ربع النهائي دوري أبطال أفريقيا,2025-04-01,4571,46,0,https://youtu.be/PuEVXLYy8r0
هدف التاني خرافي بيراميدز ضد الجيش الملكي 👏🏾🏆🔥 pyramid Vs ASFAR,2025-04-01,4416,32,0,https://youtu.be/ijIST2ioaso
تعليق رضا عبد العال على فوز الاهلي الغير مستحق على الهلال السوداني في دوري ابطال افريقيا,2025-04-01,4205,27,0,https://youtu.be/HHAtlAySb_s
دوري أبطال إفريقيا - ربع النهائيصن داونز 🆚 الترجي الرياضي ⏰ 13:00 🎤 عصام الشوالي,2025-04-01,2983,9,1,https://youtu.be/cUBsce3K-00
الاهلي ضيع فوز كبير على الهلال السوداني فى دوري ابطال افريقيا😓#الاهلي #shorts,2025-04-01,2398,35,9,https://youtu.be/Aj0sBbUSQsM
عودة  الوداد الرياضي لعصبة الأبطال الإفريقية أصبح ضرورة# الوداد الرياضي#عصبة الأبطال الإفريقية,2025-04-01,2304,17,0,https://youtu.be/eOfYszhl02Y
دوري أبطال إفريقيا - ربع النهائي بيراميدز 🆚 الجيش الملكي ⏰ 16:00 🎤 محمد بركات,2025-04-01,2177,8,1,https://youtu.be/k32Lqvg4jh4
انتهت مباراة الاهلي والهلال السوداني 1-0 الدوري في ذهاب دوري ابطال افريقيا 2025 / دور الثمانية,2025-04-01,2045,18,5,https://youtu.be/-wGdAsKTnkM
تحليل مباراه الاهلي و الهلال السوداني 1-0 و رد فعل صادم من وائل جمعه 😲🔥,2025-04-01,2014,24,0,https://youtu.be/OFicEmxCw5I
الأهلي المصري ضد الهلال السوداني يلتقيان في القاهرة في أبرز مباريات اليوم,2025-04-01,1937,20,8,https://youtu.be/iLTlHC4aMh0
ريال مدريد الي نهائي كأس الملك بعد مباراة مجنونة 🤯🔥👑🤍#football #footballshorts #edit #realmadrid,2025-04-01,1786,21,1,https://youtu.be/nFAe3_PrXY8
موعد مباراة برشلونة القادمة ضد ريال بيتيس في دور الجولة 30 من الدوري الاسباني2025 🔥القنوات الناقلة 🔥,2025-04-01,1703,18,3,https://youtu.be/GDN4MMHawSU
نوتنغهام فورست 🆚 مانشستر يونايتد ⏰ 19:00 🎤 جواد بدة الدوري الإنجليزي - الجولة 30  #مزراوي,2025-04-01,1663,9,0,https://youtu.be/tuN3DznC9Y4
نصيحة لجراديشار #الاهلى #الاهلي,2025-04-01,1637,17,1,https://youtu.be/M6RSLzDccnU
الهدف الاول للنادى #الاهلى عن طريق #محمد_هانى فى فريق #الهلال_السودانى #اكسبلور #اهلاوي,2025-04-01,1573,9,0,https://youtu.be/VmA10tX_wCg
"بطولة دورى الأمم الأوروبية ج2,😱🔥#دوري_الامم_الاوروبية #البرتغال #رونالدو #realmadrid #ليفربول",2025-04-01,1562,15,0,https://youtu.be/oAynrmI2z_E
قرعة نصف نهائي كأس الإتحاد🔥😍,2025-04-01,1547,19,0,https://youtu.be/szm4JJm2p9w
فارس عوض 🎙️ مستحيل العودة 😍😂🤣💙🥶🔥,2025-04-01,1502,63,2,https://youtu.be/EHwi0voxdVQ
مباراة الاهلي المصري و الهلال السوداني اليوم في ذهاب ربع نهائي دوري ابطال افريقيا. توقيت,2025-04-01,1500,2,0,https://youtu.be/FgxW5K3OAsw
غيابات بالجمله ب#الاهلي #اهلاوي #الاهلي #دوريابطالافريقيا #الأهلى #الدوري_المصري #الدورى,2025-04-01,1482,13,0,https://youtu.be/aA5FGvRPKS4
مباراة الاهلي والهلال السوداني قوة تشكيل الأهلي وهل ستؤدي لتحقيق الانتصار,2025-04-01,1448,10,0,https://youtu.be/wiR1DG1bvSk
مدرب ليفربول يعلق على رحيل أرنولد.. وتطورات إصابته,2025-04-01,1422,26,0,https://youtu.be/o1xdc5MNP_k
هدف الريال الاول والتعادل للريال من اندريك ضد ريال سوسييداد #football #footballteam,2025-04-01,1420,6,0,https://youtu.be/H4CLXirEPaI
NEYMAR JR EDITS🔥#neymarjr #edit #footballshorts #fyyyyyyyyyp,2025-04-01,1254,31,0,https://youtu.be/BtIWy7cQ85k
دورى ابطال اوربا,2025-04-01,1180,7,0,https://youtu.be/0eQV3itDTgQ
#الاهلي #اكسبلور #بيراميدز #الزمالك #alahly #ابو #الهلال #الدوري #football #الهستيري,2025-04-01,1133,5,0,https://youtu.be/OjMcvdefbDk
كأس خادم الحرمين الشريفين - نصف النهائي الاتحاد 🆚 الشباب ⏰ 19:30 🎤 حماد العنزي  #حمدالله  #بنزيما,2025-04-01,1091,2,0,https://youtu.be/K1AmgCyxk-c
الريال يصل الى نهائي كاس الملك,2025-04-01,1056,27,1,https://youtu.be/EcS027SGesk
مواعيد مباريات الأهلي في شهر أبريل ٢٠٢٥..مواجهات نارية في أبطال أفريقيا والدوري وكأس الرابطة 🔥,2025-04-01,1053,0,0,https://youtu.be/3Mfw-x22ESU
مباريات اليوم من دوري أبطال إفريقيا 2024-2025 الثلاثاء 1 أبريل 2025 - دور ربع النهائي,2025-04-01,1005,6,0,https://youtu.be/UiKncrZH8dY
أموريم: اختلاف التحضير سيؤثر على المباراة,2025-04-01,952,22,2,https://youtu.be/py4Uv00sDD8
مدريد وسوسيدا والمهمه الصعبه 😱#مدريد #برشلونه #الدوري #سوسيدا #مبابي #تييك #ترند #كلاسيكو #اكسبلور,2025-04-01,876,4,0,https://youtu.be/jxPtx0qRcFA
كولر السبب في ضياع الدوري والكأس والرابطة.. ماذا يحدث في الأهلي؟!,2025-04-01,780,9,11,https://youtu.be/u41lltmKh98
ريال مدريد إلى النهائي 🤩#مدريد #برشلونه #الدوري #سوسيدا #مبابي #تييك #ترند  #كلاسيكو #fyp,2025-04-01,763,13,0,https://youtu.be/PCfpE-qoRLQ
رد فعل مباشر 🔴 || مباراة الاهلي والهلال السوداني اليوم دوري ابطال افريقيا || رد فعل مباراة الاهلي,2025-04-01,696,6,0,https://youtu.be/DdAN1hnvPYU
قناة مفتوحة تنقل مباراة ريال مدريد وريال سوسيداد بث مباشراليوم 1-4-2025 في كأس ملك إسبانيا 2025,2025-04-01,670,3,0,https://youtu.be/8sHI8jo3zFI
"موعد مباراة الأهلي والهلال السوداني في إياب دوري أبطال أفريقيا 2025 والقنوات الناقلة""",2025-04-01,573,7,0,https://youtu.be/wUMZRYBKH60
مباراة بيراميدز المصري ضد الجيش الملكي المغربي اليوم في ذهاب ربع نهائي دوري ابطال افريقيا. توقيت,2025-04-01,481,1,0,https://youtu.be/beIo5jV5a3o
الهلال السوداني  🆚 الأهلي ⏰ 18:00 🎤 حفيظ دراجي   - دوري أبطال إفريقيا - ربع النهائي,2025-04-01,433,1,0,https://youtu.be/yvT9Yco-1k8
كارلو انشيلوتي يؤكد جاهزية الفريق الملك لملاقاة ريال سوسيداد اليوم في اياب كاس ملك اسبانيا #sniper,2025-04-01,430,3,0,https://youtu.be/B-pCrhbNN8Y
موعد مباراة الأهلي والهلال ربع نهائي كأس الدوري الافريقي,2025-04-01,339,6,2,https://youtu.be/0RUZzw0lVb0
أبرز مباريات اليوم #كأس_ملك_اسبانيا #الدوري_الانجليزي #الدوري_الفرنسي #دوري_ابطال_افريقيا,2025-04-01,325,2,0,https://youtu.be/1NX_-JTa7FY
اهم مباريات اليوم الثلاثاء 1-4-2025 🔥والقنوات الناقلة 🔥والمعلقين 🔥,2025-04-01,283,2,0,https://youtu.be/HYznEdrJNQY
‏للتاااااااااااااريخ .. مهند يسجل .. مهند يفعلها 🔝السعودي مهند ال سعد يسجل في مرمى باريس 🇸🇦🤍,2025-04-01,271,0,0,https://youtu.be/1-yVg7VYrA0
برشلونة يكتسح وريال مدريد يعاني.. هل حُسمت الليجا؟   #الكورة_X_إسبوع,2025-04-01,178,5,6,https://youtu.be/COMFI4gV9NY
شاهد هدف محمد عبدالمنعم الاغلي مع النادي الاهلي,2025-04-01,162,1,0,https://youtu.be/nsJu6EbjG3g
جدول مباريات اليوم الأربعاء 2 4 2025,2025-04-01,91,3,0,https://youtu.be/WGI8pHOisWI
هدف الاهلى المصرى  الاول امام الهلال السودانى #دوري_ابطال_افريقيا,2025-04-01,80,2,0,https://youtu.be/6v_OXJmT3gU
الدوري الإسباني نتائج مباريات الجولة ال 29,2025-04-01,53,4,4,https://youtu.be/YV9H2CzJVgY
ملخص مباراة ريال مدريد وريال سوسيداد 4-4 -اليوم,2025-04-01,49,1,1,https://youtu.be/gC-e4XRK3xY
✅⚽أبرز مباريات اليوم في دوري عصبة الأبطال إفريقيا 01/0412025,2025-04-01,46,3,0,https://youtu.be/7CChbM_sE0Q
هدف الاتحاد الاول على الشباب |هدف الاتحاد على الشباب | هدف الاتحاد اليوم |ملخص الاتحاد والشباب اليوم,2025-04-01,30,6,0,https://youtu.be/SBiKRgX-3c4
أهداف مباراة الاهلي والهلال السوداني #الاهلي #دوري_ابطال_افريقيا #امام_عاشور #بن_شرقي #shorts #reels,2025-04-01,29,0,0,https://youtu.be/5fkP6bem9fM
ملخص مباراة مانشيستر سيتي و ليون الفرنسي 2-0 دوري ابطال اوروبا .. مباراة الاياب,2025-04-01,28,6,2,https://youtu.be/wsqmWrVUVa0
ملخص أهداف الجيش الملكي و بيراميدز 4-1 دوري أبطال أفريقيا .هزيمة قاسية للجيش  الملكي,2025-04-01,25,2,0,https://youtu.be/uNosoM2UXws
الاهلي المصري يواجه فريق الهلال السوداني دوري أبطال افريقيا أهداف محمد عبد الرحمن الهلال السوداني,2025-04-01,22,1,0,https://youtu.be/NZMTgUQSVt4
هـدف اندريك الاسطوري باسيست عالمي من فنيسيوس😎🤍,2025-04-01,22,0,0,https://youtu.be/c8iFTVaUB8M
محمد صلاح vs رياض محرز | مقارنة بين صلاح ومحرز | إنجازات محمد صلاح ورياض محرز,2025-04-01,20,0,0,https://youtu.be/KLTSl_yokxY
بث مباشر لمباراة الأهلي المصري والهلال السوداني في دوري أبطال أفريقيا,2025-04-01,19,0,1,https://youtu.be/erbEBMAD9P4
هدف الاهلي الاول امام الهلال السوداني,2025-04-01,17,1,0,https://youtu.be/rZxXNVgZNSw
هدف بيراميدز الاول امام الجيش الملكي#دوري_ابطال_افريقيا,2025-04-01,17,0,0,https://youtu.be/YHI8GSBSeTE
ملخص مباراة التي ٢/١,2025-04-01,11,5,0,https://youtu.be/6cvFgTzPN0g
#ملخص مباراة مانشستر سيتي و بورنموث #كاس الاتحاد الإنكليزي #حفيظ_دراجى,2025-04-01,9,0,0,https://youtu.be/EHb6QA6IxOo
هدف محمد هاني اليوم الأول في الهلال السوداني  هدف صاروخي,2025-04-01,4,1,0,https://youtu.be/e-R9plDipSw
ملخص مباراة ريال مدريد و ريال سوسيداد كأس الملك الاسباني,2025-04-01,2,1,0,https://youtu.be/qDeULkwlkzg
ملخص مباراة أتلتيكو مدريد 0 - 1 برشلونة | إياب نصف نهائي كأس ملك إسبانيا,2025-04-02,2797766,51472,1704,https://youtu.be/c_utTlpj2oo
ملخص مباراة مانشستر سيتي وليستر سيتي (2-0) | الدوري الإنجليزي الممتاز - الجولة 30,2025-04-02,779884,20234,512,https://youtu.be/diAXBTgI6CU
ملخص مباراة ليفربول وإيفرتون (1-0) | الدوري الإنجليزي الممتاز - الجولة 30,2025-04-02,551068,14689,403,https://youtu.be/2YKNb9AFUyc
صاحب ثاني أعلى راتب في ريال مدريد لم يسجل إلا هدفين طوال الموسم الحالي وكانوا في مرماه بنصف نهائي,2025-04-02,463375,5832,169,https://youtu.be/AQK2ow2XnvY
ترتيب 11 فريقا اكثر الأندية تتويجا بكاس ملك اسبانيا #Réal #Madrid #Barcelona #souufian,2025-04-02,279065,624,0,https://youtu.be/9BFQ9prgh20
"فضيحة جديدة منتظرة للاطاحة بالاهلي 🤚🤬 كاف يعلن حكم  "" مباراة الاهلي والهلال السوداني ""| كابتن دوله",2025-04-02,266410,3797,129,https://youtu.be/VNhyFpwQzz8
الريمونتادا في الدقائق الأخيرة من مباراة الاتحاد 3 - 2 الشباب في نصف نهائي كأس الملك 2025 🐅⚽️,2025-04-02,202439,3629,191,https://youtu.be/grQ7ppup284
رد فعل | مباراة برشلونة واتلتيكو مدريد اليوم في كأس ملك إسبانيا | رد فعل لعبة برشلونه ضد اتلتيكو,2025-04-02,168413,422,4,https://youtu.be/SivsACZBeLs
ميلان 1-1 إنتر | ذهاب نصف النهائي | كأس إيطاليا,2025-04-02,151870,3694,87,https://youtu.be/xEZMid1P9KE
اهداف الاهلي 🦅♥️ و الهلال السوداني 💙كاس الأمم الافريقيه #الاهلي #الاهلي_اليوم #محمد_الشناوي,2025-04-02,119810,2330,10,https://youtu.be/O14v7YMJSps
ملخص مباراة القادسية 1 - 0 الرائد | دور نصف النهائي من كأس خادم الحرمين الشريفين,2025-04-02,98814,1304,171,https://youtu.be/aP8z9I7baTM
أول تعليق من تريكة بعد فوز ليفربول علي ايفرتون واقترابه من حسم الدوري الانجليزي,2025-04-02,76233,1257,41,https://youtu.be/e7m_gGSQEpo
بث مباشر مباراة برشلونة و أتلتيكو مدريد اليوم في كأس ملك إسبانيا 2025 بث مباشر مباريات اليوم,2025-04-02,44379,179,3,https://youtu.be/cUU2cEMAi1c
موعد مباراة برشلونة ضد أتلتيكو مدريد اليوم في كأس ملك إسبانيا 2025 والقنوات الناقلة,2025-04-02,43206,250,10,https://youtu.be/suIttQbJeBM
موعد مباراة الزمالك وستيلينبوش اليوم الأربعاء والقنوات الناقلة💥 ربع نهائي كأس الكونفدرالية 2025,2025-04-02,34864,0,3,https://youtu.be/zVAWqdQjAow
ملخص مباراة | ريال مدريد 4-4 ريال سوسيداد | كأس ملك إسبانيا | نصف النهائي,2025-04-02,32191,600,3,https://youtu.be/IluWMVo3Xmc
أكشن مع وليد |  ردة فعل جماهير الاتحاد بعد التأهل لنهائي كأس الملك,2025-04-02,32165,473,48,https://youtu.be/fRVhvy_67eI
هدف بيلينغهام عالطاير أسيست فيني 🔥😍,2025-04-02,28877,0,3,https://youtu.be/36LFcGD5XGM
شاهد مباراة المصري البورسعيدي و سيمبا بث مباشر اليوم في كأس الكونفيدرالية الإفريقية 2025,2025-04-02,27656,506,3,https://youtu.be/r7MICN__cBo
موهبة سعودية تُبهر العالم! 😮 مهند آل سعد يسجل في شباك باريس | مهند ال سعد يتفوق في السرعة علي مينديش,2025-04-02,21681,184,6,https://youtu.be/f-roZ47q12k
اجمل ردة فعل للحارس محمد الدعيع 🔥💙😍🇸🇦🥶,2025-04-02,21490,245,2,https://youtu.be/VT-zhCNYMFI
موعد مباراة ريال مدريد وبرشلونة القادمة في نهائي كأس ملك إسبانيا || لعبة ريال مدريد وبرشلونه القادمة,2025-04-02,20757,444,117,https://youtu.be/144mayUKAJE
لقطة إمام عاشور فى د 13 اللى بسببها ضيع على الأهلي فوز تاريخي أمام الهلال السوداني,2025-04-02,18476,151,0,https://youtu.be/2SFDgdSTXOw
نيفيز نسخه جديده من بيرلو 🇵🇹 🎶,2025-04-02,17926,268,8,https://youtu.be/YjCBaF8cibk
الى نهائي كاس الملك🔥🔥| برشلونة - اتلتيكو مدريد,2025-04-02,17900,745,11,https://youtu.be/su62gtNM9V4
موعد وتوقيت مباراة الهلال ضد النصر في الجولة 26 من الدوري السعودي 2025 والقنوات الناقلة,2025-04-02,16697,118,21,https://youtu.be/q5MwbAUKQck
توقعات دوري ابــطـال اروبـــا 🏆 #football #اليورو #مانشستر_سيتي #هالاند #ريالمدريدومانشسترسيتي,2025-04-02,13877,540,57,https://youtu.be/u9gJTEw3-04
موعد مباراة البورسعيدي المصري و سيمبا في ربع نهائي كأس الكونفدرالية 2025,2025-04-02,13712,49,0,https://youtu.be/6vcFiXmXMIM
بث مباشر مباراة الاهلي و الهلال في دوري ابطال افريقيا اليوم - Al Ahly VS Al Hilal ‎Live,2025-04-02,13020,44,1,https://youtu.be/F6CfXMbQcpk
خلصت الحكاية.. الاهلي يحسم اقالة كولر وموعد القرار وشكوي عاجلة للكاف وايقاف حكم لقاء الهلال السوداني,2025-04-02,11998,328,35,https://youtu.be/3a0f1OSMsJs
الشارقة 3-1 الجزيرة | نصف النهائي | كأس رئيس الدولة,2025-04-02,11778,215,5,https://youtu.be/q7XtjxaaDR4
ملخص مباراة الزمالك المصري و ستيلينبوش الجنوب إفريقي دوري الكونفدرالية الإفريقية ZAMALEC,2025-04-02,11663,86,3,https://youtu.be/HQtmqtC3plg
موعد مباراة ريال مدريد وارسنال في دوري ابطال اوروبا  #ريال_مدريد #ارسنال #دوري_ابطال_اوروبا,2025-04-02,10395,224,0,https://youtu.be/qqP3ZXXX9x8
هدف محمد ناجي جدو في دورة رمضانية,2025-04-02,9658,65,0,https://youtu.be/X7j-pMbCJQ0
الكاف يرد على هجوم الأهلي ضد حكم مباراة الهلال الجيش المغربي يشكو بيراميدز الترجي يشكو صنداونز,2025-04-02,9190,227,4,https://youtu.be/qKpZc9s0ZmA
هدف روديجير القاتل اليوم 🔥💪🏾 (في مباراة ريال مدريدوريال سوسيداد-Real Madrid vs Real Sociedad today,2025-04-02,8258,109,0,https://youtu.be/_XSd63YUs5k
برأيك هل يستطيع ريال مدريد تحقيق السداسية هذا الموسم؟🤔,2025-04-02,8137,48,0,https://youtu.be/ChkdktY5quU
موعد مباراه ريال مدريد و ارسنال القادمة في ربع نهائي دوري ابطال اوروبا و القنوات الناقلة,2025-04-02,7295,139,7,https://youtu.be/QnLV-w6cohI
تقرير تونسي: الأهلي مهدد بعقوبات من الكاف,2025-04-02,7046,71,0,https://youtu.be/zBQJgD7aEkA
خلصت الحكاية..الاهلي يحسم اقالة كولر وعودة فايلر وموعد القرار وتحقيق عاجل في الكاف وايقاف حكم الهلال,2025-04-02,6781,198,14,https://youtu.be/N3RhQV7PMGQ
نحتاج مباراه للمنتخب زي المباراه هذي 💔💚,2025-04-02,6707,74,1,https://youtu.be/J28mZIS0ApQ
ألابا يسجل هدفين في مرمى فريقه، مما يثير اهتمام الجماهير حول أدائه في هذه المباراة.,2025-04-02,5591,18,0,https://youtu.be/bnjHPc-Ot3k
نيفيز بالملي متر ياحبيبي 😍🔥🔥🥶💙,2025-04-02,5515,160,0,https://youtu.be/qWVlAK-cPoo
الوصل 0-1 شباب الأهلي | نصف النهائي | كأس رئيس الدولة,2025-04-02,5501,117,3,https://youtu.be/lSZqdopL-8o
موعد مباراة الاهلي والهلال السوداني القادمة في اياب ربع نهائي دوري ابطال افريقيا 2025 💥 والقنوات,2025-04-02,4963,76,6,https://youtu.be/SEzlncrGCaA
اول تعليق من ميدو علي تعادل الزمالك في جنوب إفريقيا,2025-04-02,4806,41,0,https://youtu.be/OGtSDW5mvR4
هدف عالمي ل #محمد_هاني #الاهلي #دوري_ابطال_افريقيا #الهلال_السودانى #إستشارة_كروية_مع_علي_الشاعر,2025-04-02,4537,41,0,https://youtu.be/MZtrUcTDmO0
الاسطورة نواف التمياط 🔥💙😍,2025-04-02,4403,66,2,https://youtu.be/BmgaWdZnaFU
بث مباشر موعد مباراة الزمالك وستيلينبوش إف سي - كأس الإتحاد الأفريقي  Zamalek vs Stellenbosch FC,2025-04-02,4189,9,0,https://youtu.be/bjL0fvXfg9Q
"رد فعل مباشر لـ مباراة 🔴 "" الاهلي المصري vs الهلال السوداني "" دوري ابطال افريقيا🔥وفضائح تحكيمية",2025-04-02,4050,44,8,https://youtu.be/sgJ1p-vlE1U
كابوس مهاجمين النصر جاهز 💀😍🔥🥶,2025-04-02,4040,154,11,https://youtu.be/a7MuB72Cz1I
"الحالات التحكيمية لـ مباراة "" الاهلي و الهلال السوداني1-0 "" ورسميا الكاف يعلن ايقاف الحكم لمدة عام!",2025-04-02,3885,61,6,https://youtu.be/OqL_CF6MkTU
هدف عمر مرموش العالمي والتاريخي في مباراة مانشستر سيتي وليستر سيتي  هدف عمر مرموش اليوم,2025-04-02,3488,17,2,https://youtu.be/1KbkbNdHiTI
موعد مباراة الكلاسيكو بين ريال مدريد وبرشلونة في نهائي كاس ملك اسبانيا 2025,2025-04-02,3364,61,9,https://youtu.be/9xbaL2jzGmA
خسارة علي المدي القصير #الاهلي #كولر #الكورة_مع_ديشا #shorts #football #fyp #foryou #النادي_الأهلي,2025-04-02,3248,0,3,https://youtu.be/mI5_yKHsm9s
توقعاتي الى نصف نهائي كاس الملك🔥🥶💪#shorts #كرة_القدم,2025-04-02,2717,77,3,https://youtu.be/WdkUrurzquk
ترتيب الدوري الانجليزي بعد انتهاء مباريات اليوم الاربعاء 2 - 4 - 2025 الجوله 30,2025-04-02,2672,38,22,https://youtu.be/TWEYX_Bp2Ik
عمر مرموش ينقذ موسم جوارديولا بهدف جديد 🤯🔥⚽️,2025-04-02,2484,179,0,https://youtu.be/-8wg9CKYn1U
جدول مباريات الأهلي في شهر أبريل 2025 – مواجهات حاسمة في دوري الأبطال والدوري المصري!,2025-04-02,2276,25,0,https://youtu.be/xjPO3Pbv66w
اهداف ريال مدريد ضد ريال سوسيداد نصف نهائي كأس ملك اسبانيا 🔥🔥,2025-04-02,2118,54,0,https://youtu.be/7pnNcrmBy0M
ريال مدريد يتعادل مع ريال سوسيداد 4-4 بهدف روديجير و يصعد لنهائي كأس ملك اسبانيا #ريال_مدريد #cr7,2025-04-02,2059,13,0,https://youtu.be/uMxrG60y7qU
العيد عندنا غير🤣🤣🔥💀,2025-04-02,1998,89,5,https://youtu.be/cCjKdrQO2Cc
ترتيب الدوري الإسباني ريال مدريد ضد برشلونة,2025-04-02,1976,13,3,https://youtu.be/tarMIHXlx8A
هدف محمد هاني في الهلال السوداني. #اكسبلور #مونديال #الاهلي #الزمالك #دوري_ابطال_افريقيا #شيكابالا,2025-04-02,1964,20,0,https://youtu.be/y3dMLjVS-80
أهداف أسطورية عالمية,2025-04-02,1830,20,0,https://youtu.be/G-ur_89-VDE
برشلونة وريال مدريد في نهائي كأس ملك اسبانيا  واخيراً يوم 26/4🔥,2025-04-02,1819,35,0,https://youtu.be/lMkbYww-07w
هدف الاسطورة نواف التمياط 🔥🥶💙🇸🇦,2025-04-02,1798,18,0,https://youtu.be/nUq5hxqKaQU
الحالات التحكيمية لـ مباراة الاهلي والهلال السوداني دوري أبطال افريقيا فضائح تحكيمية بالجملة وصدمة,2025-04-02,1770,38,0,https://youtu.be/H33q3MLLd1E
ملخص مباراة اسي ميلان و انتر ميلان اليوم - اهداف انتر ميلان واسي - جنون فارس عوض- ملخص مباريات اليوم,2025-04-02,1705,42,20,https://youtu.be/XOQ8iR8GfY8
جميع الأندية التي فازت باللقب الدوري الذهبي في أوروبا,2025-04-02,1621,16,0,https://youtu.be/ZviCnzqVBj0
موعدمباراة ريال مدريد وفالنسيا القادمة في الدوري الاسباني 2025 💥 والقنوات الناقلة والتوقيت الجوله 30,2025-04-02,1456,16,0,https://youtu.be/R6hiujdP0Js
امال قدام ميسي هتلعب ازاي #الاهلي #دوري_ابطال_افريقيا #كولر #عيد_الفطر #الكورة_مع_ديشا #shorts #fyp,2025-04-02,1406,0,0,https://youtu.be/EBEmkon6M00
"أنشيلوتي يتحدث عن مبابي.. ""لديه فرصة"" مثل رونالدو",2025-04-02,1368,28,0,https://youtu.be/8By0n1gSHjc
#محمد_صلاح #محمد_صلاح_فخر_العرب #كأس_العالم #النهائي #الكره_الذهبيه #دوري_ابطال_اوروبا #ليفربول #قص,2025-04-02,1361,22,0,https://youtu.be/6oIbJSlgIY0
ملخص ونتيجة مباراة #الأهلي #اهلاوي #الاهلي #دوريابطالافريقيا #الدوري_المصري #الدورى #alahly,2025-04-02,1348,0,0,https://youtu.be/NbinIJbfuPc
نحس برشلونه يعود من جديد 🤬#برشلونه #اتلتيكو #الدوري #الابطال #صداره #تييك #ترند #لامين #اكسبلور,2025-04-02,1318,10,1,https://youtu.be/OzfQYcKU3xc
الزمالك يتعادل 0/0 مع ستيلينبوش بالكونفدرالية ـ بس في حاجه غلط,2025-04-02,1312,15,0,https://youtu.be/KU5LovameaY
هدف الموهوب اندريك #ريال_مدريد,2025-04-02,1283,15,1,https://youtu.be/hsc9_e0IoPI
كلاسيكو في النهائي #ريال_مدريد #برشلونة,2025-04-02,1255,15,0,https://youtu.be/Soh9ZDF9N54
دخلة جمهور النادي الأهلي في مباراة الهلال السوداني 1. #اكسبلور #الاهلي #الزمالك#دوري_ابطال_افريقيا,2025-04-02,1233,12,0,https://youtu.be/GVEgO9Cfkig
بنتمرن ولا بنتصور🤔 #الاهلي #دوري_ابطال_افريقيا #النادي_الأهلي #الكورة_مع_ديشا #كولر #shorts #fyp,2025-04-02,1220,0,0,https://youtu.be/WCmVVz1Bszw
الكاف يرفض طلب الهلال السوداني لمباراة العودة الخطيب خارج الاهلي باوامر من الدولة مرموش يكتب التاريخ,2025-04-02,1215,5,0,https://youtu.be/xSNlf5UCtxg
ريال مدريد يحجز مقعدا في نهائي كأس ملك أسبانيا بعد التعادل مع سوسيداد 4/4 #sniper,2025-04-02,1183,30,0,https://youtu.be/SE309Q87Lx8
مباريات اليوم في ذهاب ربع نهائي كأس الاتحاد الأفريقي,2025-04-02,1156,3,0,https://youtu.be/GAU-Dr87Y5s
دخلة جمهور النادي الأهلي في مباراة الهلال السوداني 4 #اكسبلور #الاهلي #الزمالك#دوري_ابطال_افريقيا,2025-04-02,1148,24,0,https://youtu.be/yBmEuL2kYro
موعد مباراة برشلونة وأتلتيكو مدريد والقنوات الناقلة,2025-04-02,1073,9,0,https://youtu.be/YXebuUFQXTI
5 أسباب تمنح الترجي لقب دوري أبطال إفريقيا: كيف سيقهر الأهلي ويتوج ملكا للقارة؟,2025-04-02,1052,22,7,https://youtu.be/QJ2RXsA4NVA
من سينتصر بديربي الغضب ☠️ #ميلان #الانتر #ايطاليا #ديربي_ميلان #ديربي_الغضب #football,2025-04-02,1052,12,0,https://youtu.be/AqrMjANXubs
#برشلونة و اتلتيكو مدريد #موعد المباراة,2025-04-02,1038,0,0,https://youtu.be/Gb9hBpn6k7U
الزمالك ضيع فرصة هدف محقق اليوم فى جنوب أفريقيا #shortes,2025-04-02,1033,6,0,https://youtu.be/E-cgkIatM1w
امام عاشوروفرصه قتل المباراة قدم الهلال وربنا يسترها ومنزعلش عليه#امام_عاشور #الاهلي_الهلال_السوادني,2025-04-02,969,13,1,https://youtu.be/XJb-MmhrGhU
خلاف كبير في ريال مدريد 😰#مدريد #برشلونه #الدوري #سوسيدا #مبابي #تييك #ترند #كلاسيكو #ريال_مدريد,2025-04-02,930,17,0,https://youtu.be/9K0guteatZo
موعد مباراة المغرب ضد زامبيا القادمة الجولة 2 كأس إفريقيا لأقل من 17 سنة و القنوات الناقلة و الترتيب,2025-04-02,921,9,0,https://youtu.be/cFjSEnpDXwY
⏯️🔥ملخص مباراة الاثارة ريال مدريد ضد ريال سوسيداد 4 ٪4 km 20250402 720p 50f 20250402 135406,2025-04-02,919,13,0,https://youtu.be/nEhkekLL2LE
إصابة غاتي| إجهاد دوغلاس لويز| ليليان تورام وشعار المرحلة!,2025-04-02,901,0,7,https://youtu.be/tlyny5JMopk
"طريق الأهلي إلى نهائي دوري الأبطال.. هل نشهد نهائي مصري؟ | قرار عاجل من الخطيب وصدمة لنجوم الفريق""",2025-04-02,890,7,0,https://youtu.be/xmyEFgQUvjY
هدف محمد هاني العالمي. فوز الأهلي على الهلال السوداني#الاهلي #هدف #دوري_ابطال_افريقيا #ملخص,2025-04-02,872,12,0,https://youtu.be/1FdIa3O_oLI
الاهلي و الهلال السوداني #الاهلي #دوري_ابطال_افريقيا #الهلال_السودانى,2025-04-02,851,5,0,https://youtu.be/SHU_gkFNCms
ملك الدوريات الاوروبيه 😱#برشلونه #اتلتيكو #الدوري #الابطال #صداره #تييك #ترند #لامين_يامال,2025-04-02,733,11,0,https://youtu.be/KIF6pcUpV28
مباريات بطولة كأس الملك #كرة القدم #برشلونة #ريال_مدريد,2025-04-02,649,6,0,https://youtu.be/hz74svFZCrI
تقييمات لاعبين الاساسيين لريال مدريد امام ريال سوسيداد في نصف النهائي كاس ملك اسبانيا #Réal #Madrid,2025-04-02,617,4,0,https://youtu.be/4UqbPXmOLlw
🏹روتينيات بيسيرو وسيناريو علي أده وأداء لايليق بالفارس الأبيض بعد التعادل في ذهاب الدور ربع النهائي,2025-04-02,583,49,14,https://youtu.be/5MQ6yuV6B_g
كلاسيكو جديد ريال مدريد وبرشلونة وفوز ليفربول والسيتي🔥#noor_hazem #نور_حازم #ريال_مدريد #برشلونة,2025-04-02,424,0,0,https://youtu.be/mpYcvSWt5PQ
#مدريد #اكسبلور,2025-04-02,297,2,0,https://youtu.be/7097DlSpcWo
مباراة اتليتكو مدريد وبرشلونة اليوم كاس ملك اسبانيا Atletico Madrid vs Barcelona match today,2025-04-02,187,1,0,https://youtu.be/wEchPKi18NY
ريال مدريد يواجه برشلونة فى نهائي كأس ملك إسبانيا 🇪🇸🔥🔥,2025-04-02,184,5,4,https://youtu.be/Q340RGWiDSY
بولونيا يتأهل لنهائي كأس إيطاليا بفوز كبير 3-0,2025-04-02,152,1,0,https://youtu.be/MvWx2oQehS8
#مانشستر_سيتي  تستغل كل الفرص وتفوز بكل قوة  أهداف وأخطاء مباشرة  #بي_ان_سبورت #football #shorts,2025-04-02,128,1,0,https://youtu.be/9mbyIFSYzwU
هدف برشلونة الاول على اتلتيكو مدريد,2025-04-02,124,1,0,https://youtu.be/teQToovjzjE
الدوري العراقي مواعيد مباريات الجولة ال 26,2025-04-02,108,2,2,https://youtu.be/ilWpj9T6xwg
"""مباراة مثيرة في كأس ملك إسبانيا:اهداف مباراة برشلونة وأتلتيكو مدريد #كاس_ملك_اسبانيا #ssc",2025-04-02,82,7,0,https://youtu.be/PB-Cb0yRdvI
محمد صلاح vs عثمان ديمبيلي | مقارنة بين صلاح وديمبيلي | إنجازات محمد صلاح وعثمان ديمبيلي,2025-04-02,66,0,0,https://youtu.be/bTnVa5N8TAY
النادى الأهلى إلى نصف نهائي دورى أبطال أفريقيا🔥🦅 وباريس سان جيرمان يفوز بالدورى 🚨,2025-04-02,54,0,0,https://youtu.be/3BgTelEumW0
موعد مباراة ميلان ضد انتر ميلان من كاس ايطاليا و القنوات الناقلة,2025-04-02,46,3,0,https://youtu.be/S2yCaifcOnU
هدف روديجر على ريال سوسيداد ف نصف النهائي ، في الوقت الإضافي وهدف الصعود للمباراة النهائيه #اكسبلور,2025-04-02,44,4,0,https://youtu.be/KaIQjBy00gw
ريال مدريد يصل إلى نهائي كأس ملك إسبانيا 💪💪💪💯,2025-04-02,42,4,0,https://youtu.be/CUy_xhQADUw
برشلونة 1-0 اتلتكو مدريد كاس ملك اسبانيا وكلاسيكو جديد في نهائي كاس ملك اسبانيا,2025-04-02,34,3,1,https://youtu.be/VVh33ZfmSy8
هدف التأهل للنهائي بطريقة سنيمائية! 😮‍💨🔥,2025-04-02,27,2,0,https://youtu.be/XjBXKpMu8uA
مخلص مباراة ميلان وانتر ميلان1_1|ذهاب نصف نهائي كاس ايطاليا🔥,2025-04-02,26,4,1,https://youtu.be/TjRHL-nizZI
لحظات لا تُنسى: تأهل ريال مدريد إلى النهائي الكبير!,2025-04-02,21,2,0,https://youtu.be/tLluNPaALUE
لويس سواريز vs ليونيل ميسي | مقارنة بين ميسي وسواريز | إنجازات ليونيل ميسي ولويس سواريز,2025-04-02,18,1,0,https://youtu.be/vs8szA-765c
أهم مباريات اليوم الأربعاء 2 أبريل 2025 والقنوات الناقلة,2025-04-02,15,3,0,https://youtu.be/JkIn78ZG3Xc
Funny Ronaldo Dives  #momentsfootball #cristianoronaldo #viral #football #soccer #dives #funny,2025-04-02,15,0,0,https://youtu.be/z58WCESeJsY
Ronaldinho Milan Skills #moments #soccer #fyp #foryou #football #footballtiktok,2025-04-02,14,0,0,https://youtu.be/Yv6HlE1Lo78
هـدف قاتل من الجندي المجهول ينقذ ريال مدريد من الخسارة🥷🔥,2025-04-02,13,0,1,https://youtu.be/kugkHcJhIXc
#ريال_مدريد  ملخص واهداف مباراه ريال مدريد  ضد ريال سوسيداد فى كأس ملك اسبانيا,2025-04-02,12,3,1,https://youtu.be/D01DjreB86Y
David Beckham: Art of Football #moments #soccer #fyp #foryou #football #footballtiktok,2025-04-02,12,0,0,https://youtu.be/eZj6szF5d8g
Rare Goalkeeper Moments #moments #soccer #fyp #foryou #football #footballtiktok,2025-04-02,11,0,0,https://youtu.be/VS9Ux0wB0Ss
ملخص مباراة ريال مدريد و ريال سوسيداد                         ريال مدريد4-4ريال سوسيداد. (5-4),2025-04-02,8,2,1,https://youtu.be/_tuhB6jSkNE
مباراه باريس سان جيرمان دنكارك فوز باريس سان جيرمان بريمونتادا,2025-04-02,7,0,0,https://youtu.be/sQPqcbH7A-Y
أهم وأبرز نتائج مباريات الثلاثاء (1-4-2025),2025-04-02,7,0,0,https://youtu.be/mBaFskxYMTw
هدف عمر مرموش في مرمى ليستر سيتي😍⚽,2025-04-02,4,0,0,https://youtu.be/uHTzQtDarsc
ملخص مباراة برشلونه1_0 أتلتيكو مدريد الدوري نصف النهائي 1_0 كأس ملك إسبانيا,2025-04-02,3,0,0,https://youtu.be/MctrKPbYF5M
ملخص مباراة بورنموث ومانشستر سيتي (1-2) | كأس الاتحاد الإنجليزي - دور ربع النهائي,2025-04-02,2,0,0,https://youtu.be/p-jvhD02K8I
مبارة برشلونة و اتلاتيكو مدريد (1ـ0) إياب كاس ملك اسبانيا,2025-04-02,1,1,0,https://youtu.be/F_Km7K0MOF8
ملخص المبارة باريس,2025-04-02,1,1,0,https://youtu.be/P0TjFecLfVw
عندما فعل الاهلي المستحيل ولاكنه لم يكن كافيا 😱 | فرص الأهلي الضائعة ضد صنداونز #الاهلي #shorts,2025-04-03,376192,4778,32,https://youtu.be/ROPUuhWZmLk
نتائج الفرق المصرية في بطولة افريقيا✅الكونفيدرالية ✅ #مصر #الاهلي #اهلاوي #افريقيا #الزمالك #الاهلى,2025-04-03,297278,7858,21,https://youtu.be/sjJy70rHxjI
‏اخر 6 مباريات رسمية في الكلاسيكو : الريال فاز 5، وبرشلونة مباراة واحدة فقطاكثر من فاز في الكلاسيكو,2025-04-03,171004,518,0,https://youtu.be/bKGd91v5PMo
ملخص مباراة مصر وبوركينا فاسو (1-2) | كأس أمم إفريقيا تحت 17 عاماً - دور المجموعات,2025-04-03,136599,1858,406,https://youtu.be/myTFigjiTCQ
🔥اهداف الاهلي 🦅♥️ و المصري ٢-٠ #الاهلي #الاهلي_اليوم #الأهلي_فوق_الجميع,2025-04-03,83896,1320,2,https://youtu.be/nklLsAwKQGg
أهداف  يوسف الثنيان من كرات ثابته مع الهلال والمنتخب 😍🔥🥶🇸🇦,2025-04-03,43074,483,24,https://youtu.be/APavxUR4w_U
افضل 5 اهداف سجلها الاسطوره سامي الجابر 😍🔥,2025-04-03,42590,312,31,https://youtu.be/NaWF1v8feQg
موعد مباراة ريال مدريد وبرشلونة في نهائي كأس الملك الاسباني 2025💥القنوات الناقلة والتوقيت 💥,2025-04-03,38352,822,96,https://youtu.be/Cl84PRBE3VQ
موعد وتوقيت مباراة برشلونة وريال مدريد في نهائي كأس ملك إسبانيا 2025 والقنوات الناقلة,2025-04-03,35380,513,45,https://youtu.be/7RCbfBJbC6o
هدف سامي الجابر العالمي😍🔥,2025-04-03,34785,359,17,https://youtu.be/ZpQbpwF5IVk
هدف يوسف الثنيان العالمي 😍🔥🥶,2025-04-03,34726,428,20,https://youtu.be/QHKwBz3kCGM
موعد مباراة العودة بين الأهلي والهلال السوداني في ربع نهائي من دوري الأبطال 2025 💥 والقنوات الناقلة💥,2025-04-03,26747,0,8,https://youtu.be/U9p8SOGYe3E
الساحر رينيه فايلر .. بديل كولر في الأهلي 🔥,2025-04-03,26524,1148,63,https://youtu.be/oTZ2HpZaVEA
‏اسهل بطولة ممكن تأخذها ده لو ‏مكانش لا كولر رأيي تاني #الاهلي_عشق_لا_ينتهي #الاهلي_فوق_الجميع,2025-04-03,24278,234,5,https://youtu.be/iXxH6axouyM
أهداف  يوسف الثنيان من كرات ثابته مع الهلال والمنتخب السعودي 🔥👌😍🔥🇸🇦,2025-04-03,22202,285,12,https://youtu.be/rRPYpdH6s6c
موعد مباراة الاهلي و بيراميدز في الدوري المصري 2025,2025-04-03,15506,281,0,https://youtu.be/_OuMvGd07OI
ستكون ليلة صعبة💀🫵🏻💙!!! #الهلال#shorts,2025-04-03,15310,485,81,https://youtu.be/zdNOyk1Pk9U
#أخبار_الأهلي #الاهلي #اهلاوي #الأهلي #اكسبلور #دوريابطالافريقيا #صفقات_الأهلي #football #الزمالك,2025-04-03,14195,383,1,https://youtu.be/_3cYcc1vg9k
مواعيد مباريات الجولة 27 من الدوري السعودي 2025💥دوري روشن السعودي,2025-04-03,13770,205,11,https://youtu.be/lmMtjxJHcDY
ريال مدريد وبرشلونة في نهائي كأس الملك | محمد عدنان,2025-04-03,13117,1038,13,https://youtu.be/z0NG1XKM1jw
موعد مباراة ليفربول وفولهام القادمة في الدوري الانجليزي والقنوات الناقلة والتوقيت 💥 والتشكيل,2025-04-03,11872,253,4,https://youtu.be/KL2m7SujS40
كلاسيكو جديد هذا الموسم لكن في بطولة مختلف#كلاسيكو #ريال_مدريد #برشلونة,2025-04-03,10615,266,13,https://youtu.be/E1InHez3zDw
لاحظ كيف أخذ الدفاع كله بلمسة وحدة 😂,2025-04-03,6939,82,3,https://youtu.be/D9uAk8JRj5M
إذا ريال مدريد خسر مباراة واحدة قبل كلاسيكو الدوري واستمرت سلسلة انتصارات برشلونة الى موعد كلاسيكو,2025-04-03,5219,14,0,https://youtu.be/W0GnE8CbaiU
⏯️🔥ملخص مباراة اتلتيكو مدريد 0 ٪ 1 برشلونة اياب نصف نهائي ملك أسبانياkm 03ا 720 50f 20250403 120553,2025-04-03,4980,33,0,https://youtu.be/GAN8mpYjFu4
اسرع هدف في نهائي الابطال صاروخ من ناصر الدوسري 🔥🥶😘💙,2025-04-03,3632,177,2,https://youtu.be/d2cnsMNURXw
اسوء مباراة لروديغر في تاريخه #sniper #champions_league #football #ريال_مدريد #ميسي #fcbarcelona,2025-04-03,2866,11,0,https://youtu.be/YtWANp7Qd4Q
أجمل اهداف الثنيان 🔥😍💙🥶,2025-04-03,2711,125,2,https://youtu.be/N4vhYINqei0
#الأهلي #اهلاوي #أخبار_الأهلي #اكسبلور #دوريابطالافريقيا #صفقات_الأهلي #football #دويتو #الاهلي,2025-04-03,2668,42,3,https://youtu.be/clYXVC9Kpkg
🔴MOROCCO VS ZAMBIA LIVE The U17 Africa Cup  #منتخب_زامبيا #المنتخب_المغربي,2025-04-03,2170,12,0,https://youtu.be/9TtrP2nK0Ak
ريال مدريد ملك أوروبا اكثر من حقق أبطال أوروبا اهداف ريال مدريد اليوم اهداف مباراة ريال مدريد اليوم,2025-04-03,1842,35,1,https://youtu.be/xyVTwKXi8s4
اللاعيبة وكولر؟ #الاهلي #كولر #الأهلي #الكورة_مع_ديشا #shorts #football #fyp #foryou,2025-04-03,1840,0,6,https://youtu.be/4tKMQTDnWXc
الشباب نوحر 🤷‍♂️ 😬🥶🤣,2025-04-03,1812,40,6,https://youtu.be/2usfLv0_bKk
ملخص مباراة أتلتيكو مدريد 0 - 1 برشلونة - إياب نصف نهائي كأس الملك,2025-04-03,1804,26,0,https://youtu.be/F95_7wCCi4w
عاجل/تفاصيل عقد زيزو الجديد💥/القندوسي يفاجئ الجميع🧐/رحيل4لاعبين/بيسيرو يفاجئ فتوح/اخبار الزمالك,2025-04-03,1563,58,5,https://youtu.be/W_EG5KEYacU
مباريات بطولة كأس الملك #برشلونة #ريال_مدريد,2025-04-03,1318,19,0,https://youtu.be/UJmqgUJ8wqY
الاهلي والهلال السوداني#الاهلي#اكسبلور#youtubeshorts #كرة_القدم#football #الزمالك#دوري_ابطال_افريقيا,2025-04-03,1314,23,0,https://youtu.be/wDKdHh7ErNE
عقدة برشلونة ادام  ريال مدريد 🏆❌,2025-04-03,1223,31,1,https://youtu.be/j1AhnZ6eDGU
تشكيله الزمالك تدي ستيلينبوش في كاس الكونفدراليه الافريقيه 2024/2025 #shorts,2025-04-03,1176,8,0,https://youtu.be/7Y3tpZvr50w
مباراة برشلونه واتلتيكو مدريد,2025-04-03,1124,18,0,https://youtu.be/28OoEuNSIzw
هل يستحق ازبيليكويتا الطرد بعد التدخل علي رافينيا ❓,2025-04-03,1056,8,6,https://youtu.be/2ydJTZvXBDg
عندما يعود الهلال يكون الرد قاسي جداً☠️💙,2025-04-03,1035,27,5,https://youtu.be/y0zHeYM780E
ملخص مباراه برشلونه واتلتيكو مدريد كاس ملك اسبانيا 2025,2025-04-03,940,11,0,https://youtu.be/vExmTj2_3c0
اشتباكات عنيفه في مدرجات الزمالك #الزمالك #الاهلي #دوري_ابطال_افريقيا #الكونفيدرالية,2025-04-03,802,5,3,https://youtu.be/eGK0Sd4tSK8
🔴VirKora - فيركورة,2025-04-03,748,61,0,https://youtu.be/1h9ld6zixks
برشلونة لنهائي كأس الملك وليفربول بقترب خطوة إضافية من اللقب,2025-04-03,747,224,10,https://youtu.be/xKO6jDPrfnI
كلاسيكو الغضب المدريدي 🤬#برشلونه #اتلتيكو #الدوري #الابطال #صداره #تييك #ترند #لامين #ريال_مدريد,2025-04-03,633,6,0,https://youtu.be/Yd5_aI6dVSs
الاهلي يختار بديل كولر لقيادة الاهلي في كاس العالم وعرض مغري لرامي ربيعة من بيراميدز لثلاث سنوات,2025-04-03,391,0,0,https://youtu.be/4UanwHF_QsU
ازاي ريال مدريد بيكسب ؟؟ #viralvideo   #fyp  #viralshort #shorts #shortvideo,2025-04-03,241,4,0,https://youtu.be/YZKbBXUG1kU
ريال مدريد وبرشلونة وجها لوجه في نهائي كأس الملك🤯 والدوري الإنجليزي فقد إثارته مبكرًا 💪,2025-04-03,168,15,0,https://youtu.be/85ikf7OqYO0
"""صراع القطبين مستمر.. آخر تطورات الأهلي والزمالك!""",2025-04-03,122,3,0,https://youtu.be/tBQTywGI2o4
مفاجأة 🔥 الاهلي يجهز بديل كولر لكأس العالم/100مليون جنيه تنهي تجديد زيزو للزمالك رسمياً/مفاجأة جوميز,2025-04-03,108,12,0,https://youtu.be/tcKXXELejak
محمد صلاح vs فينيسيوس جونيور | مقارنة بين صلاح وفينيسيوس | إنجازات محمد صلاح وفينيسيوس جونيور,2025-04-03,63,0,0,https://youtu.be/U-OiJ55l8H8
موعد مباراة الهلال السوداني ضد الاهلي اليوم في ربع نهائي دوري أبطال أفريقيا والقنوات الناقله,2025-04-03,55,3,0,https://youtu.be/7N5fL0YqQtU
العبه الريال مدري 🆚برشلونة كاس الملك  منو يفوز💪❣️,2025-04-03,27,3,0,https://youtu.be/zzudox0Kyug
الريال في ورطه  أزمه تلوح في الأفق قبل نهائي كاس الملك الاسباني#football #ريال_مدريد,2025-04-03,12,2,0,https://youtu.be/Q68d0EXWrIU
' | برشلونة ضد أتلتيكو مدريد.⚽️ فيران توريس.🎯 لامين يامال. #لامين_يامال,2025-04-03,9,0,0,https://youtu.be/y0L9Zi2tTdI
ملخص مباراة برشلونة و اتلتكو مدريد 1 0,2025-04-03,2,0,0,https://youtu.be/FX3WmVoBmvI
ريال مدريد بدون حارس قبل مباراة أرسنال 😳😰 نسخة كاسياس الجديدة 🔥,2025-04-04,3339835,64243,153,https://youtu.be/ci_4VVLXec4
قمة الملل 😮‍💨 قصة أسوأ نهائي بتاريخ دوري أبطال أوروبا #shorts,2025-04-04,3320767,116389,321,https://youtu.be/Tu3RSzpSOxE
أهداف مباراة الهلال 1 - 3 النصر | الجولة ( 26 ) من دوري روشن السعودي للمحترفين 2024-2025,2025-04-04,788276,18036,1159,https://youtu.be/5zSTC1Tg8dk
ملخص مباراة أوغسبورغ وبايرن ميونيخ (1-3) | الدوري الألماني- الجولة 28,2025-04-04,221032,7186,163,https://youtu.be/WdfSr7tfrvw
توقعات المحللين للقاء الهلال والنصر اليوم 🔥🥶💙💀,2025-04-04,114871,457,37,https://youtu.be/k8_x4wvomyY
هل غيّرت تقنية ال VAR  إيقاع المباريات وقتلت متعها؟#الشرق_رياضة #الشرق_للأخبار,2025-04-04,50016,35,0,https://youtu.be/yGPpVMLwXtM
البليهي يقلص الفارق 🫡🔥!!! #الهلال#shorts,2025-04-04,23854,428,180,https://youtu.be/eIPCyfo6oEg
اوتافيو مع سافيتش 🤣🤣💙🥶💀,2025-04-04,21969,278,16,https://youtu.be/Xjpr5yABT6M
ماهو الرقم القياسي الذي لم يحطمه أحد في دوري أبطال اوروبأ الى الآن 🧐🔥,2025-04-04,18893,1505,0,https://youtu.be/I4wQMG_P-fE
ثاني اهداف ديربي عن طريق رونالدو 😔!!! #الهلال#shorts,2025-04-04,13846,287,116,https://youtu.be/YZ5V9V5jwv0
هدف أسطوري من علي الحــــسن يُذهل الجميع ويشعل الملعب! 😱🔥,2025-04-04,11313,185,4,https://youtu.be/SlfOlFypSQM
بث مباشر مباراة الهلال و النصر اليوم في الدوري السعودي 2025 بث مباشر مباريات اليوم,2025-04-04,10698,55,0,https://youtu.be/NIlR2KhMZi0
هدف رضوان بركان اليوم | اتحاد خنشلة 0 شبيبة القبائل 1 | الجولة 21 | الدوري الجزائري 2024-2025,2025-04-04,8716,91,8,https://youtu.be/koPvhKkLdw4
قصة خسارة تشيلسي نص النهائي بقيادة هازارد 🤨📘(ماذا حصل ؟),2025-04-04,5262,217,2,https://youtu.be/4NGxtQVFQcM
الحلم يتحقق الحلم يتحقق 😭💙💙😘,2025-04-04,4523,127,3,https://youtu.be/rSjXIi93L-M
تقييم لاعبي الاهلي في مباراة الهلال … الاسوأ مفاجأة 😮😮 #الاهلي  #الهلال  #دوري_ابطال_افريقيا,2025-04-04,3641,125,1,https://youtu.be/mRSwTOrdHto
سافيتش وهو يمرمط اوتافيو في كل مباراة 🤣🤣💙🥶😬,2025-04-04,3276,97,3,https://youtu.be/AqO74VSyMaM
طرب جمهور الهلال في اسيا 😍💙🔥😘🥶💀,2025-04-04,2899,69,1,https://youtu.be/U2uVv9ehyCk
الليلة سيكون الرد قاسيآ 🔥🥶😘💀,2025-04-04,2773,153,8,https://youtu.be/F9tRQS314OU
ملعب ON - عصام الحضري : من وجهة نظري الدوري لسة في الملعب للأهلي والزمالك وبيراميدز,2025-04-04,2685,35,1,https://youtu.be/D_0IG4U3wgg
هل اقترب الرحيل #الاهلي #الكورة_مع_ديشا #كولر #shorts #football #النادى_الأهلي #fyp #foryou,2025-04-04,2486,0,6,https://youtu.be/PoejPyptK5c
ترتيب الدوري السعودي وترتيب الهدافين الجولة 26 الجمعة 4-4-2025 - فوز النصر و هزيمة الهلال,2025-04-04,2277,81,5,https://youtu.be/PcF5mUZ0UbM
تصنيف المنتخب المغربي للفوتصال .. الدوري الدولي للفوتصال بالمغرب 2025,2025-04-04,2253,41,0,https://youtu.be/i6YJMyHT3gM
موعد مباراة المغرب ضد تنزانيا القادمة الجولة 3 مجموعات كأس إفريقيا أقل من 17 سنة و القنوات الناقلة,2025-04-04,2020,17,0,https://youtu.be/bWBlMDQoM8Q
‏🚨رسمياً | قائمة غيابات آرسنال عن مباراة الذهاب أمام ريال مدريد.,2025-04-04,1762,5,0,https://youtu.be/n_xcjLt7cRY
الحارس الافضل 🔥😘💙,2025-04-04,1756,81,2,https://youtu.be/LuybE8Y_luA
لاعبين الاهلي ف كاس العالم مع وجود زيزو ومصطفى محمد #الاهلي_نادي_القرن#صفقات_الاهلي_الجديده,2025-04-04,1697,13,2,https://youtu.be/1Um257-EVCA
موعد مباراة برشلونة وبروسيا دورتموند في دور ربع النهائي دوري ابطال اوروبا 2025🔥 والقنوات الناقلة🔥,2025-04-04,1563,16,0,https://youtu.be/PQaLZi-u3Ak
الأهلي بيختار خليفة كولر مين الأنسب؟ فايلر؟ كيروش؟ جوميز؟  روزه؟ وماذا عن زيزو وكوتيسا وعبد المنعم,2025-04-04,1548,30,5,https://youtu.be/viIxDI0cbgw
برشلونة ام ريال مدريد؟ من يكون بطل كأس الملك 🔥,2025-04-04,1500,0,4,https://youtu.be/VLlBT2RV3F8
هدف #النصر الثالث رونالدو,2025-04-04,1481,21,1,https://youtu.be/VjAB0DRnPV4
شاهد مباراة الهلال و النصر بث مباشر اليوم في الدوري السعودي 2025,2025-04-04,1276,35,0,https://youtu.be/Nm9rEjIV_10
تصريح يهز العالم من انشيلوتي قبل مواجهة ريال مدريد وبرشلونة في نهائي كأس الملك🚨💥,2025-04-04,1257,10,0,https://youtu.be/TeSZxxYRa7Q
موعد مباراة العودة بين الأهلى والهلال فى ربع نهائى دورى ابطال افريقيا والتوقيت والقنوات الناقلة,2025-04-04,1216,12,1,https://youtu.be/Dg8wYfPmlW4
اصابات نادي ارسنال قبل مباراة ريال مدريد #غابريال #ساكا #اوديغارد #فينسيوس #رودريغو #رونالدو,2025-04-04,1164,0,0,https://youtu.be/6Rkj5u0SfFg
"**""رافائيل لياوالاسطوره   يبدع #shortes",2025-04-04,1079,10,0,https://youtu.be/WsA3skAZBfA
مواعيد مباريات الزمالك القادمه القنوات الناقلة الزمالك × سموحة والزمالك × ستيلينبوش وحرس الحدود,2025-04-04,1062,5,0,https://youtu.be/HUyb6Ah0M6Q
البليهي عاده سنويه مع النصر 🤣🤣🤣😂🔥,2025-04-04,1045,41,3,https://youtu.be/9MoeI4VEtWQ
صفقه الخطيب السريه لمونديال الأندية وحكايه الجناح الافريقي,2025-04-04,1032,18,0,https://youtu.be/vrVBeVj_ALI
حكم مباراة الاياب بين الاهلي والهلال السوداني. #الاهلي #اهلاوي,2025-04-04,1025,9,0,https://youtu.be/sr55HZLjSHg
تصديات خالد شرحيلي,2025-04-04,1022,23,0,https://youtu.be/kOzxz0AaOkQ
آخر نهائي بين الغريمين 🔴⚪🔥📸📸,2025-04-04,1003,15,1,https://youtu.be/f13j2De6m8g
كل العشق والحب انت يا هلال 💙😘🔥,2025-04-04,987,22,2,https://youtu.be/jzy3csz2kdc
فالفيردي.. القصة الكاملة لصعود نجم ريال مدريد الحقيقي من الشارع إلى المجد! 🌟⚽🔥,2025-04-04,818,46,0,https://youtu.be/8hgdwAv1O1I
موعد مباره ليفربول وفولهام فى الدوري الإنجليزي والقنوات الناقلة والتوقيتات #football,2025-04-04,751,15,1,https://youtu.be/7jtksyUjAFo
ريال مدريد أم برشلونة🔥من سيفوز بلقلب الدوري الإسباني🤔هذا الحل الوحيد للفوز بالليغا🏆,2025-04-04,729,18,5,https://youtu.be/19mYJgEycyQ
مواعيد مباريات الزمالك القادمه القنوات الناقلة الزمالك × سموحة والزمالك × ستيلينبوش وحرس الحدود,2025-04-04,694,14,0,https://youtu.be/bzR9G463iFs
ترتيب الدوري السعودي و ترتيب الهدافين ونتائج مباريات الجوله 26 اليوم الجمعة 4-4-2025,2025-04-04,667,15,0,https://youtu.be/kUDY9P9Ipzc
رده فعل وغضب 🔥جماهير نادي الهلال على النصر🤯🔥,2025-04-04,538,0,2,https://youtu.be/rmrHKjqwqiY
زلزال في الرياض! النصر يُسقط الهلال بثلاثية مدوية!,2025-04-04,464,7,3,https://youtu.be/KvNsNn88s_0
موعد مباره الأهلى والهلال السودانى فى إياب ربع نهائي دوري أبطال إفريقيا والقنوات الناقلة #football,2025-04-04,390,10,1,https://youtu.be/IgzIe8F0pAQ
توقعات نادي الهلال والنصر🎉🔥🤬درفل الجماهير على الهلال 😍,2025-04-04,372,0,1,https://youtu.be/-v3wM1rHTrc
الهدف الأول  للنصر ضد الهلال هدف علي الحسن  #دوري_روشن_السعودي,2025-04-04,216,9,0,https://youtu.be/ECE5EQHyOW4
هذا الموسم26 أبريل: نهائي كأس الملك 11 مايو: كلاسيكو الدوري 31 مايو: نهائي محتمل في دوري الأبطال,2025-04-04,208,7,0,https://youtu.be/fyfWSWyUPbs
محمد صلاح vs ساديو ماني | مقارنة بين صلاح وماني | إنجازات محمد صلاح وساديو ماني,2025-04-04,136,5,0,https://youtu.be/ocE3tM8lm4A
حان موعد الرحيل ؟ تغيرات حالة الاهلي في قيادة كولر,2025-04-04,89,6,3,https://youtu.be/n9W_jlclfkM
أجمل 5 اهداف لنواف التمياط مع الهلال 💙🔥,2025-04-04,66,11,2,https://youtu.be/libvBEPJxGg
عندما يغضب الهلال يكون الرد قاسيآ ! 🔥,2025-04-04,50,4,0,https://youtu.be/mAKB-ECy-wY
الدوري الإسبانى مواعيد مباريات الجولة ال 30,2025-04-04,31,2,3,https://youtu.be/ey-djMZC1Jg
ملخص مباراة الهلال 1 - 3 النصر | الجولة ( 26 ) من دوري روشن السعودي للمحترفين 2024-2025,2025-04-04,27,7,1,https://youtu.be/f_CwYkyDKzk
ريال مدريد يتأهل إلى نهائي كأس ملك إسبانيا 🤍🔥,2025-04-04,27,3,0,https://youtu.be/ID6eXWZ5vNk
هـدف قاتل مـن الاسطوره كريستيانو رونالدو على الهلال😎🔥,2025-04-04,24,3,0,https://youtu.be/oklU_B4T90w
هدف ميسي ضد ريال مدريد - 2017 (3-2),2025-04-04,23,2,0,https://youtu.be/yqO3hKpbV48
موقف الأهلي من مناقشة رحيل كولر عن الأهلي بسبب تراجع مستوى الفريق قبل كأس العالم,2025-04-04,9,0,0,https://youtu.be/NErJl-iVsR8
اسيا للنصر💛💙💛💙,2025-04-04,4,0,0,https://youtu.be/vdKjbbpcQF4
ملخص مباراه برشلونة ضذ اتلتيكو مدريد مباراة شاعلة🔥,2025-04-04,1,1,0,https://youtu.be/Ug7YPQx8vUQ
اقوي.  مباره في دوري أبطال أوربا الباير و الرياللللللللللل,2025-04-04,0,0,0,https://youtu.be/05-5LB6dN14
ملخص مباراة  ريال مدريد وفالنسيا (1-2) | الدوري الإسباني - الجولة 30,2025-04-05,1749812,45261,2457,https://youtu.be/VZd3OhrzwQI
ملخص مباراة برشلونة وريال بيتيس (1-1) | الدوري الإسباني - الجولة 30,2025-04-05,1038662,26393,1104,https://youtu.be/bTA4-82oCk0
ملخص مباراة الأهلي 2 - 2 الاتحاد | الجولة ( 26 ) من دوري روشن السعودي للمحترفين 2024-2025,2025-04-05,876356,12972,1019,https://youtu.be/LEzFS-NtbLU
ملخص مباراة الأهلي والوداد 2-0 في المغرب | أهداف أفشة ومعلول وتألق الشناوي #الاهلي #الأهلي #shorts,2025-04-05,457077,5562,15,https://youtu.be/oIvig90qtYU
ملخص مباراة إيفرتون وآرسنال (1-1) | الدوري الإنجليزي - الجولة 31,2025-04-05,270648,7368,155,https://youtu.be/lB6CrNK1Log
"ردة فعل مباراة ""الجولة 26"" بين الهلال و النصر 1-3 | شـكـرًا يالأصـفـر 💛💛",2025-04-05,207571,10853,637,https://youtu.be/lMIcLoZjl8M
نهائي كاس مصر للكرة طائرة - رجال - بين ( الاهلي - الزمالك ),2025-04-05,187115,1154,41,https://youtu.be/a8ffeYKfHGc
ملخص مباراة ريال مدريد 5 - 2 بوروسيا دورتموند |دوري أبطال أوروبا,2025-04-05,172952,3457,12,https://youtu.be/62npd2uSrt8
بلنتي رونالدو ضد الهلال في ملعبهم 1-3 🔥,2025-04-05,133070,4324,62,https://youtu.be/GZjrtx_LI_s
ميدو شئت أم أبيت الاهلي ريال مدريد افريقيا والكل بيترعب منه في أفريقيا #الاهلي #الزمالك #shorts,2025-04-05,130994,1203,65,https://youtu.be/lsMbHxSGebg
🥲 يا جماعة رجعلنا وسام ابو على💔 🥲 هاتريك وسام في المقاولين 🦅♥️#الاهلي #وسام_ابوعلي #alahly,2025-04-05,74794,1443,3,https://youtu.be/lN5I0ya7eq8
ريال مدريد يسقط ضد فالنسيا ويبتعد عن لقب الليجا لصالح برشلونة واقتراب نهاية أنشيلوتي,2025-04-05,39766,2628,30,https://youtu.be/3yUvtGdSKyk
#shorts #dziikora,2025-04-05,35671,314,0,https://youtu.be/9Ml_RU2JQ_U
اشرف بن شرقي جاهز لمباراة العودة #حارس_الاهلي #اهلاوي #الاهلي_اليوم #دوري_ابطال_افريقيا #اكسبلور,2025-04-05,30137,417,1,https://youtu.be/nKvLtKKDsR0
امام عاشور و الشحات جاهزين لمباراة العودة #حارس_الاهلي #الاهلي #قناة_الأهلي,2025-04-05,29938,391,3,https://youtu.be/SC67zTl7Tmc
تعثر ريال مدريد أمام فلنسيا 🤯🔥,2025-04-05,17090,3155,216,https://youtu.be/gIOxkn2fGBk
ما هي الدولة الأكثر فوزًا بكأس العالم!,2025-04-05,15178,44,1,https://youtu.be/VUnZhsTgsPk
هدف ريال مدريد الملغي امام فالنسيا الان,2025-04-05,14652,56,0,https://youtu.be/bFt7pAx2GUw
أهداف مباراة المصري  1 - 1 سيراميكا كليوباترا | كأس عاصمة مصر ( دور المجموعات ) 2024-2025,2025-04-05,11983,118,7,https://youtu.be/BheWim278qI
موعد مباراة الأهلي والهلال السوداني في إياب ربع نهائي دوري أبطال أفريقيا 2025 والقنوات الناقلة,2025-04-05,10954,384,2,https://youtu.be/eNaXobc-E7Y
توني VS سعد موسى 😱!!! #الهلال#shorts,2025-04-05,10411,217,43,https://youtu.be/RgxvPbbxc30
هدف أيمن محيوص اليوم شباب بلوزداد 4 نجم مقرة 0 الجولة 21 الدوري الجزائري 2024-2025,2025-04-05,9252,73,2,https://youtu.be/HX0F9mVGsVM
ملخص تحليل مباراة برشلونة وريال بيتيس 1_1. رغم التعادل برشلونة يقترب اكثر لتحقيق الدوري,2025-04-05,8727,206,8,https://youtu.be/WCIhR9_AhPA
محمد الشناوي و مصطفي شوبير يستعدون لمباراة الهلال#حارس_الاهلي #الاهلي_اليوم #دوري_ابطال_افريقيا,2025-04-05,8725,195,0,https://youtu.be/zeueo0GP8yU
هدف عبد الرحمن مزيان اليوم شباب بلوزداد 4 نجم مقرة 0 الجولة 21 الدوري الجزائري 2024-2025,2025-04-05,8502,83,1,https://youtu.be/unTqrDlqMSc
موعد مباراة ريال مدريد وارسنال القادمة في ذهاب ربع نهائي دوري ابطال اوروبا والقنوات الناقلة,2025-04-05,8269,151,22,https://youtu.be/6ceQa--jn0k
ريال مدريد يخسر امام فريق مهدد للهبوط في الدوري الاسباني ارائكم علئ انشيلوتي !!,2025-04-05,7988,116,0,https://youtu.be/8Us0RuaPVQA
هدف رزقي حمرون اليوم شباب بلوزداد 4 نجم مقرة 0 الجولة 21 الدوري الجزائري 2024-2025,2025-04-05,7761,67,0,https://youtu.be/iqzRdNtBln0
هدف محمد بلخير اليوم شباب بلوزداد 4 نجم مقرة 0 الجولة 21 الدوري الجزائري 2024-2025,2025-04-05,6824,74,0,https://youtu.be/wHgE2wd0SlU
إصابة هالاند تضع سيتي بيب في ورطة!,2025-04-05,6716,402,11,https://youtu.be/WAfOdy2UPjw
موعد مباراة برشلونة وبوروسيا دورتموند القادمة في ذهاب ربع نهائي دوري ابطال اوروبا والقنوات الناقلة,2025-04-05,5687,127,8,https://youtu.be/RnQ26Y2Z20M
هدف ثالث للنصر ، كريستيانو رونالدو 🐐 : #النصر [3] - [1] الهلال,2025-04-05,5577,54,1,https://youtu.be/T87VV_FlJg4
عاجل الاهلي يفرم الزمالك ويحصل على كاس مصر في الكره الطائره للعام الثاني قال ايه ملوك الصلات #اكرامي,2025-04-05,4959,70,2,https://youtu.be/KdsDMzYnZ2Y
#ريال_مدريد يتكبد خسارة مفاجئة 2-1 على أرضه وبين جماهيره في الليغا أمام فريق فالنسيا الذي,2025-04-05,4609,18,0,https://youtu.be/2kQxN3W83IY
فالنسيا يمنح برشلونة لقب الدوري بانتصار مثير على ريال مدريد في اللحظات الأخيرة.,2025-04-05,4331,15,0,https://youtu.be/DPIW6gIWcZs
في أي سنة أقيمت بطولة كأس العالم في الجزائر!,2025-04-05,4206,15,1,https://youtu.be/GQI-tD05HjM
ملخص مباراة ريال مدريد ضد فالنسيا (1-2) #football #مصر #اكسبلور #اليمن,2025-04-05,3819,6,0,https://youtu.be/1_BdOIybKCc
#ريال_مدريد #ريالمدريدومانشسترسيتي #youtubeshorts #viralvideo #مراوغات #اليورو #football #realmad,2025-04-05,3783,103,0,https://youtu.be/hdG6dccKUeo
هزيمة مؤلمة لريال مدريد أمام فالنسيا (1-2),2025-04-05,3393,28,0,https://youtu.be/LGZss418KuA
هدف اول الاهلي ضد الاتحاد 🟢 & ايبانيز :,2025-04-05,3243,20,1,https://youtu.be/a_X_u2k2ipU
في نفس الموسم: برشلونة يفوز بـ7 أهداف على ڤالنسيا 🟠 ⚽- بينما خسر ريال مدريد ثلاث نقاط على يد,2025-04-05,2989,12,0,https://youtu.be/2VezuLrkm_Y
أشرف حكيمي يتوج مع باريس سان جيرمان بلقب الدوري الفرنسي للمرة الرابعة تواليًا والـ13 في تاريخ الفريق,2025-04-05,2817,16,0,https://youtu.be/WH26si5ZlJE
أي دولة استضافت بطولة كأس العالم عام 2006!,2025-04-05,2425,15,0,https://youtu.be/aHZFBbpk2SQ
شاهد مباراة ريال مدريد و فالنسيا بث مباشر اليوم في الدوري الإسباني 2025,2025-04-05,2415,41,3,https://youtu.be/SEG8ef7MEBY
#الأهلي #الاهلي #اهلاوي #صفقات_الأهلي #اكسبلور #دوريابطالافريقيا #أخبار_الأهلي #الزمالك #football #,2025-04-05,2357,83,5,https://youtu.be/favdXvKv8Ho
🚨خسارة ريال مدريد أمام فالنسيا و فرصة برشلونة للهروب بالصدارة 🔥🔥 #ريال_مدريد #فالنسيا,2025-04-05,2337,67,3,https://youtu.be/LacUs1zkxrM
كارثة تنتظر الاهلي في مباراة العودة مع الهلال السوداني 😱 #الاهلي #دوريابطالافريقيا,2025-04-05,2328,20,0,https://youtu.be/RGLFROBymgA
موعد مباراة الأهلي وبيراميدز في الجولة 2 من الدوري المصري نايل 2025🔥والتوقيت والقنوات الناقلة 🔥,2025-04-05,2289,26,0,https://youtu.be/AvzAWjgMtzI
حسين الشحات و زيزو و علاقتهم بكاس العالم للأندية وموقف الزمالك و الاهلي #الكورة_مع_جيمى,2025-04-05,2247,13,1,https://youtu.be/82wH6XCXqDM
كم مرة فازت فرنسا ببطولة كأس العالم!,2025-04-05,2040,21,0,https://youtu.be/57UAznbnv2c
افضل 5 هدافين في تاريخ دوري أبطال أوروبا,2025-04-05,1992,38,0,https://youtu.be/uktMFV7-a8w
ما هو الفريق العربي الذي لديه أكبر عدد من البطولات!,2025-04-05,1945,16,0,https://youtu.be/8NmGlKUWkYA
دي بروين يقترب من وجهة جديدة.. أول عرض رسمي بعد إعلان رحيله! 🚨💼,2025-04-05,1905,38,1,https://youtu.be/4Tq6u5AZ8bk
كم مرة فاز منتخب العراق ببطولة كأس آسيا!,2025-04-05,1843,16,1,https://youtu.be/qvh2jGuyfqI
#shorts حقيقة رحيل كولر بعد مباراة الهلال,2025-04-05,1715,19,15,https://youtu.be/ooK5lEef1tk
ماذا قدّم دي بروين مع نادي مانشستر سيتي؟ #ديبروين #مانشستر_سيتي #رياضة #كرة_القدم,2025-04-05,1462,23,0,https://youtu.be/-RXyxNPqdm8
ما هو النادي الأكثر تتويجًا بكأس الاتحاد الانجليزي!,2025-04-05,1454,22,0,https://youtu.be/V1XeSeGvN_Q
الاهلي🦅#football #egyptian #الدوري_المصري #soccer #كورة #ahlyegypt #ahlyegypt,2025-04-05,1374,20,3,https://youtu.be/sOKqoJZ_VCo
النصر يقسي على الهلال بنتيجة 3-1#fpy #viralvideo #football #النصر #الهلال,2025-04-05,1332,12,0,https://youtu.be/Tfyhm1gCHcg
أي منتخب أقوى العراقي أم الأردني! #رياضة #كرة_القدم,2025-04-05,1300,8,1,https://youtu.be/OAS_hzMzmvo
خليل لبلوشى معلق على مباراة الأهلي والهلال ف العوده #الاهلي #دوري_ابطال_افريقيا #كرة_القدم,2025-04-05,1120,19,0,https://youtu.be/7UzbJSuKDOA
موعد مباراة الاهلي والهلال في اياب ربع نهائي دوري ابطال افريقيا 2025,2025-04-05,1067,12,0,https://youtu.be/tRaClOgxzko
ريال مدريد وتشكيلته المتوقعة امام فالنسيا اليوم في الدوري الاسباني,2025-04-05,1052,17,0,https://youtu.be/sPJn0be_CtE
ريال مدريد يسقط امام فالنسيا مباراة اليوم,2025-04-05,959,0,0,https://youtu.be/DBO-F17oJps
دي بروين ومولر.. أسطورتان سنفتقدهما مع أنديتهما المعتادة في الموسم المقبل#الشرق_رياضة#الشرق_للأخبار,2025-04-05,948,3,0,https://youtu.be/zEb6L2RWUik
"أخبار الأهلي اليوم | تتويج اليد.. الاستعداد للهلال.. مفاجآت كأس العالم للأندية!""",2025-04-05,944,10,0,https://youtu.be/M43dZ5788AQ
يبتعد عن الريال بفارق ٤ نقاط,2025-04-05,897,6,0,https://youtu.be/lva6JQBIjsA
فوز فالنسيا على ريال مدريد 1:2#تحليلات_خالدوفسكي27 #ريال_مدريد #انشيلوتي #فالنسيا #مبابي #فينيسيوس,2025-04-05,878,6,0,https://youtu.be/y2P4DKlV3mI
موعد مباراة الزمالك وستيلينبوش الجنوب أفريقي فى إياب ربع نهائي الكونفدرالية,2025-04-05,869,3,0,https://youtu.be/PCxqVCwcbIg
بايرن ميونخ بطل الدوري #الدوري_الالماني #بايرن_ميونخ,2025-04-05,866,9,0,https://youtu.be/MKLMb4oEyIY
( الاهلي vs الإسماعيلي ) في نهائي كأس مصر 🏆🔥 تتوقعوا مين فاز 🤔,2025-04-05,860,0,0,https://youtu.be/v_O3pWhMxxk
متى فاز منتخب الأردن ببطل كأس الوحدة العربية!#رياضة #كرة_القدم,2025-04-05,822,4,0,https://youtu.be/4ruM7aTUE_E
محمدعبدالمنعم يقترب من الرجوع للاهلى فى كاس العالم#الاهلي #محمد_عبدالمنعم #نيس #كرة_القدم,2025-04-05,818,0,1,https://youtu.be/vYTAujiaE6s
الفرق الخمسة الأكثر تتويجاً بلقب دوري أبطال أوروبا,2025-04-05,708,16,0,https://youtu.be/u1efvEDyqE0
فينيسيوس يهدر ركلة جزاء، ومختار دياخابي يمنح فالنسيا التقدم بتسجيله الهدف الأول فى دقيقة الـ15,2025-04-05,674,2,0,https://youtu.be/rUqxdAyiN28
موعـد مباراة الاهلي القادمة ضد الهلال السوداني في إياب دوري أفريقياوالتشكيل والقنوات الناقلة والمعلق,2025-04-05,658,0,1,https://youtu.be/hwp6CsQvs8Q
Mbappé #realmadrid #football  #live #highlights #reels #shortvideo,2025-04-05,640,3,0,https://youtu.be/uiwXpc-Zjiw
جلسة حاسمة لتجديد #زيزو مع #الزمالك غداً رحيل كولر عن الأهلي وصدمة من رامي ربيعة! وميدو يجهز مفاجأة,2025-04-05,633,8,7,https://youtu.be/N5oZSKm8ulc
عاجل 🚨تشكيل ريال مدريد ضد فالنسيا يشهد وجود حارس الكاستيا فران جونزاليس لأول مرة,2025-04-05,606,3,0,https://youtu.be/58EjGm-C7bc
جدول مباريات اليوم السبت 5-4-2025 - بث مباشر مباريات اليوم - مباريات اليوم بث مباشر,2025-04-05,568,1,0,https://youtu.be/d36c__QNb8U
الاتحاد لم يحقق سوى فوز وحيد على الأهلي في آخر 13 مباراة بملعب الأخير في جميع البطولات 😱إليكم,2025-04-05,499,0,0,https://youtu.be/TaKGkn9nHF8
مواعيد مباريات الاهلي شهر ابريل 2025 | مباريات الاهلي في دوري أبطال آسيا,2025-04-05,466,7,0,https://youtu.be/AS9Q4mh2_Sk
اخبار مانشستر يونايتد | مؤتمر روبن أموريم | ماقبل ديربي مانشستر,2025-04-05,362,53,9,https://youtu.be/1Y5YhpegrEQ
زيزو اهلاوي و لا زملكاوي ؟!! تعالي و انا اقولك  ؟!! #الاهلي #الزمالك #احمد_سيد_زيزو,2025-04-05,353,7,2,https://youtu.be/zt4s-2h3xp8
برنامج الكورة مع باسم| بعثة الأهلي تغادر مطار القاهرة إلى موريتانيا‎,2025-04-05,329,3,0,https://youtu.be/XbrXyGqHN3A
معلومة: قبل مباراة اليوم، فريق فالنسيا لم يحقق اي إنتصار هذا الموسم خارج أرضه في الليغا.,2025-04-05,242,1,0,https://youtu.be/CQKoTv7oats
ملخص ماتش ريال مدريد قصاد فلنسية فى الدورى,2025-04-05,209,2,0,https://youtu.be/MwOLviG6J3o
"تحدي خمن اللاعب من صورة الإينمي""غيبلي ستايل""🏀⚽ #كرة_القدم #تحديات",2025-04-05,188,1,6,https://youtu.be/CCt6T6qdDvc
فضيحة | خسارة ريال مدريد امام فالنسيا وضياع الدورى 🔥✅🚨,2025-04-05,181,0,0,https://youtu.be/qbhKzh8RQok
باريس سان جيرمان يطمح إلى حسم اللقب الثالث عشر عندما يستضيف أنجيه في الجولة28#باريس_سان_جيرمان,2025-04-05,171,2,0,https://youtu.be/eLC_lEGxf88
موعد مبارة برشلونة وريال بتيس اليوم والقنوات الناقلة,2025-04-05,137,1,0,https://youtu.be/iEPIMdDGobU
🔸هايدنهايم 🆚 باير ليفركوزن ابرز مباريات اليوم في الدوري الالماني 🔥🔥🔥🔥#الدوري_الالماني,2025-04-05,129,0,0,https://youtu.be/evusrPCT-Zs
حمزة علاء يكشف حقيقة الشائعات ورفضه الجلوس مع الأهلي,2025-04-05,79,0,0,https://youtu.be/sxSxuOVp4Z4
أهداف مباراة شباب بلوزداد 4 نجم مقرة 0 الجولة 21 الدوري الجزائري 2024-2025,2025-04-05,70,1,0,https://youtu.be/hdZ2fcxAnTk
من هو أكثر لاعب سجل أكبر عدد من الأهداف في موسم واحد!,2025-04-05,57,0,0,https://youtu.be/xmfdrGS0CQc
كم مرة فاز المنتخب السعودي ببطولة كأس آسيا!,2025-04-05,48,0,0,https://youtu.be/kG-gIC4LqEM
هدف الأسطورة ناصر منسى فى مباراة الاهلى والزمالك في السوبر الافريقي فكرهم ونكد عليهم #الزمالك,2025-04-05,38,2,0,https://youtu.be/qwkT-VMnDEI
كان يا مكان ريال مدريد لم يعد كما كان ماذا فعلة يا انشلوتي😔🤍,2025-04-05,30,3,0,https://youtu.be/Qxik4dTLGh0
يلا يا أهلي ❤️🦅 #ملعب_+90,2025-04-05,26,7,2,https://youtu.be/WV2F6OPG448
ريال مدريد ضد فالنسيا (1-2) جميع الأهداف والنتيجة وتحليل موجز لأبرز أحداث المباراة اليوم,2025-04-05,23,0,0,https://youtu.be/3-eSfLE_1gY
هدف السوبر الافريقي الأهلى والزمالك #اهلاوي #zamalek #الاهلي الاول ايمن منصور,2025-04-05,23,1,0,https://youtu.be/_EZTM_U5Fqk
الاهلي x الهلال السودانى دورى ابطال افريقيا,2025-04-05,16,6,2,https://youtu.be/rA72_LrD1XQ
باريس قادم يا كاس الذهب #باريس_سان_جيرمان #football #كرةقدم #كاس_العالم_للأندية,2025-04-05,14,2,0,https://youtu.be/VqnDy41buh8
موعد مباراة ريال مدريد وفالنسيا والقنوات الناقلة اليوم السبت 5-4-2025 الجولة 30 من الدوري الإسباني,2025-04-05,13,3,0,https://youtu.be/ijOJAqW8FJo
افضل الفرق في دوري الابطال في تاريخ,2025-04-05,10,1,0,https://youtu.be/b0bpos43vu8
افضل فرق في تاريخ كاس العالم للانديه,2025-04-05,9,1,1,https://youtu.be/AMbhSeBdvng
اهداف مباراة ريال مدريد وفالنسيا اليوم,2025-04-05,8,0,0,https://youtu.be/pFPYI3Wgf5s
الاهلى و انبى 0/1 السوبر المصرى 2006 هدف أبوتريكة 90+,2025-04-05,6,0,0,https://youtu.be/55yIMnvMT0o
برومو ريال مدريد vs ريال سويداد _ كأس اسبانيا #مدريد #مدريدستا,2025-04-05,6,1,0,https://youtu.be/V6WycXgYI4k
كارثة تنتظر الاهلي في مباراة العودة مع الهلال السوداني #الاهلي #الزمالك #ابوتريكة,2025-04-05,6,2,0,https://youtu.be/WeAsSXrbRdw
هدف على الحسن قمه النار,2025-04-05,6,1,0,https://youtu.be/6smA2ZxAGMc
صدمة لاعبي ريال مدريد من الخسارة ضد فالنسيا 💔من المسئول عن الخساره,2025-04-05,4,0,0,https://youtu.be/BXCAdw_uWk4
اهداف ريال مدريد و فالنسيا ⚽,2025-04-05,1,1,0,https://youtu.be/vdfbDmhRh2Q
كارلو انشيلوتي يخرج بتصريحات نارية بعد هزيمة ريال مدريد أمام فالنسيا في الدوري الإسباني,2025-04-05,1,0,0,https://youtu.be/-oGAuvqhNmw
شاهد مهارت الاسطوره القادمه بيدري مهارات مجنونه🥵🥶,2025-04-05,0,0,0,https://youtu.be/Ur2g0dcpbzA
ملخص مباراة فولهام وليفربول (3-2) | الدوري الإنجليزي الممتاز - الجولة 31,2025-04-06,1118614,24620,533,https://youtu.be/MR8sk2fzuIg
ملخص مباراة مانشستر يونايتد ومانشستر سيتي (0-0) | الدوري الإنجليزي الممتاز - الجولة 31,2025-04-06,421018,10656,300,https://youtu.be/m6ZhZZHgvLk
نتائج الاهلي والزمالك في بطولة كاس الرابطة❌ #مصر #الاهلي #افريقيا #الزمالك #الاهلى #اهلاوي,2025-04-06,87607,3133,20,https://youtu.be/-fxPRlmHRv0
ابوتريكه يفتح النار علي لاعبي ليفربول بعد الهزيمة من فولهام,2025-04-06,65462,665,54,https://youtu.be/jf5A7fFg_JA
ابو تريكة يدافع عن محمد صلاح في الاستوديو .. ويفتح النار علي جورديولا,2025-04-06,50096,545,16,https://youtu.be/bFFHjdloLwI
#الأهلي_فوق_الجميع #الاهلي #الأهلي,2025-04-06,46130,736,6,https://youtu.be/P8h8A5VLmxo
موعد مباراة الاهلي القادمة ضد الهلال في عودة ربع النهائي من دوري ابطال افريقيا 2025والقنوات الناقلة,2025-04-06,34365,0,15,https://youtu.be/rQLluGcVnfk
مامارداشفيلي يتحدث عن penalty vinicius، إصابة musaiala،نهاية قصة muller مع البايرن وosimhen #shorts,2025-04-06,29438,0,2,https://youtu.be/WoI9Vt11BhE
تم تسجيل هذا الهدف من غير ماحد يلاحظ 🤨💢,2025-04-06,29285,1766,3,https://youtu.be/cbqWMQ5iXGc
موعد مباريات ربع نهائي دوري ابطال اوروبا 2025,2025-04-06,27521,176,3,https://youtu.be/UjE5DLTpDwQ
موعد مباراة الأهلي والهلال السوداني القادمة والقنوات الناقلة إياب ربع نهائي دوري ابطال افريقيا 2025,2025-04-06,25296,192,15,https://youtu.be/WuXjJrCNyNc
موعد وتوقيت مباراة الجيش الملكي وبيراميدز في ربع نهائي دوري أبطال أفريقيا 2025 والقنوات الناقلة,2025-04-06,22620,276,20,https://youtu.be/EYyqsJp5hhc
تركيب هدف الاسطورة يوسف الثنيان بصوت المعلق الكبير  فارس عوض 🎙️💙😘🔥,2025-04-06,21172,152,9,https://youtu.be/a1pQhBcHYQ4
الزمالك يودع كأس الرابطه بتعادل مع مودرن سبورت.طبلوا و ارقصوا لزيزو.ونقارن نفسنا بالاهلي,2025-04-06,19492,1690,68,https://youtu.be/a4oA0R4WPJY
اغلى البطولات واجملها 🥺💙,2025-04-06,18986,439,27,https://youtu.be/8PEr8bk2Fhs
رد فعل غير متوقع من ابو تريكة علي ديربي مانشستر في الدوري الانجليزي,2025-04-06,16744,214,7,https://youtu.be/I9S5_d035hU
لاتنسى هذا حجمك امامي 🤏🏻🤣💙!!! #الهلال#shorts,2025-04-06,14414,443,133,https://youtu.be/zyUKjcfXZ0Q
أخطر فرصة لـ سالم تضيع في مرمى بينتو😰💔!!! #الهلال#shorts,2025-04-06,13799,271,27,https://youtu.be/s9csqCZr4VI
فقدنا أبن الهلال البار ولا يعوض رحيل أحد 💔🔥💙,2025-04-06,12968,179,10,https://youtu.be/ysupRFrQ8CQ
كمل الفيديو #الاهلى #اهلاوي #الاهلي,2025-04-06,12877,70,0,https://youtu.be/NGQCGZ5Vm0o
كاردوزو مدرب صن داونز يفاجئ جماهير الترجي بتصريح ناري.. ما القصة؟,2025-04-06,12454,146,0,https://youtu.be/ip2Cdw1PSs0
المدرب المرعب 😱😱,2025-04-06,11484,180,2,https://youtu.be/g8BmpPduERY
تعليق محمد أبو تريكة علي ارقام عمر مرموش مع مان سيتي,2025-04-06,7319,122,1,https://youtu.be/h-kwp44hcMw
هدف فيلهلمسون على طريقة غاريث بيل 😍🔥💙😘,2025-04-06,6888,133,3,https://youtu.be/NW1svSY9xlQ
تعيين الحكم البوسني عرفان بيليتو لإدارة مباراة ريال مدريد و ارسنال #لايك #ريال_مدريد#ترند  #اكسبلور,2025-04-06,6087,12,0,https://youtu.be/-UnJgnGlq1c
ترتيب الدوري الانجليزي بعد انتهاء مباريات اليوم الاحد 6 - 4 - 2025 بعد هزيمة ليفربول وتعادل السيتي,2025-04-06,5878,50,18,https://youtu.be/EVyg7jByt0E
هدف فيلهلمسون العالمي 😍💙🔥,2025-04-06,5614,105,4,https://youtu.be/xhDiU9-1oDA
هدف حسين الشحات في الهلال السوداني #الاهلي #الهلال_السودانى #أبطال_إفريقيا,2025-04-06,4137,32,0,https://youtu.be/0J22yon941I
90 دقيقة تفصل الأهلي عن نصف النهائي.. فهل يحسمها في موريتانيا؟ #خربشة_كورة,2025-04-06,4085,0,0,https://youtu.be/rPKYXOO-GAk
ترتيب المجموعة 1 بعد نهاية دور مجموعات #دوري_ابطال_افريقيالأقل _من _17 _سنة #المغرب #maroc #football,2025-04-06,3539,19,0,https://youtu.be/o8O1kORsrO8
أسرع 5 أهداف في تاريخ دوري ابطال أوروبا 🔥✅,2025-04-06,3424,187,9,https://youtu.be/zk_UGGj3q24
مفاجأة في أسعار تذاكر مباراة الأهلى وبيراميدز,2025-04-06,2941,79,8,https://youtu.be/NZrVxDnTIHg
نتخطئ الظروف ونصنع الفوز 💙💙💙💙🔥😘,2025-04-06,2896,119,6,https://youtu.be/q-x8hROalnw
مباراة الجيش الملكي ضد بيراميدز المصري في إياب دور الربع النهائي من دوري أبطال إفريقيا,2025-04-06,2895,8,2,https://youtu.be/5tktpvUVHeQ
اهداف سلمان الفرج مع الهلال 🔥😘💙😍,2025-04-06,2837,93,4,https://youtu.be/zAysmCmGvJI
كيفين ماشي 😢😢,2025-04-06,2519,70,1,https://youtu.be/S43yTU0Bv6U
موعد مباراة برشلونة ودورتموند القادمة والقنوات الناقلة 🔥 دوري أبطال أوروبا 2025,2025-04-06,2483,13,0,https://youtu.be/D3jXgpcq9xI
#الاتحاد_الاهلي 🛑 ديربي تكسير العظام💪مباراة غريبة جدا😱,2025-04-06,2420,313,20,https://youtu.be/TUfg1KSVKRE
رد ناري من ابو تريكة علي تصريحات ميدو ضد الاهلي وان الزمالك هو بعبع الاهلي رد قوي لايصدق🚨😳,2025-04-06,2394,40,3,https://youtu.be/Fbj7QGJfzaI
هدف الشعره 💙_ياسر_القحطاني💙💙😍🔥,2025-04-06,2374,85,3,https://youtu.be/lDGe-eNkCFw
بث مباشر مباراة برشلونة ضد ريال بيتيس الان في الدوري الاسباني || تابع الان,2025-04-06,2371,0,0,https://youtu.be/0F38QQHVZn4
#الأهلي #الاهلي #اهلاوي #صفقات_الأهلي #اكسبلور #دوريابطالافريقيا #أخبار_الأهلي #الزمالك #football,2025-04-06,2263,79,5,https://youtu.be/-gf-54jxC1c
هدف محمد صلاح ليفربول,2025-04-06,2191,17,0,https://youtu.be/DL6aoUGb3WA
3 مبارايات كلاسيكو محتملة 🥶🔥,2025-04-06,2189,196,1,https://youtu.be/efbC8BLPbwE
موعد وتوقيت مباراة الأهلي والهلال في ربع نهائي دوري أبطال أفريقيا 2025 والقنوات الناقلة,2025-04-06,2160,6,0,https://youtu.be/Gf6okqPzHWY
#الأهلي #الاهلي #اهلاوي #صفقات_الأهلي #اكسبلور #دوريابطالافريقيا #أخبار_الأهلي #الزمالك #football,2025-04-06,2017,58,3,https://youtu.be/IxDZN_rFbII
ريال مدريد لا يهمني الأداء,2025-04-06,1927,44,1,https://youtu.be/KJBsR8T8StI
موعد وتوقيت مباراة الأهلي والهلال في ربع نهائي دوري أبطال أفريقيا 2025 والقنوات الناقلة,2025-04-06,1650,14,3,https://youtu.be/mrXkOIffX3A
ليفربول يسقط امام فولهام ليفربول vs فولهام: المباراة الفاجعة هزيمة مدوية: ليفربول يسقط امام فولهام,2025-04-06,1447,17,0,https://youtu.be/zq1RtxmSDU0
رحيل نجمي الأهلي لنادي بيراميدز....!!!!,2025-04-06,1413,9,0,https://youtu.be/CXGxlBrwgs4
بــ 50 يورو صد ضربة جزاء ادام ريال مدريد 💸😲,2025-04-06,1395,41,1,https://youtu.be/oU2RyZ5jo0s
هل محمد صلاح سيستمر في ليفربول بعد الأزمة؟,2025-04-06,1199,17,0,https://youtu.be/NKKItj3xyF8
موعد مباراه الاهلي القادمه - موعد مباراه الاهلي والهلال السوداني في دوري ابطال افريقيا,2025-04-06,1044,13,0,https://youtu.be/RV-n9hOqjxQ
ريال مدريد يتغلب من فالنسيا في الدورى الاسبانى و حلم التتويج بالدورى يضيع والسبب !! 😳💔😓,2025-04-06,990,0,0,https://youtu.be/E8_dgLC3LW4
الهلال هو الحب الحقيقي فقط 💙🔥😘😍,2025-04-06,899,45,4,https://youtu.be/_nzfgk8yHHM
#football #shortvideo #live #highlights #reels #mbappe #skills #fcbarcelona #realmadrid,2025-04-06,883,14,0,https://youtu.be/avS6LxWTdNk
القليل من الاسطورة سالم الدوسري 🔥🔥🥶,2025-04-06,793,20,2,https://youtu.be/HnrnITkN-wQ
طبيعي الكل فرحان لأن كبيرهم تعثر 😏🥶💙🔥💪,2025-04-06,711,23,1,https://youtu.be/9ZR0j5_VXoc
العام احط ايدي على كفّك وتروا بك عطر 🥲💙,2025-04-06,698,33,1,https://youtu.be/KaytuQjCsi0
روما يتعادل مع يوفنتوس | تبديلات تيودور السحرية!,2025-04-06,692,0,11,https://youtu.be/D1Q5mySHwwQ
عبدالعزيز الزلال جننهم وعذبهم بالحقائق 🤣🤣🤫,2025-04-06,672,22,3,https://youtu.be/LN8rr8WhcGU
لكم مباره ولنا تاريخ  افرحو ههههههه 💪🤣🔥,2025-04-06,451,13,1,https://youtu.be/q0aXI83w1S0
مواجهات نارية في ربع نهائي دوري ابطال اوروبا #ريال_مدريد #برشلونة #بايرن_ميونخ #باريس #إنتر_ميلان,2025-04-06,432,10,0,https://youtu.be/J84piHFH3_4
مباراة الاياب الاهلى والهلال موعد توقيت تشكيل ربع نهائى دورى ابطال افريقيا 2025 القناة الناقلة ومعلق,2025-04-06,253,2,1,https://youtu.be/vVVLuW9eyNg
اهداف ياسر القحطاني مع الهلال 2013-2015 🔥,2025-04-06,241,8,1,https://youtu.be/6P2Gkh5xzic
الهلال عشقي الأبدي 💙😘🔥,2025-04-06,230,10,1,https://youtu.be/xi00ewprNP8
برشلونة يسقط في فخ التعادل ضد ريال بيتيس ويواصل صدارة الدوري الإسباني,2025-04-06,141,2,0,https://youtu.be/1FYeHOheNkk
ريال مدريد لا يهمني الأداء,2025-04-06,129,3,0,https://youtu.be/6ydDMsz61gs
هو انمت ليه زملكاوي #viralvideo   #fyp  #viralshort #shorts #shortvideo,2025-04-06,122,0,0,https://youtu.be/X-_-oiHzudk
"""هدف ريال مدريد  ضد فالنسيا | لحظة مجنونة تُشعل الدوري الإسباني! 🔥⚽""",2025-04-06,102,1,0,https://youtu.be/ufnFKYCvt4Y
هدف عالمي تامر عبدالحميد نهائى دورى ابطال افريقيا #zamalek #الزمالك,2025-04-06,67,0,0,https://youtu.be/Avb9UUfoCaY
افضل 5 اهداف للـ سلمان الفرج 🔥,2025-04-06,63,1,0,https://youtu.be/zYgH8S8dDoo
الأهلي حاليا بيتفاوض مع مارسيل كولر علشان فسخ العقد والرحيل,2025-04-06,52,1,1,https://youtu.be/E2LzOKtpgkc
ملخص الجولة ال30,2025-04-06,38,21,2,https://youtu.be/I_Ou9FLUp5w
🔴الرجاء مباشرة ضد وجدة,2025-04-06,37,1,0,https://youtu.be/5TOIbnSK24k
زيزو يقترب من الاهلي #كرت_أحمر,2025-04-06,20,0,0,https://youtu.be/L17k88CAxTQ
محمد صلاح vs نيمار | مقارنة بين صلاح ونيمار | إنجازات محمد صلاح ونيمار,2025-04-06,16,0,0,https://youtu.be/1ZRamJxlbcE
نهايه كل ابطال اوروبا,2025-04-06,13,6,0,https://youtu.be/iq3bMcIoClI
أجمل أهداف لاعبي الأهلي من ركلات حره,2025-04-06,9,3,0,https://youtu.be/wAC_cQ4j3tI
ملخص مباراة ريال مدريد و فالنسيا 2-1,2025-04-06,4,1,0,https://youtu.be/3VHV9O5fCt4
نيوكاسل يونايتد و ليستر سيتي,2025-04-06,4,0,0,https://youtu.be/kZCMMpOZQM8
انتصارات ليفربول الأسطورية في الدوري ودوري الأبطال#liverpool,2025-04-06,3,1,0,https://youtu.be/F3pFqAuU09s
"**""ملخص مباراة الأهلي والاتحاد.. كل اللحظات الحاسمة في دقائق! 🎥👀""**  🔥",2025-04-06,3,0,0,https://youtu.be/QX4p_bos-5Q
ربع نهائي دورى ابطال اوروبا بشكل مختلف 😅,2025-04-06,2,2,0,https://youtu.be/G4bqVS3dTJs
الجولة الأغرب في حياتي 💔 وحرق دور ال8 لدوري الأبطال  !😨,2025-04-07,2143470,236520,3539,https://youtu.be/KQKTLykinzE
نجم عالمي مع الاهلي فالمونديال 🔥🙄 ماركو فيراتي نجم باريس سان جيرمان واخبار مفاجأة | كابتن دوله,2025-04-07,81781,1238,12,https://youtu.be/TQOAnTn5Ozw
#الأهلي_فوق_الجميع #الاهلي #الأهلي,2025-04-07,59316,1024,16,https://youtu.be/8y9lkAOLV-U
اهداف مباراة الاهلي 🦅♥️ و مودرن فيوتشر 💚 كاس السوبر المصري ٤-٢ #الاهلي #الاهلي_اليوم #السعودية,2025-04-07,53821,1013,1,https://youtu.be/4n9n9LQqsQA
موعد مباراة ريال مدريد ضد ارسنال في دور ربع النهائي من دوري ابطال اوروبا 2025 والقنوات الناقلة,2025-04-07,37588,501,20,https://youtu.be/_0h7DcUKfrY
موعد مباراة الاهلي ضد الهلال السوداني في اياب ربع نهائي دوري ابطال افريقيا 2025 والقنوات الناقلة,2025-04-07,33984,0,17,https://youtu.be/kIV8VyXsPXI
حسبي الله على من هان عليه الهلال وهو يراه يتدمر ويصمت 😓,2025-04-07,33313,713,27,https://youtu.be/9oahLsJQO3w
اشرف حكيمي...لا دوري الابطال ولالقب الدوري الفرنسي...يفضل بالفوز بكأس افريقيا مع المغرب فقط,2025-04-07,29851,91,1,https://youtu.be/E0pn3T3EoOg
موعد وتوقيت مباراة مولودية الجزائر وأورلاندو بيراتس في ربع نهائي دوري أبطال أفريقيا والقنوات الناقلة,2025-04-07,28539,116,4,https://youtu.be/w5qw4-ZWi9s
الهلال قريب عن طريق هذا الرقيب 😍💙😘🔥💪,2025-04-07,23917,414,3,https://youtu.be/EmMdm8XNazo
نهائي بطولة الجمهورية مرحلة 17 سنة ناشئين بين ( الاهلي - الطيران ),2025-04-07,22414,155,3,https://youtu.be/neEQ1Xb71lI
موعد مباراة دهوك العراقي والقادسية الكويتي في  نهائي كأس الخليج للأندية 2025,2025-04-07,18126,83,5,https://youtu.be/JeazUT_PkpU
طناخة البليهي 🔥🔥😘💙😍,2025-04-07,12496,298,5,https://youtu.be/B4BXYxAf_qY
موعد مباراة الاهلي والهلال السوداني في اياب ربع نهائي دوري ابطال افريقيا 2025,2025-04-07,12218,24,0,https://youtu.be/0Qv9rAfWcmo
تكتب تيكي تاكا وتنطق الهلال 🤫🔥🔥😘💪,2025-04-07,11280,285,6,https://youtu.be/vjiD5G5ZZZw
توقعات مباريات اليوم الثلاثاء Pronostic Football  08.04.2025 #دوري_ابطال_اوروبا  #championsleague,2025-04-07,11259,565,1063,https://youtu.be/MDJ__LR82iA
موعد مباراة الزمالك وستيلينبوش القادمة في عودة ربع النهائي من كأس الكونفدرالية 2025 والقنوات الناقلة,2025-04-07,10207,0,9,https://youtu.be/Vx0zGB4ivzA
🚨توقعاتي للمتأهلين إلى نصف نهائي دوري أبطال أوروبا 🏆🔥 #دوري_ابطال_اوروبا #دوري_الابطال,2025-04-07,9004,195,34,https://youtu.be/KgaELk1q8h0
يوسف بلايلي يكشف عن أقوى سلاح يقود الترجي للانتصار على صن داونز.. ما هو؟,2025-04-07,8535,224,3,https://youtu.be/3z-Q1Brl6T8
خروج جيسوس أصبح مطلب الجمهور الهلالي 🔥😘💙,2025-04-07,7818,207,2,https://youtu.be/oKTPqGA6Kkg
#الزمالك #الاهلي #الدوري_المصري #دوريابطالافريقيا #ريال_مدريد_اليوم #ريال #رياضة #football #اهلاوي,2025-04-07,5849,19,0,https://youtu.be/xjvRH3D9sdA
مفاجأة هجومية منتظرة في تشكيلة الترجي بموقعة صن داونز.. ما القصة؟,2025-04-07,5437,91,2,https://youtu.be/gD-EQ0Gcs1w
اكثر الانديه تحقيق لبطولة دوري ابطال اوروبا #football #shorts,2025-04-07,4721,72,0,https://youtu.be/m7PKPy6Qbjk
كريستيانو رونالدو الأفضل في التاريخ #realmadrid,2025-04-07,4506,161,0,https://youtu.be/XZbh2M63Azc
هل دوري أبطال اوروبأ أفضل من غير قاعدة الأهداف خارج الأرض ؟🤔,2025-04-07,4381,308,0,https://youtu.be/Li7QSC9X08E
هلال جيسوس قبل عنادة وعرض البرازيل 😑🔥💙🔥,2025-04-07,4339,117,9,https://youtu.be/QHmufPrpATw
هدف مجنون لا يصدق من نصف الملعب في الدوري القطري,2025-04-07,4033,23,0,https://youtu.be/ChBb0tnsKus
القنوات الناقله مباراة الهلال السوداني ضد الاهلي في دورى ابطال افريقيا2024,2025-04-07,3855,26,1,https://youtu.be/hz7mYobmvGw
نصراوي تفوز على الهلال  بطوله 🤣🤣🤣🔥,2025-04-07,3772,96,2,https://youtu.be/RRysPs7sKrE
الاعتراف بالحق فضيلة👍🏻💙💙,2025-04-07,3539,170,6,https://youtu.be/sRBn9b7xZvo
#صفقات_الأهلي #الاهلي #اهلاوي #الأهلي #اكسبلور #دوريابطالافريقيا #أخبار_الأهلي #الزمالك #football,2025-04-07,3085,130,2,https://youtu.be/kG7tXSMa33o
كريستيانو يعود لمدريد مو صلاح يجدد عقده ليفربول اخبار حصرية #محمد_صلاح #ليفربول #كريستيانو_رونالدو,2025-04-07,2662,140,3,https://youtu.be/IjBGNxjlzPA
ابداعات الهلال 🔥💪😘💙😍,2025-04-07,2233,127,2,https://youtu.be/lBtkPm2CuNY
عاجل غيابات الأرسنال المؤكدة عن مواجهة ريال مدريد في دوري أبطال أوروبا,2025-04-07,2032,54,2,https://youtu.be/IGj_6lXe4Fg
الهلال يجلد النصر بتسع لاعبين بنهائي كأس الملك 🔥💙😘💪,2025-04-07,1738,97,4,https://youtu.be/LDZv2o5d9w0
موعد مباراة بيراميدز والجيش الملكي المغربي اليوم في دوري أبطال أفريقيا اياب ربع النهائي والقنوات,2025-04-07,1655,10,0,https://youtu.be/R1tU1IejZ8Q
تتوقع وجهة دي بروين المستقبلية فين ؟؟,2025-04-07,1571,0,0,https://youtu.be/f1tH2GV29lI
تعالي يا غريمي👌 #ريال_مدريد #كرة_القدم #برشلونة #اتليتكو_مدريد #دوري_ابطال_اوروبا #fyp #vairalvideo,2025-04-07,1553,14,0,https://youtu.be/P-dfRXIeVkE
تعالي يا غريمي👌 #ريال_مدريد #كرة_القدم #برشلونة #اتليتكو_مدريد #دوري_ابطال_اوروبا #fyp #vairalvideo,2025-04-07,1553,14,0,https://youtu.be/P-dfRXIeVkE
ملخص مباراة بـاريس vs سانت أتيان 🤯🔥/(6-1) ريمونتادا باريس وتألق دوي 👑 #دوري_الفرنسي,2025-04-07,1457,27,0,https://youtu.be/VbkLeTn5I6s
الأهلي والهلال السوداني. #اهلاوي #الاهلي,2025-04-07,1456,9,0,https://youtu.be/_ei3Ajsu6X0
رسميًا.. أسعار تذاكر نهائي دوري الأبطال تُعلن وهذه الفئات المتاحة! ⚽💶,2025-04-07,1395,16,0,https://youtu.be/Tnf7aJPtcsw
#مباراه #ريال-مدريد ضد #ارسنال #دوري-ابطال-اوربا #بوكايوساكا #كليان-مبابي #جماهير-ريال-مدريد,2025-04-07,1217,10,2,https://youtu.be/IZYxhn_74XI
حكم مباراة الأهلي والهلال السوداني #الاهلي #الهلال_السوداني #دوري_ابطال_افريقيا #زيزو  #عمرو_اهلاوي,2025-04-07,1213,30,1,https://youtu.be/g4Jjp5XkArI
جدول مباريات #دوري_ابطال_اوروبا ذهاب الدور ربع النهائي 💥👏,2025-04-07,1108,12,0,https://youtu.be/d55wdi3P6Bs
مواعيد مباريات اليوم الثلاثاء 8-4-2025 *مباريات الاهلى و دورى ابطال اوروبا اليوم*,2025-04-07,1045,19,0,https://youtu.be/N4SAh_dMOOY
صوتوا لصاحب الهدف الأفضل || الجولة ٢٦,2025-04-07,1041,12,0,https://youtu.be/J2GDwa2QCrA
الهلال ✘ الأهلي 🗓 | دوري أبطال أفريقيا - إياب ربع النهائي⚽️ | الجيش الملكي ✘ بيراميدز,2025-04-07,949,7,0,https://youtu.be/LPk13fAf2cY
الأهلي في بدايات كولر vs الأهلي اليومين دول,2025-04-07,946,0,1,https://youtu.be/zkKugeinKHU
#توقعات مباريات #دوري_ابطال_اوروبا,2025-04-07,860,39,2,https://youtu.be/r8TRnItgSq0
#برشلونة #ريال_مدريد #بايرن_ميونخ #باريس_سان_جيرمان #ارسنال #إنتر_ميلان #بروسيا_دورتموند #دوري_ابطال,2025-04-07,779,0,1,https://youtu.be/GF03rusdFR8
الزمالك اليوم - انفراد وثائق توقيع زيزو مع الأهلي قبل لقاء القمة! الراتب يتضاعف سنوياً,2025-04-07,765,4,0,https://youtu.be/S0cQAgpcK_U
توقعات مباريات اليوم الثلاثاء دوري أبطال أوروبا 💯🤑🤑🤑#football #1xbet #1xbetfootballbatting,2025-04-07,518,17,1,https://youtu.be/ab7EPfPoYhI
حكم مباراة الإياب بين الأهلي المصري والهلال السوداني دوري ابطال افريقيا ملخص مباراه اليوم,2025-04-07,466,8,2,https://youtu.be/BC-kVRqd1NE
توقعات كرة القدم 8 أبريل 2025 🔥| مباراة ريال مدريد ضد ارسنال !!⚽💥,2025-04-07,442,6,0,https://youtu.be/39JeO1LzMyc
موعد مباراة الأهلي والهلال السودانى 💥 فى دورى أبطال أفريقيا 🕖 التوقيت والقنوات الناقله,2025-04-07,359,6,0,https://youtu.be/Sl54bKQ-3qs
‏توقعات المباريات دوري أبطال أوروبا #المغرب #football #barcelona #realmadrid ￼,2025-04-07,331,4,0,https://youtu.be/4m8H_HdtdG0
اقوى توقعات مباريات عصية الابطال الاوروبية |PREDITIONS FOOTBALL 08-04-2025#championsleague #betting,2025-04-07,306,16,4,https://youtu.be/ROteZ2TAVb8
مواعيد مباريات اليوم الثلاثاء 8-4-2025 | تفوت المباريات الحاسمة!🔥,2025-04-07,230,9,2,https://youtu.be/1OobowSgQU0
هاش قال وليد الكرتي المغربي والذي يلعب في صفوف الأهرام المصري في إياب الربع النهائي لأبطال إفريقيا,2025-04-07,187,4,9,https://youtu.be/f3FSX1iQivo
أبطال على طول 🏆🔥🦅 #حارس_الاهلي,2025-04-07,186,18,1,https://youtu.be/ZLiiVEh6Njk
مانشستر يونايتد يتعادل مع مانشستر سيتي بدون اهداف في ديربي مانشستر اللطيف,2025-04-07,176,33,12,https://youtu.be/oaY79_AfLac
محمد صلاح vs كيليان مبابي | مقارنة بين صلاح ومبابي | إنجازات محمد صلاح وكيليان مبابي,2025-04-07,172,4,0,https://youtu.be/w5gB2u-KhRk
بيراميدز يستغل تراجع الأهلى  ليحصد ثلاث بطولات,2025-04-07,150,7,0,https://youtu.be/_na-7I8JV5E
تحدي معرفة اللاعبين مع ابو سروال 😂,2025-04-07,45,1,5,https://youtu.be/qb08mAoJx2I
كريستيانو رونالدو vs كيليان مبابي | مقارنة بين رونالدو ومبابي | إنجازات كريستيانو رونالدو وكيليان,2025-04-07,39,0,0,https://youtu.be/9z0n3VqVbG4
تحرك فريق الاهلى  لخوض مرانه الأول بموريتانيا,2025-04-07,23,0,0,https://youtu.be/GZ-jTR0E52c
توقعات مباريات اليوم الثلاثاء 08.04.2025 PRONOSTIC FOOTBALL #championsleague #caf #premierleague,2025-04-07,22,0,0,https://youtu.be/6pvTdtLo43g
مشوار الاهلى فى بطولة دورى ابطال أفريقيا 2005,2025-04-07,15,1,0,https://youtu.be/Z8AB-JNKSVU
Réal Madrid vs Réal sociedad #ريال_مدريد_ريال_سوسيداد​#CopaDelRey,2025-04-07,14,6,1,https://youtu.be/QMHK8lNzyM0
‏غوارديولا: لست قلقا على الموسم المقبل ونحتاج الآن إلى الفوز فقط⁧ ‎#نشرة_الأخبار ⁩ | ⁦  ‎#SSC,2025-04-07,9,0,0,https://youtu.be/OY1L0tH3ZCA
مباراة برشلونة ودورتموند | ذهاب دور ربع النهائي من دوري ابطال اوروبا,2025-04-07,6,1,0,https://youtu.be/dCHoUFiplAo
موعد مباراة الزمالك و ستيلينبوش 💥 الكونفيدرالية الأفريقية 🕖 التوقيت والقنوات الناقله,2025-04-07,4,0,0,https://youtu.be/a7ROm2kooh0
مباريات الدور ربع النهائي ل دوري أبطال أوروبا #دوري_ابطال_اوروبا #ريال_مدريد #برشلونة #ارسنال #محرز,2025-04-07,3,0,0,https://youtu.be/TIk654AQq-k
موعد مباراة ريال مدريد وأرسنال,2025-04-07,2,1,0,https://youtu.be/48Lc0Rq9r74
🚨تشكيل الاهلي المتوقع لمباراة الهلال السوداني غدآ في اياب ربع نهائي دوري ابطال افريقيا 🏆👇⚽️⚽️,2025-04-07,2,0,0,https://youtu.be/E2u0izBaPXI
انتر ميلان كبير Inter,2025-04-07,1,0,0,https://youtu.be/azfiqvMWVnM
دوري ابطال اوروبا مباريات يوم الثلاثاء,2025-04-07,1,1,0,https://youtu.be/fc3aBnHucgs
ملخص مباراة آرسنال وريال مدريد (3-0) | دوري أبطال أوروبا - ذهاب الدور ربع النهائي,2025-04-08,544167,8659,111,https://youtu.be/MgfBPutyWwQ
ملخص مباراة الهلال والأهلي (0-1) | دوري أبطال إفريقيا - إياب الدور ربع النهائي,2025-04-08,480555,7894,264,https://youtu.be/zMwa-jbRhEw
ريال مدريد ضد ارسنال 🔥🔥 منو افضل 🤔👀 #ريال_مدريد #ارسنال #دوري_ابطال_اوروبا #كرة_القدم,2025-04-08,363589,14250,343,https://youtu.be/7rS4U--HWW4
اهداف مباراة الأهلي والهلال السوداني 1-0 |هدف إمام عاشور اليوم ضد الهلال السوداني#الاهلي #امام_عاشور,2025-04-08,348077,4226,49,https://youtu.be/PAk4d7pNSQ8
ملخص مباراة الجيش الملكي وبيراميدز (2-0) | دوري أبطال إفريقيا - إياب الدور ربع النهائي,2025-04-08,318750,4946,646,https://youtu.be/z9lSOsjDTIY
🔴محاكاة مباراة الهلال السوداني vs الاهلي المصري | دوري أبطال أفريقيا 2025 | بث كامل eFootbal!!,2025-04-08,291586,2448,0,https://youtu.be/zhIRg0SQPP0
🔴محاكاة مباراة  الترجي التونسي vs ماميلودي صن داونز | دوري أبطال أفريقيا 2025 | بث رقمي للمباراة!!,2025-04-08,253263,1155,1,https://youtu.be/NibqKcRUAi0
ملخص مباراة الترجي الرياضي وماميلودي صنداونز (0-0) | دوري أبطال إفريقيا - إياب الدور ربع النهائي,2025-04-08,242592,3428,492,https://youtu.be/0eHHh2MZrkg
شاهد أهداف مباراتي الثلاثاء ضمن منافسات ذهاب ربع نهائي دوري أبطال أوروبا,2025-04-08,210944,5209,176,https://youtu.be/JIlIvYMr7a0
هدف عبدالله الجمعان من أول لمسة 😍🥶🔥💙,2025-04-08,196811,1051,47,https://youtu.be/9Ej0ZFJe0aA
الدقائق الأخيرة - أرسنال ضد ريال مدريد. دوري أبطال أوروبا ٢٤/٢٥، محاكاة/ترفيه,2025-04-08,174518,633,0,https://youtu.be/t-IZG5lRBmI
مباشر.. دهوك العراق و القادسية الكويتي. ذهاب نهائي ابطال الخليج.. 08.04.2025,2025-04-08,140764,1855,7,https://youtu.be/PIct5U1zPrw
رسمياً مواجهة نارية🔥 صن داونز يتخطى الترجي التونسي ونصف النهائي مباراة الاهلي وصن داونز | كابتن دوله,2025-04-08,114006,2351,57,https://youtu.be/rxNAzSLgKEg
من يتحمل خسارة ريال مدريد ضد ارسنال 💔,2025-04-08,103501,3648,340,https://youtu.be/TBPbm7K8-Ds
بث مباشر .. ستوديو 93.7 لـ مباراة (الهلال - الأهلي) (الجيش الملكي - بيراميدز),2025-04-08,102578,76,0,https://youtu.be/rzkWsNr_Nm0
موعد مباراة الاهلي والهلال السوداني اليوم والقنوات الناقلة 💥 إياب ربع نهائي دوري أبطال أفريقيا2025,2025-04-08,100065,650,11,https://youtu.be/KY1kLnZKUdM
ارسنال يهزم ريال مدريد بثلاثية نظيفة في دوري أبطال أوروبا اليوم ريال مدريد وارسنال,2025-04-08,99426,596,23,https://youtu.be/RVFjix_ikAs
انتقام بالمر 🥶,2025-04-08,95993,2162,3,https://youtu.be/OulnAqZa1XQ
موعد وتوقيت مباراة الترجي وصان داونز الإياب Taraji vs Sundowns  ترجي   taraji,2025-04-08,88139,562,8,https://youtu.be/ZTlKHIOTH0U
توقيت مباراة الجيش الملكي ضد بيراميدز اليوم في دوري أبطال أفريقيا 2025 والقنوات الناقلة,2025-04-08,79614,478,11,https://youtu.be/EainK3n3i-A
موعد مباراة ريال مدريد ضد أرسنال اليوم في دوري أبطال أوروبا 2025 والقنوات الناقلة,2025-04-08,78522,523,24,https://youtu.be/RtABYzeKN-Q
🔴[مباشر] أرسنال ضد ريال مدريد | دوري أبطال أوروبا 24/25 | بث مباشر للمباراة اليوم,2025-04-08,72385,0,0,https://youtu.be/aA440q9ZCf4
تصريح مثير من لوكاس فاسكيز بعد الخسارة الكبيرة لريال مدريد أمام أرسنال 🔥😱#فاسكيز #ريال_مدريد #ارسنال,2025-04-08,71169,1703,34,https://youtu.be/Wt6uUuXLGNg
ملخص مباراة القادسية الكويتي و دهوك العراقي | نهائي دوري أبطال الخليج 8-4-2025,2025-04-08,63799,890,162,https://youtu.be/S4vn96a37Ao
#الأهلي_فوق_الجميع #الاهلي #الأهلي,2025-04-08,61183,1053,0,https://youtu.be/oQKK__TXanw
موعد مباراة الأهلي والهلال السوداني اليوم الثلاثاء والقنوات الناقلة 💥 عودة ربع النهائي الأبطال 2025,2025-04-08,57562,0,18,https://youtu.be/TQ5eZNU2IQ0
لاعبين ارسنال مصابين قبل مواجهة ريال مدريد في دوري ابطال اوروبا🤯,2025-04-08,54160,2748,108,https://youtu.be/jAGOrkmyE5I
الشغف لم ينتهي بعد 👏🔥!,2025-04-08,52023,1535,256,https://youtu.be/LK_2W2byveA
أرسنال يلقن ريال مدريد درسا آخر  بدوري أبطال أوروبا ☠️🔥ما أشبه الليلة بالبارحة يا مدريد 😰,2025-04-08,49651,262,8,https://youtu.be/grt5HYqvsNk
القنوات الناقلة مباراة ريال مدريد وارسنال اليوم في دوري ابطال اوروبا,2025-04-08,41810,179,1,https://youtu.be/WDFX5EN_6HE
مباشر دهوك ضد القادسية نهائي دوري ابطال الخليج | مباراة القادسية الكويتي ودهوك العراقي,2025-04-08,38232,380,16,https://youtu.be/E8P_ndmyDa4
ريال مدريد ضد ارسنال (برا يا مبابي الكلب),2025-04-08,28129,180,35,https://youtu.be/yRgY5w1WNU8
هدف الاهلى اهداف الاهلي والهلال السوداني #اهداف_المباريات #دوري_ابطال_افريقيا,2025-04-08,27023,175,2,https://youtu.be/G0TL3ISs1Is
سقوط مفاجئ لريال مدريد أمام أرسنال بثلاثية نظيفة! | ربع نهائي دوري الأبطال 2025,2025-04-08,25927,0,10,https://youtu.be/vWnXnfo0rBc
كورتوا يكشف ما حدث فى هدفى ديكلان رايس بعد سقوط الريال بثلاثية أمام أرسنال فى دورى ابطال اوربا 🔴🔴,2025-04-08,24011,222,44,https://youtu.be/RZxsAanYJ5o
موعد مباراة ريال مدريد وارسنال اليوم في دوري ابطال اوروبا التوقيت والقنوات الناقلة,2025-04-08,23551,217,6,https://youtu.be/M7m1Gpr_Z2c
اتفرج بالصوت والصوره..لحظة استعداد زيزو للسفر مع الاهلي للمشاركه في كاس العالم للانديه.حد يصحي ميدو,2025-04-08,23085,1439,79,https://youtu.be/zfX_b1wmyWQ
هدف الاهلي في  مرمي الهلال السوداني في ربع نهائي دوري ابطال افريقيا  #الاهلي #مصر #كورة #goal#امام,2025-04-08,23047,427,5,https://youtu.be/EShzWrTjJfo
توقعات الفائز ب دوري ابطال اوروبا 🔥,2025-04-08,22829,330,8,https://youtu.be/8dlrIbXWwaE
بث مباشر مباراة بيراميدز و الجيش الملكي اليوم في دوري أبطال أفريقيا 2025 بث مباشر مباريات اليوم,2025-04-08,19735,124,1,https://youtu.be/M-QfBISFYEY
مباراة ريال مدريد و أرسنال #ريال_مدريد #ارسنال #دوري_ابطال_اوروبا #sports #futbol #championsleague,2025-04-08,18682,1051,5,https://youtu.be/ZqHq9y4CLc8
#دوري_ابطال_اوروبا| #ارسنال يكرم وفادة #ريال_مدريد #explore #اكسبلور #shorts #football #ronaldo,2025-04-08,18044,68,4,https://youtu.be/O5wJH44Mle8
التوقيت + القنوات الناقلة مباشرة اليوم لمباراة ريال مدريد ضد أرسنال في دوري أبطال أوروبا .... REAL,2025-04-08,17428,124,3,https://youtu.be/pC2L-SVHau4
متابع قوي لدوري الابطال؟ هذا التحدي الك…  #تحدي #دوري_ابطال_اوروبا #ابو_السين  #كرة_القدم,2025-04-08,17129,874,34,https://youtu.be/L7iIUCB2gr8
يوسف الثنيان امام النصر 🤣🤣🔥🥶💙,2025-04-08,16873,198,9,https://youtu.be/WfmA-cQCHdY
نقاش محللي الكرة العربية عن مباراة الاياب بين الأهلي والهلال السوداني في دوري أبطال إفريقيا وحظوظ,2025-04-08,16379,174,24,https://youtu.be/sOB9yCECEG8
عبدالله الجمعان يسجل هدف عالمي في مرمى الاتحاد 😍🔥🔥😨💙😘,2025-04-08,15020,131,6,https://youtu.be/wpuF2nhHDcU
موعد مباراه دهوك والقادسيه الكويتي في نهائي كأس الخليج للأندية التوقيت والقنوات الناقله,2025-04-08,14154,83,3,https://youtu.be/-N36DBz6n4A
ساعات تفصلنا عن ذهاب مباريات دور ربع نهائي #دوري_أبطال_أوروبا 🏆أخبرونا من يفوز من هذه المواجهات؟ 🔥,2025-04-08,13859,32,0,https://youtu.be/LYJ3jg6X6PY
راجعين ريمونتادا في مباراة الإياب ضد ارسنال 🏆🔥,2025-04-08,12955,289,55,https://youtu.be/JipYmOUK88k
دوري أبطال إفريقيا.. قمة عربية واعدة بين الهلال السوداني وضيفه الأهلي المصري,2025-04-08,11347,55,5,https://youtu.be/T-QEQU-romM
الاتحاديين وتغيير الحقائق 🤣🤣🔥💪,2025-04-08,10009,156,14,https://youtu.be/yz8rVw-W5xY
بيباي دوري ابطال اوروبا 🏆,2025-04-08,9803,135,14,https://youtu.be/tWNVHw5Nu1g
مباريات اليوم #ريال_مدريد #football #realmadrid #دوري_ابطال_اوروبا #كرة_القدم #رونالدو #ميسي,2025-04-08,8991,48,0,https://youtu.be/XTkietXjapM
👈اكثر 5 انديه اخذت كإس دوري ابطال اوروبا ❓🔥🔥,2025-04-08,8722,75,2,https://youtu.be/U84tW-eW1AY
اول تعليق من وائل جمعة بعد فوز الأهلي علي الهلال والتأهل إلي نصف  النهائي,2025-04-08,8489,157,8,https://youtu.be/_xI4flyOdQg
محمد الشلهوب أمير القلوب ورمز الهلال 😍🔥💙😘🥶,2025-04-08,6769,169,6,https://youtu.be/TRVaWildcDI
الريال يخسر بالثلاث من الارسنال والانتر  يكسب البايرن في ذهاب دوري أبطال أوروبا,2025-04-08,6419,38,1,https://youtu.be/HPyD8757edk
هدف بنزيما القاتل👌 و أسيست العمري خووورافى على الاهلي👍#اكسبلور #الاتحاد_الاهلي  #النصر,2025-04-08,6173,123,2,https://youtu.be/9WIA56gMg6U
#الجيش_الملكي  يفعل ما فلسعه لاكن ودع #دوري_أبطال_أفريقيا .,2025-04-08,5758,34,3,https://youtu.be/ZCHQIyOaXtw
الاهلي الي نصف النهائي بعد الفوز على الهلال السوداني بهدف أمام عاشور الحرااااق-مين يقدر على الأهلي,2025-04-08,5673,405,43,https://youtu.be/WfJR7mcm3Z8
تشكيله ريال مدريد لمواجهه ارسنال في دوري ابطال اوروبا 🏆,2025-04-08,5441,95,14,https://youtu.be/-zv6Jiox7Tg
موعد مباراة ريال مدريد وارسنال  اليوم  في دوري ابطال اوروبا والقنوات الناقلة.....,2025-04-08,5116,28,0,https://youtu.be/p-NuGDZpvAE
ان شاء الله من نصيبنا البطولة 😔💜💜💜!!! #الهلال#shorts,2025-04-08,5103,159,29,https://youtu.be/uOcalc1NS4k
عاجل ورسميا ... إندهاش وفرحة شوبير بمفاجأة الكاف للأهلي قبل مباراته النارية والخطيب يفجر قرار ناري,2025-04-08,5036,80,3,https://youtu.be/nSwDecKi-B8
الفرق المتأهلة ل نصف نهائي دوري ابطال افريقيا,2025-04-08,5002,50,1,https://youtu.be/evUqQj1X5GQ
موعد والقنوات الناقلة لمباراة القادسية ودهوك اليوم في دوري أبطال الخليج والمعلقين ذهاب النهائي,2025-04-08,4816,115,2,https://youtu.be/d_b9-FaQafQ
هدف ديكلان رايس التاريخي وخساره الريال 🤯🔥,2025-04-08,4797,232,4,https://youtu.be/-fd1kZrxUxY
موعد مباراه الشارقة  و التعاون اليوم في دورى ابطال أسيا 2025,2025-04-08,4526,15,0,https://youtu.be/GIxHd9TnVY4
موعد مباراة اليوم بين ريال مدريد وأرسنال 🔥,2025-04-08,4487,39,0,https://youtu.be/VTlqodfwkAY
مباراة الترجي التونسي وماميلودي صنداونز اليوم في إياب ربع نهائي دوري ابطال افريقيا. توقيت,2025-04-08,3838,14,0,https://youtu.be/m43BzKBk-Gw
شاهد مباراة بيراميدز و الجيش الملكي بث مباشر اليوم في دوري أبطال أفريقيا 2025,2025-04-08,3706,43,0,https://youtu.be/gDQm362Lpyc
لية زيزو اختار يروح الاهلي ؟ 🔥,2025-04-08,3703,65,0,https://youtu.be/z7Caexk8AMg
منافسة الهلال، تُرهق الجميع 😎🔥🥶💙🔥,2025-04-08,3598,160,7,https://youtu.be/1G_6o62MOuc
بالمواعيد جميع مواجهات دور نصف النهائي دوري ابطال افريقيا 2025,2025-04-08,3580,79,3,https://youtu.be/0EL0suXM9JQ
مباريات اليوم.             #ريال_مدريد #realmadrid #دوري_ابطال_اوروبا #كرة_القدم #ميسي #اكسبلور,2025-04-08,3473,16,1,https://youtu.be/ICUZiT_4-no
مواجهات نصف نهائي دوري ابطال افريقيا_خروج الجيش الملكي والهلال والترجي تأهل الاهلي وصنداونز بيراميدز,2025-04-08,3350,80,9,https://youtu.be/N2xGqWZMgsA
الفرق المتأهلة إلى نصف نهائي أبطال أفريقيا 2025,2025-04-08,3192,17,0,https://youtu.be/LDbN1IO8Tsw
"الاهلي و الهلال السوداني 2-0 - دوري ابطال افريقيا 2007 - هدف فلافيو الرائع , تعليق خالد كامل [ اهدف]",2025-04-08,3189,58,5,https://youtu.be/tiAIRoDZ9VE
ماذا اصابك يا هلال 💔,2025-04-08,3181,149,7,https://youtu.be/xriQSzd7JuU
هدف امام عاشور.فوز الأهلي على الهلال السوداني #ملخص_الأهلي #هدف_الأهلي #اهداف,2025-04-08,3072,23,0,https://youtu.be/x9vdygBrEZU
اوجعهم الهلال كثيراً 🤣,2025-04-08,2927,133,13,https://youtu.be/7Ymw3u4UJTA
ريال مدريد vs أرسنال | من ينتصر؟,2025-04-08,2809,49,0,https://youtu.be/cFvEmg8m_8U
شهاب الجبالي في تشكيلة الترجي أمام صن داونز.. على حساب من؟,2025-04-08,2805,70,2,https://youtu.be/7PSr01dACHE
موعد مباريات اياب ربع نهائي دوري ابطال اوروبا 2025 وموعد نصف النهائي,2025-04-08,2725,39,1,https://youtu.be/vBZ28E1aGHI
"""حقيقة توقيع زيزو للأهلي.. بيان رسمي يُنهي الجدل تمامًا!""",2025-04-08,2720,30,0,https://youtu.be/mRMtNntPDwI
مدرب الترجي يفاضل بين هذا الثنائي للدخول في التشكيل الأساسي أمام صن داونز.. من هما؟,2025-04-08,2599,86,2,https://youtu.be/oCK-OkmeKG4
ميولنا وعشقنا للهلال 😍💙💙,2025-04-08,2547,135,2,https://youtu.be/Nwr2qmP9ZhU
بعد ساعه عند المباراة ريال مدريد يواجه ارسنال الانجليزي ضمن مواجهات دوري ابطال اوروبا في دوري 16,2025-04-08,2532,37,4,https://youtu.be/U0JfRPKFxpY
3 مفاجآت تضمن لنادي الترجي الفوز أمام صن داونز,2025-04-08,2445,41,0,https://youtu.be/H3cIjXGeRKQ
ما حقيقة مشاركة محمد بن علي مع الترجي أمام صن داونز؟,2025-04-08,2309,56,0,https://youtu.be/Hk9Qm-BXx3o
الهلال بطل الدوري بفارق الخمس نقاط🔥مصير مفاوضات رونالدو في الفترة الحرة✋إحصائية تفوق جماهير الاتحاد🤯,2025-04-08,2261,125,15,https://youtu.be/mhWI7iLaNxc
ريال مدريد بطل دوري أبطال أوروبا 👑 #الحريف_مؤمن #ريال_مدريد #football #كريستيانو_رونالدو #اكسبلور,2025-04-08,2207,22,5,https://youtu.be/Lafy_02_8Wc
ريال مدريد بطل دوري أبطال أوروبا 👑 #الحريف_مؤمن #ريال_مدريد #football #كريستيانو_رونالدو #اكسبلور,2025-04-08,2207,22,5,https://youtu.be/Lafy_02_8Wc
يا بكاية 🤣🤣🤫🔥🔥,2025-04-08,2195,105,7,https://youtu.be/UehPYdOcdc4
يا بكاية 🤣🤣🤫🔥🔥,2025-04-08,2195,105,7,https://youtu.be/UehPYdOcdc4
ريال مدريد ضد ارسنال في دوري ابطال اوروبا ما توقعاتك لمباراه 🔥🔥💀☠️ #لايك_اشتراك,2025-04-08,2073,52,5,https://youtu.be/4L2dWnzKmbU
مواجهة العمالقة.ريال مدريد يصطدم بأرسنال في قمة دوري ابطال اروبا.,2025-04-08,1908,23,0,https://youtu.be/9v_hf81MjVg
توقعات دوري أبطال أوروبا #footballteam #ريال_مدريد #championsleague #arsenal #bayernmunich,2025-04-08,1897,50,3,https://youtu.be/JrkRC_izZhQ
حصريا هدف أمام عاشور,2025-04-08,1829,17,0,https://youtu.be/YZJqRnhRbq4
كريستيانو رونالدو اقترب من الف هدف #سبورت #football #مراوغات #رونالدو #ريال_مدريد,2025-04-08,1807,105,0,https://youtu.be/EknzP66Xpto
ملخص المباراة يازول الاهلي كبير افريقيا #الاهلي_الهلال_السوادني #المشجع_مع_احمد #اخبار_الاهلي_,2025-04-08,1787,28,0,https://youtu.be/rVowX5zol2I
ملخص المباراة يازول الاهلي كبير افريقيا #الاهلي_الهلال_السوادني #المشجع_مع_احمد #اخبار_الاهلي_,2025-04-08,1787,28,0,https://youtu.be/rVowX5zol2I
"متع بصرك بــ مهارات يوسف الثنيان 🤍"" 😍🔥😘💙🥶",2025-04-08,1749,66,3,https://youtu.be/VlQ1zcQvnc4
مباريات اليوم في دوري ابطال اوروبا #دوري_أبطال_أوروبا #ucl #championsleague,2025-04-08,1748,23,0,https://youtu.be/EcpKwXAFroE
فاسكيز يؤكد قدرة ريال مدريد على تحقيق الريمونتادا في إياب أرسنالتحميل   JPG,2025-04-08,1598,4,0,https://youtu.be/9BN91c5qBrA
المنتصف | التعاون يتجاوز الشارقة الإماراتي بهدف نظيف,2025-04-08,1584,42,5,https://youtu.be/IVx5Q8pxhVc
الاهلي يفوز على الهلال ويصعد الى نصف نهائي دوري ابطال افريقيا بهدف امام عاشور الحراق #اكرامي,2025-04-08,1450,14,3,https://youtu.be/izL-PZpNDQM
مباراة آرسنال وريال مدريد #دوري_أبطال_أوروبا#UCL #championsleague,2025-04-08,1398,23,0,https://youtu.be/0wPQeh06_mI
شوف تعلم من النمر يوسف الثنيان 🔥🥶💙,2025-04-08,1294,24,4,https://youtu.be/-vNxtq8P6og
موعد مباراة الأهلي وصن داونز في الدور نصف النهائي,2025-04-08,1278,9,0,https://youtu.be/Kc1AyI2zag4
توقعات مباريات اليوم الأربعاء دوري ابطال اوروبا cote sport 1xbet Gooobet,2025-04-08,1272,41,4,https://youtu.be/hdluw-TyQqs
الليلة يواجه الملكي ارسنال في دوري ابطال اوروبا الساعه 10.00,2025-04-08,1136,15,3,https://youtu.be/u7VSA-1ln3U
الجمعان يكشف عن مخطط خطير لخطف الدوري من الاتحاد 📌فضيحة هلالية جديدة قبل كأس العالم🔥صفقات نارية...,2025-04-08,1043,9,5,https://youtu.be/9lNVm9PBeM4
الجمعان يكشف عن مخطط خطير لخطف الدوري من الاتحاد 📌فضيحة هلالية جديدة قبل كأس العالم🔥صفقات نارية...,2025-04-08,1043,9,5,https://youtu.be/9lNVm9PBeM4
ميترو مشتغل 🔥🔥💙🥶,2025-04-08,1008,51,3,https://youtu.be/rsH1F8Va7Oc
مفاجاة كبرى فى شرط جزائي زيزو مع الأهلى 😱🤦/ اعتزال شيكابالا/ وازمه الاتحاد مع حسام حسن 😱🤔,2025-04-08,864,9,4,https://youtu.be/uysXwtQmyJU
#المصري و سيمبا #موعد المباراة,2025-04-08,852,0,0,https://youtu.be/T_Ieg0Dv7J8
ملخص مباراه دوري الابطال اليوم وهزيمه ريال مدريد وبايرن #ريال_مدريد #championsleague #realmadrid,2025-04-08,835,13,1,https://youtu.be/fJEWaSZKU04
من اسوء المدافعين اللي مروا بتاريخ الهلال💔🔥🔥,2025-04-08,827,20,6,https://youtu.be/m15-MC4Rm2A
زيزو مع الاهلي في كاس العالم للأندية,2025-04-08,820,0,1,https://youtu.be/dIsVleAEqzk
أرسنال يضرب ريال مدريد بثلاثية.  #دوري_ابطال_اوروبا #explore #ريال_مدريد #ارسنال,2025-04-08,754,3,0,https://youtu.be/uxe2dIzjQqc
تشكيل مبارايات دوري ابطال اوروبا اليوم🔥 #football,2025-04-08,742,10,1,https://youtu.be/Ur2SM7VXHhI
موعد مباراه الاهلي القادمه - موعد مباراه الاهلي و فاركو القادمة في كاس الرابطه,2025-04-08,671,12,0,https://youtu.be/E9F45SqFFM8
الأهلي بطل الدوري,2025-04-08,663,11,0,https://youtu.be/7VvvOdbDzR0
توقعات مباريات اليوم : 08/04/2025 / + Champions league ⚽️⚽️🔥🔥⚽️⚽️🔥🔥,2025-04-08,654,30,4,https://youtu.be/Sjd3YvquN_Y
هدف كماتشو نهائي الدوري 2005 🔥🔥😍🥶,2025-04-08,653,17,1,https://youtu.be/-Al8xB1d448
موعد مباراة الأهلي والهلال السودانى 💥 فى دورى أبطال أفريقيا 🕖 التوقيت والقنوات الناقله,2025-04-08,545,4,0,https://youtu.be/yIVJd-RT-8c
موعد مباراه الزمالك القادمه - موعد مباراه الزمالك وستيلنبوش القادمه في الكونفدراليه,2025-04-08,539,3,0,https://youtu.be/H3IHTL1FGAE
"تشكيلة الموسم حتى الآن  حسب تقييم ""سكور 90""  (أفضل 5 دوريات أوروبية)",2025-04-08,532,1,0,https://youtu.be/uiTmhvBj-HQ
اخبار الرياضة المصرية والافريقية والعالمية,2025-04-08,504,6,0,https://youtu.be/_FInb7XOfvI
تقرير عن مجريات مباراة التعاون والشارقة في ذهاب نصف نهائي دوري أبطال آسيا 2,2025-04-08,462,5,1,https://youtu.be/c13YLYoyvMY
5 أشياء ترعب الأهلي قبل مواجهة الهلال السوداني اليوم في موريتانيا ومدافع الهلال يتحدي الأهلي 😱,2025-04-08,458,0,0,https://youtu.be/6fXzGenQGTM
أول تعليق ناري من مدرب صن داونز علي مواجهة الأهلي بعد التأهل لنصف النهائي وتاريخ مواجهات الفريقين 🔥,2025-04-08,400,0,0,https://youtu.be/-Sc1n6m4iGg
موعد مباراه مانشستر يونايتد و ليون القادمة في ربع نهائي الذهاب من الدوري الأوروبي والقنوات الناقلة,2025-04-08,370,5,0,https://youtu.be/7L59z5p6nNE
الترجي التونسي vs صن داونز | مباراة إياب ربع نهائي دوري ابطال افريقيا 24/25🏆| تعليق عربي🎙️في PES 25,2025-04-08,319,2,1,https://youtu.be/mvTGNAvBpkY
الاسطورة يوسف الثنيان 🔥💙😍🔥,2025-04-08,319,9,4,https://youtu.be/uimN9LnAlNs
"""توقعات دوري أبطال أوروبا 2025 | التحديات الكبرى وصراع الكبار على اللقب""",2025-04-08,318,12,14,https://youtu.be/ELKxf9kDYlY
بعد استبعاده بسبب توقيعه للأهلي.. كم مباراة غاب عنها زيزو مع الزمالك في 6 سنوات؟,2025-04-08,313,2,0,https://youtu.be/mfaGUpASCqY
كبار الاندية الاوروبية تحوم حول عمورة و عروض سعودية مغرية تدخل المنافسة على اللاعب,2025-04-08,313,7,1,https://youtu.be/Kn4boxjkvfM
هدف مباراة التعاون 1 - 0 الشارقة | نصف نهائي دوري أبطال آسيا 2  2025-2024,2025-04-08,310,3,0,https://youtu.be/OWOTCcngAjI
مواعيد مباريات نصف نهائي دوري أبطال أفريقيا ٢٠٢٥..مواجهة نارية بين الأهلي وصن داونز🔥تأهل ٣ أندية,2025-04-08,309,0,0,https://youtu.be/9PW1g5CZX20
مباراة ارسنال ضد ريال مدريد,2025-04-08,305,5,0,https://youtu.be/oeL24XPROhc
تقرير بين سبور الخاص بي مباراة الهلال السوداني و الأهلي المصري 🔥,2025-04-08,296,0,0,https://youtu.be/RN6umnAahN4
الأندية الفائزة بكأس الملك السعودي 🏆 1980/2024 |ج.1 #كأس_الملك #2025 #السعودية #النصر #الهلال #إتحاد,2025-04-08,270,0,0,https://youtu.be/0bJWQY9bWOc
مين رح يتأهل إلى المربع الذهبي ( توقعاتي),2025-04-08,259,8,0,https://youtu.be/pbR2Vu8lN-k
حسمت المتأهلين من دور ال 8 من دوري أبطال أوروبا …وحسمت صاحب اللقب 🤯🏆,2025-04-08,231,31,13,https://youtu.be/9mU6vuf5mYU
الاهلي يتأهل لنصف نهائي دوري أبطال أفريقيا بعد الفوز علي الهلال السوادني بهدف إمام عاشور🤔🤷🏻‍♂️,2025-04-08,231,4,0,https://youtu.be/qB8QeUJYrUs
الأهلى إلى نصف النهائي للمرة السادسة على التوالي🤩وبيراميدز يتأهل لتكتمل السيطرة المصرية🔥,2025-04-08,225,0,4,https://youtu.be/9WmUwCDVsrs
موعد مباراة الأهلى والهلال اليوم الثلاثاء ٨-٤-٢٠٢٥ في إياب دوري الأبطال و التشكيل والقناة الناقلة🔥,2025-04-08,203,0,0,https://youtu.be/7-KDeJ9CAYA
أول أهداف نجم ارسنال ديكلان رايس من كرات ثابته في مسيرته ضد ريال مدريد R2,2025-04-08,152,7,1,https://youtu.be/Jnt4FT8kQ9U
ارسنال يفوز علي ريال مدريد في دوري ابطال اوروبا بالـ3 ارتيتا اكتسح انشيلوتي وتستمر العقدة ⚪️🔴,2025-04-08,148,12,0,https://youtu.be/TBQhx7CluD4
رايس ضد ريال مدريد 💪⚽️,2025-04-08,109,2,0,https://youtu.be/duOnPSajIEo
أرسنال يسحق ريال مدريد بدوري أبطال أوروبا..ثلاثية ساحرة في ملعب الإمارات,2025-04-08,101,9,1,https://youtu.be/7AH7BRNeZV4
#arsenal #اهداف_مباراة_ريال_مدريد_اليوم #اهداف_مباراة_ارسنال#ارسنال #دوري_ابطال_اوروبا,2025-04-08,95,4,0,https://youtu.be/3vs3s2TXfa4
اقوى توقعات مباريات اليوم الاربعاء|عصبة ابطال اوروبا PREDICTION FOOTBALL 09-04-2025#championsleague,2025-04-08,79,6,4,https://youtu.be/uZXIgvtQjuI
من سيعبر الي نصف نهائي دوري ابطال أوروبا 🔥,2025-04-08,67,2,0,https://youtu.be/G6uEmLxEVNc
موعد مباراة برشلونة دورتموند القادمة 🔥 في دوري أبطال أوروبا مباراة الذهاب القنوات,2025-04-08,63,1,0,https://youtu.be/sk7j8yGu_pQ
ريال مدريد الدعم,2025-04-08,44,1,0,https://youtu.be/ZGG6lPhmLjY
هدف ريس ضد ريال مدريد دهاب ربع نهائي دوري الابطال🔥 #aresenal #realmadrid #rice #match #goals #ارسنال,2025-04-08,39,0,0,https://youtu.be/1tRgsx75fIw
مدرب الاتحاد | يساهم في هدف الاتحاد الثاني على الاهلي | ملخص الاتحاد والاهلي | اهداف الاتحاد والاهلي,2025-04-08,35,0,0,https://youtu.be/qiZd3jkNF_k
تصرف ذكي و خيالي من المدافع و منع هدف محقق,2025-04-08,34,0,1,https://youtu.be/vQzBQcShYz8
بث مباشر مباراة  ريال مدريد وارسنال اليوم في دوري ابطال اوروبا | بث مباشر مباريات,2025-04-08,32,0,1,https://youtu.be/7I0RuZX8gVg
ريال مدريد يخسر و برشلونه يتعادل الدوري الإسباني نتائج مباريات الجولة ال 30,2025-04-08,26,5,10,https://youtu.be/B3Uhso0cj9Q
صعود النادى الأهلي لقبل نهائى دورى أبطال إفريقيا علي حساب الهلال السوداني,2025-04-08,21,1,0,https://youtu.be/YpZ03FBEYKs
مباراة الهلال السودانى  و الاهلي المصري الشوط الثاني #دوري_ابطال_افريقيا,2025-04-08,12,0,0,https://youtu.be/0O1HwqCGb_0
توقعات مباريات اليوم الأربعاء 09.04.2025 PRONOSTIC FOOTBALL #championsleague #دوري_ابطال_اوروبا,2025-04-08,12,0,0,https://youtu.be/S4aXolIjb5U
خبر رياضي| موعد ومشاهدة مباراة بايرن ميونخ وانتر ميلان اليوم في دوري ابطال اوروبا والقنوات الناقلة,2025-04-08,11,0,0,https://youtu.be/ChJPguF4Y4w
خبر رياضي| موعد ومشاهدة مباراة ريال مدريد وارسنال اليوم في دوري ابطال اوروبا والقنوات الناقلة,2025-04-08,9,0,0,https://youtu.be/tML2cWMbLNk
خبر رياضي| موعد ومشاهدة مباراة الاهلي والهلال في دوري ابطال افريقيا والقنوات الناقلة,2025-04-08,7,1,0,https://youtu.be/2_Szyzt_0Xs
اخر اخبار نادي الزمالك #viralvideo   #fyp  #viralshort #shorts #shortvideo,2025-04-08,6,0,0,https://youtu.be/BvVZ5_5tMKw
نصف النهائي لبطولة كأس اليورو  فرنسا وإسبانيا 2-1,2025-04-08,6,2,0,https://youtu.be/0_Fu54FARMo
توقع مباراة ارسنال و ريال مدريد دوري الابطال اوروبا ذهاب ربع النهائي,2025-04-08,6,0,0,https://youtu.be/M-VL0j1U5vM
ريال مدريد خارج حسابات الأبطال #ريال_مدريد #الشعب_الصيني_ماله_حل #football #كرة_قدم,2025-04-08,5,0,0,https://youtu.be/bdGzflwbpGI
توقعاتكم لمباراة اليوم ريال ضد ارسنال 🤔🔥  #ريال مدريد #ارسنال #دوري ابطال اوروبا #درافن⚜️ #اكسبلور,2025-04-08,4,2,1,https://youtu.be/uaiHmOeavmU
خبر رياضي| موعد ومشاهدة مباراة بيراميدز والجيش الملكي في دوري ابطال افريقيا والقنوات الناقلة,2025-04-08,3,0,0,https://youtu.be/hfm0kIBPS_U
خبر رياضي| موعد ومشاهدة مباراة الترجي وصن داونز في دوري ابطال افريقيا والقنوات الناقلة,2025-04-08,2,0,0,https://youtu.be/RcHWACMhtlg
ريال مدريد 👑🤍.                 #كأس_العالم  ‎#اكسبلور  #اكسبلور_explore #سعودية #العراق#كرة_القدم,2025-04-08,2,1,1,https://youtu.be/bK8vn_S1G6Y
ملخص مباراة برشلونة وبوروسيا دورتموند (4-0) | دوري أبطال أوروبا - ذهاب الدور ربع النهائي,2025-04-09,4416935,99153,2928,https://youtu.be/nOQlsuPx8Jk
ملخص مباراة باريس سان جيرمان وأستون فيلا (3-1) | دوري أبطال أوروبا - ذهاب الدور ربع النهائي,2025-04-09,2665423,65179,1541,https://youtu.be/KfsmTUvVT0I
ماذا سيفعل ريال مدريد في أرسنال تحت سقف البرنابيو في لقاء عودة دوري أبطال أوروبا 🙄🤔🤔#ريال_مدريد,2025-04-09,806858,25909,289,https://youtu.be/9dLIziIqQJU
ري اكشن للتاريخ في ليلة فوز ارسنال علي مدريد 0/3 🔴⚪️😳🤩 دمرت جمهور الريال 😂,2025-04-09,695019,48286,2185,https://youtu.be/Y2BdMqIQODk
انفعال تريكة في الاستوديو بعد فوز برشلونة علي دورتموند 4-0 .. وحديثه عن ظلم لامين يامال,2025-04-09,379252,3917,103,https://youtu.be/VgLvCQeBDY4
ديكلان رايس سجّل ركلة حرة أفضل من رونالدو وميسي في دوري الأبطال؟ 😳😰,2025-04-09,305340,8385,77,https://youtu.be/AvXQ8sbb95g
🔴محاكاة مباراة أورلاندو بيراتس vs مولودية الجزائر | دوري أبطال أفريقيا 2025 | لعبة كرة قدم!,2025-04-09,205442,633,1,https://youtu.be/DmgDF-KChPk
اشهر ريمونتادات في دوري ابطال اوروبا و ريال مدريد امامه فرصة تاريخية ضد آرسنال 😱🔥,2025-04-09,201120,851,93,https://youtu.be/-sBc1eHVXeU
مشاهد خطيرة لحظة الإعتداء على لاعبي فريق مولودية الجزائر بجنوب أفريقيا من طرف فريق أورلاندو بيراتس,2025-04-09,157810,1360,1500,https://youtu.be/qlfH6n_Xz6k
ملخص مباراة أورلاندو بيراتس ومولودية الجزائر (0-0) | دوري أبطال إفريقيا - إياب الدور ربع النهائي,2025-04-09,118164,1651,220,https://youtu.be/2elfyo6uxqI
اول تعليق من زيزو بعد خروج الزمالك من الكونفيدرالية❌ #مصر #الاهلي #افريقيا #الزمالك #اهلاوي #الاهلى,2025-04-09,110077,4369,22,https://youtu.be/IemDn5B01So
بث مباشر .. ستوديو 93.7 لمباريات دوري أبطال أوروبا,2025-04-09,107923,226,0,https://youtu.be/ZOEUZiapo5g
هدف ديكلان رايس العالمي في شباك ريال مدريد 😱 ركلتي حرة مدمرة و جنون حفيظ دراجي | ريال مدريد ارسنال,2025-04-09,101712,822,31,https://youtu.be/LLxce37yhcE
موعد مباراة مولودية الجزائر وأورلاندو بيراتس اليوم في ربع نهائي كأس دوري أبطال أفريقيا 2025,2025-04-09,98027,226,1,https://youtu.be/aF6jo7h9E4s
ملخص فرص الأهلي الضائعة ضد الهلال السوداني + هدف إمام عاشور العالمي 🔥#الاهلي #امام_عاشور #الأهلي,2025-04-09,88500,1285,6,https://youtu.be/_v499XN3fN0
ابو تريكة : فرصة باريس بالفوز بـ دوري الابطال هذا الموسم,2025-04-09,84945,1375,98,https://youtu.be/CxPI4wyXF2g
ملخص مباراة السعودية وأوزبكستان (0-3) | كأس آسيا تحت 17 عاماً - دور المجموعات,2025-04-09,82870,1735,570,https://youtu.be/lc2GFYBi4dA
هدف رايس الثاني ضد الريال 😲,2025-04-09,65713,752,8,https://youtu.be/K9kR9JE46CM
ضربات جزاء مباراة سيمبا والمصرى اليوم فى الدور ربع النهائى لكاس الكونفيدرالية وتاهل سيمبا,2025-04-09,63060,275,10,https://youtu.be/4g0rXBZC0ms
شاهد أهداف مباراتي الأربعاء ضمن منافسات ذهاب ربع نهائي دوري أبطال أوروبا,2025-04-09,60686,1846,81,https://youtu.be/Kl6cEI7LMbA
شاهد مباراة برشلونة و دورتموند بث مباشر اليوم في دوري أبطال أوروبا 2025,2025-04-09,54304,410,2,https://youtu.be/GFhPFjtdXSQ
ملخص تحليل مباراة برشلونة وبروسيا دورتموند 4_0. برشلونة يدك شباك دورتموند يقترب من نصف نهائي الأبطال,2025-04-09,52979,1092,38,https://youtu.be/2Nmt1WugOt8
🔴بث مباشر مباراة الهلال السوداني vs الاهلي المصري | دوري أبطال أفريقيا 2025 | تابع معنا الان !!,2025-04-09,51992,0,1,https://youtu.be/m58jsUpwGHc
مواعيد مباريات الاهلى و بيراميدز فى نصف نهائى دورى ابطال افريقيا الذهاب و العودة,2025-04-09,50236,101,1,https://youtu.be/RvfEPOMJ1mE
الزمالك ودع بطولة الكونفيدرالية زيزو كركب الدنيا خالص❌ #مصر #الاهلي #افريقيا #الزمالك #الاهلى,2025-04-09,48768,2277,43,https://youtu.be/2YK7FbLA7Ac
موعد مباراة الأهلي وصن داونز القادمة في نصف نهائي دوري ابطال افريقيا 2025 💥 والقنوات الناقلة💥,2025-04-09,48614,0,25,https://youtu.be/BTidI0rDdbg
التوقيت + القنوات الناقلة مباشرة اليوم مباراة مولودية الجزائر ضد أورلاندو بيراتس دوري أبطال افريقيا,2025-04-09,47917,210,6,https://youtu.be/zLQ3OikakeE
5 أسماء ترحل عن الترجي بعد وداع دوري الأبطال,2025-04-09,44981,502,33,https://youtu.be/gKGbEVFoBso
الشهادة التي يفتخر بها كل هلالي 💙😘🔥🔥🥶,2025-04-09,36572,338,11,https://youtu.be/O4oeqfY-3v4
اجمل هدف فى أفريقيا عن طريقه وسام ابو على|هدف وسام ابو على😱🤩#الاهلي#الاهلي#الأهلي_فوق_الجميع,2025-04-09,31157,564,4,https://youtu.be/BrWCKLUJGvk
التحليل الكامل | باريس 3-1 أستون فيلا | برشلونة 4-0 دورتموند | دوري أبطال اوروبا | محمد ابو تريكة,2025-04-09,29287,598,25,https://youtu.be/ADT2uBAqcrQ
مباراة مولودية الجزائر وأورلاندو بيراتس اليوم | كأس دوري أبطال أفريقيا 2025,2025-04-09,26558,36,2,https://youtu.be/rH2V-i5XosY
رسميا الكاف يعدل قراراته النارية بعد خطا الحكم ي مباراة الترجي وصن داونز وصعود الاهلي مباشرة للنهائي,2025-04-09,24624,337,14,https://youtu.be/M4QhSvAWc5g
باريس سان جيرمان يهزم  استون فيلا بثلاثية في ذهاب ربع نهائي دوري أبطال أوروبا 💪,2025-04-09,24076,144,2,https://youtu.be/qNOX6lCICow
جنون مشجع هلالي بعد هدف إمام عاشور مباراه #الاهلي_الهلال_السوداني#الاهلي #الزمالك #shorts #short,2025-04-09,23510,179,12,https://youtu.be/ASYRNxhC598
موعد مباراة الأهلي وصن داونز القادمة في نصف نهائي دوري أبطال أفريقيا 2025 بعد الفوز على الهلال,2025-04-09,19843,376,12,https://youtu.be/cEeusN1sgkg
موعد مباراة برشلونة ضد دورتموند اليوم في دوري أبطال أوروبا 2025 والقنوات الناقلة,2025-04-09,19596,131,3,https://youtu.be/F4vOCwRRg0s
موعد مباراة الأهلي وبيراميدز في الجولة 19من الدوري المصري 2025💥والتوقيت والقنوات الناقلة 💥,2025-04-09,18630,0,11,https://youtu.be/efa8ezrJTbE
ارتيتا يهدد ريال مدريد : ارسنال بامكانه  الفوز على اي فريق,2025-04-09,18167,68,0,https://youtu.be/BTcPxqOzwzU
ملخص مباراة الزمالك المصري و ستيلينبوش الجنوب إفريقي ربع نهائي كأس الكونفدرالية الإفريقية,2025-04-09,17320,141,7,https://youtu.be/cReY1l7oSy4
ريأكشن مباراة برشلونة وبوروسيا دورتموند في دوري الابطال⚽⚽⚽⚽,2025-04-09,15375,659,13,https://youtu.be/5iQ9YnAQPrM
ملخص وتحليل مباراة النادى الأهلى أمام نادى الهلال السوداني في دورى أبطال أفريقيا 1  - 0,2025-04-09,13924,67,0,https://youtu.be/y2el1XM6rig
مواعيد مباريات الجولة 28 من الدوري السعودي 2025💥دوري روشن السعودي,2025-04-09,13670,228,19,https://youtu.be/YnsZu0TvuqM
النصر تعبان آسيا 🤣🤣🤣🤣,2025-04-09,13347,222,13,https://youtu.be/8EDhmWShzXg
تعرّف على توقيت مباراة مولودية الجزائر و أورلاندو بيراتس و القنوات الناقلة للمباراة,2025-04-09,13122,71,7,https://youtu.be/p2SiVNkBZ5E
ريأكشن مباراة ارسنال وريال مدريد في دوري الابطال ⚽⚽⚽,2025-04-09,11704,563,11,https://youtu.be/n1peKkB96Hg
3 قرارات نارية داخل الترجي بعد الخروج الإفريقي.. أحدهم يتعلق بمستقبل المدب,2025-04-09,11468,123,2,https://youtu.be/ppl2ZntjLp0
ماذا لو دمر ريال مدريد ارسنال في ملعبه و أمام جماهيره 😱😱🤔🔥,2025-04-09,10120,45,0,https://youtu.be/HvFP8yN3wjE
عااجل ورسميا بسبب قرار خاطئ للترجي استبعاد صن داونز من افريقيا وصعود الاهلي مباشرة للنهائي مبروك,2025-04-09,9851,131,14,https://youtu.be/nLLIA1BtJKI
ملخص هزيمة الزمالك و ستلينبوش الجنوب أفريقي وخروجه من الكونفيدرالية,2025-04-09,8511,55,5,https://youtu.be/x-Ym7Q--xaE
لما رايس قرر يشرح يعني إيه فاول صح قدام الريال 😮‍💨#shorts #viralvideo  #realmadrid #zone14#مصر #new,2025-04-09,7882,235,0,https://youtu.be/FIVuiKJ0CPM
هكذا دمر أنشيلوتي ريال مدريد أمام أرسنال. يوسف التمسماني على القاهرة الإخبارية,2025-04-09,7107,0,25,https://youtu.be/S1-BWYdkif8
#دوري_ابطال_اوروبا| #إنتر_ميلان يوجه صفعة لحلم البايرن! #explore #اكسبلور #shorts #football #fyp,2025-04-09,6556,24,0,https://youtu.be/okrezc-CRdM
أزرق ولعبة دواء 😘💙🤍🤫🥶,2025-04-09,5422,305,8,https://youtu.be/9SjgfqKpCCY
ابو تريكة ينفعل في الاستوديو علي ليفاندوفسكي,2025-04-09,5061,84,0,https://youtu.be/yv46gfONU6o
تتوقعون يرجع لمستواه ؟ 🤔🤔,2025-04-09,5058,175,3,https://youtu.be/2G-S1DYDjjY
برشلونة يربح معركة ضد رابطة الليجا والأخير يسحب مذكرته,2025-04-09,4581,119,1,https://youtu.be/bo0SoemVpA4
بعد فوز أرسنال على ريال مدريد..الدوري الإنجليزي يضمن مقعداً إضافيا في دوري أبطال أوروبا موسم 2026,2025-04-09,4403,112,0,https://youtu.be/uJYjTm7R9-g
هدف الفريق الجنوب الافريقى #ستيلينبوشً فى نادى #الزمالك وعلى اثرها يودع بطولة #الكونفدرالية,2025-04-09,4369,19,0,https://youtu.be/cLUOVRVZSSo
بث مباشر مباراة الاهلي و الهلال في دوري ابطال افريقيا اليوم - Al Ahly VS Al Hilal ‎Live,2025-04-09,4348,19,0,https://youtu.be/vWgtP7u6h28
مباراة  المصري و سيمبا التنزاني  اليوم في ربع نهائي كأس الكونفدرالية,2025-04-09,4282,35,0,https://youtu.be/yGpGxkdP3x8
لا يا زمالك لا .. طب زيزو افضل لاعب في أفريقيا ♥️ #زيزو #الاهلي #دوري_ابطال_افريقيا,2025-04-09,4121,48,0,https://youtu.be/KO5wbGPoOf0
ابو تريكة واعجابة الشديد بمهاره لامين يامال,2025-04-09,3962,62,1,https://youtu.be/ucTxWfS0uWw
الظاهرة لامين يامال يصنع التاريخ في دوري الأبطال! 🔥🚀,2025-04-09,3937,41,0,https://youtu.be/jOZMzR-zxaQ
خسارة ريال مدريد بيها ايجابيات وسلبيات #ريال_مدريد #ريال_مدريد_اليوم,2025-04-09,3883,106,1,https://youtu.be/NmkpJrD3RmE
الزمالك اليوم #football #اكسبلور #الدوري_المصري #الاهلي #دوري_ابطال_افريقيا #الكونفيدرالية,2025-04-09,3827,0,0,https://youtu.be/PO8AenJg4iA
هدف ثاني فيه الكثيييير من المتعة الكروية بتوقيع مثلث الرعب البرشلوني😍🔥,2025-04-09,2840,5,0,https://youtu.be/yW5v5zKS_u0
"""الـحـارس الـوحـش الذي جـنـن العـالـم في كأس العالم!! تصديات خرافية + رقص مجنون!! 🔥🧤🕺🇦🇷""",2025-04-09,2624,104,5,https://youtu.be/z1zQ-bF_RQc
هدف رايس. Rice في ريال مدريد real madrid.,2025-04-09,2576,11,6,https://youtu.be/IrfUE3W6Gd8
مباريات اليوم #برشلونة #دورتموند #دوري_ابطال_اوروبا #championsleague #ريال_مدريد #football,2025-04-09,2435,21,2,https://youtu.be/85xy5kBpumw
أنشيلوتي يعلّق على الهزيمة القاسية لريال مدريد أمام أرسنال: تصريحات نارية بعد السقوط! 🔥⚽,2025-04-09,2220,22,0,https://youtu.be/gagZDzIQHMM
تشكيله ريال مدريد تدي ارسنال في دوري ابطال اوروبا 2024/2025 #shorts,2025-04-09,2059,19,0,https://youtu.be/4zYsbUZdx6U
خمن ضدد اي نادي سجل الهدف؟,2025-04-09,1867,18,1,https://youtu.be/ewcgxrLQtYM
الاهلي والهلال #الاهلي #اكسبلور #youtubeshorts #كرة_القدم #football #دوري_ابطال_افريقيا #امام_عاشور,2025-04-09,1836,22,1,https://youtu.be/rwEAi65jWZo
برشلونة المتوقعة أمام دورتموند في ذهاب ربع النهائي!#برشلونة #دورتموند #دوري_الأبطال #أخبار_برشلونة,2025-04-09,1799,18,0,https://youtu.be/-82y2GVJwkE
مباريات اليوم #برشلونة #دوري_ابطال_اوروبا #championsleague #cristianoronaldo #football #اكسبلور,2025-04-09,1754,16,0,https://youtu.be/sAV3bhorDkk
الأهلى يفوز على الهلال السوداني 1_0 🦅🚩🤣🤣,2025-04-09,1677,35,0,https://youtu.be/I_rP8xvIc1M
الاهلى يعلن عن مفاجاة فى عودة فايلر لتدريب الفريق حال رحيل كولر قبل كاس العالم لضيق الوقت,2025-04-09,1631,84,1,https://youtu.be/cSx9DAL-eRw
من ستتوقعوا من سيفوز المباراة 🤩🤩🤩🤩🤩اجبوني في التعليقات,2025-04-09,1574,19,2,https://youtu.be/asU89y-Pfw8
احتفالات ومراسم تتويج الأهلي بلقب دوري المحترفين لكرة اليد 2024-2025,2025-04-09,1470,19,1,https://youtu.be/xhb9pUyi0_o
خسارة ريال مدريد اما الارسنال #ريال_مدريد #دوري_ابطال_اوروبا #النصر #football #كرة_القدم,2025-04-09,1327,38,0,https://youtu.be/8Q9udRZbClM
مباراة المدربين ف دورىابطال أوروبا باريس واستون فيلا #دوري_ابطال_اوروبا #باريس_سان_جيرمان,2025-04-09,1173,0,2,https://youtu.be/GJFut9770Pw
ضربونا بالمنوي .. ريال مدريد وارسنال  #ريال_مدريد #ارسنال #الفيفا #دوري_ابطال_اوروبا #اكسبلور #كأس,2025-04-09,1072,9,1,https://youtu.be/VRbegkgvLMs
الزمالك يودع كأس الكونفدرالية بالخسارة من ستيلنبوش #ترند #الزمالك #اكسبلور#football #news #الاهلي,2025-04-09,1060,1,0,https://youtu.be/ZqTF-wUw9Ks
🔥 نتائج مباريات يوم الأربعاء في ذهاب الدور ربع النهائي من دوري أبطال أوربا #دوري_أبطال_أوروبا #ucl,2025-04-09,1049,20,0,https://youtu.be/hjopntRyvj8
مباريات اليوم الأربعاء 9 أبريل من كأس الكونفدرالية الإفريقية 2024-2025 والقنوات الناقلة والمعلقين,2025-04-09,1020,18,1,https://youtu.be/QPcR4bY-00w
اخبار الرياضة المصرية والافريقية والعالمية,2025-04-09,1004,12,0,https://youtu.be/k-MUFS4Npec
نتائج مباريات يوم الثلاثاء في ذهاب الدور ربع النهائي من دوري أبطال أوروبا 🔥🗓️#دوري_أبطال_أوروبا#UCL,2025-04-09,986,12,3,https://youtu.be/FZtcg0iKeho
اسطيل جديد لتيشرت الاهلى فى كاس العالم للأندية  #الاهلي #كاس_العالم_للأندية #كرة_القدم,2025-04-09,863,0,3,https://youtu.be/bwEZmkK7oRU
أهداف مباراة الريال وارسنال 3/0,2025-04-09,809,12,0,https://youtu.be/d6m6nbPlKws
الاهلي مع زيزو خلص تأشيرة السفر إلي امريكا ليكون في كاس العالم للانديه #soska,2025-04-09,654,8,3,https://youtu.be/YN5cCIwlxoE
هزيمة الريال وتفوق أرسنال#الاهلي  #ليفربول #محمد_صلاح #مصر #السعودية #الهلال  #ريال_مدريد #عمرمرموش,2025-04-09,601,27,0,https://youtu.be/t6t7krEwiGQ
مواعيد مباريات نصف نهائي دوري ابطال افريقيا والفرق المتأهلة لنصف نهائي,2025-04-09,579,11,1,https://youtu.be/TJc9k2qLnqk
موعد مباراة الاهلى وبيراميدز القادمة فى الجولة 2 بالدور الثانى لبطولة الدورى المصرى الممتاز,2025-04-09,516,5,0,https://youtu.be/qJsY4_HM244
سان جيرمان هذا الموسم 🚨✅ بطل الدوري ✅ فاز في ذهاب ربع نهائي الأبطال✅ نهائي كأس فرنسا✅ بطل السوبر,2025-04-09,476,9,0,https://youtu.be/FMYMHSi_5Q4
سان جيرمان هذا الموسم 🚨✅ بطل الدوري ✅ فاز في ذهاب ربع نهائي الأبطال✅ نهائي كأس فرنسا✅ بطل السوبر,2025-04-09,476,9,0,https://youtu.be/FMYMHSi_5Q4
"""قصة تشافي الكاملة:  أسطورة الوسط  منقذ برشلونة!""",2025-04-09,473,39,0,https://youtu.be/d2uavJPSPEk
هل انتهى عصر كيليان مبابي في ريال مدريد بعد مباراة أرسنال,2025-04-09,402,3,0,https://youtu.be/8ngdyF_i-Uc
بث مباشر مباراة الزمالك وستيلينبوش اليوم في كاس الكونفدرالية | بث مباشر مباريات اليوم الزمالك,2025-04-09,393,4,0,https://youtu.be/g4D5vU1Tr1Y
ديكلان رايس وتفاصيل لحظات أيقونية سيخلدها تاريخ ارسنال و دوري أبطال أوروبا,2025-04-09,357,2,0,https://youtu.be/2BjrDD8A45A
Şampiyonlar Ligi Çeyrek Final | Arsenal -Real Madrid (Özet) | ارسنال -ريال مدريد (ملخص),2025-04-09,351,3,0,https://youtu.be/PSixyrbSKbA
ردة فعلي على اقوى 10 اهداف مرشحة لجائزة البوشكاش🔥 قصي العش,2025-04-09,337,15,5,https://youtu.be/1TQS1TwmR5M
#نهضة بركان و اسيك أبيدجان #موعد المباراة,2025-04-09,260,0,0,https://youtu.be/gfmg89lH8UM
باريس سان جيرمان يواجه استون فيلا في ذهاب ربع نهائي دوري أبطال أوروبا 🔥🔥🔥#دوري_ابطال_اوروبا,2025-04-09,241,5,0,https://youtu.be/YpqJSlTZXrw
موعد مباراة الاهلي و صن دوانز في نصف نهائي دوري ابطال افريقيا 2025 - بيراميدز x اورلاندو بايرتس,2025-04-09,224,4,0,https://youtu.be/PyIPiWdJnbI
باريس سان جيرمان ينتصر 3 - 1 على أستون فيلا في ذهاب ربع نهائي دوري أبطال أوروبا🔥🔥#دوري_ابطال_اوروبا,2025-04-09,179,5,1,https://youtu.be/TZI-5Ng2stM
هات الكورة وتعال... ملخص دوري ابطال افريقيا والكونفدرالية #الاهلي #بيراميدز #الزمالك,2025-04-09,162,3,0,https://youtu.be/8KOPrC-yP7E
محمد صلاح يعلن أسباب خسارة الزمالك من ستيلينبوش وتوديع الكونفدرالية الأفريقية,2025-04-09,157,2,1,https://youtu.be/IGLq__L2X3w
لقطات مصورة من مباراة الأهلي والهلال في اياب ربع نهائي دوري ابطال افريقيا..فوز الأهلي ذهاباً واياباً,2025-04-09,150,4,0,https://youtu.be/e4kESq6Aj9A
تشكيله باريس سان جيرمان في دوري ابطال اوروبا 2024/2025 #shorts,2025-04-09,125,2,0,https://youtu.be/9s983RLjPlg
اخبار الكورة اليوم 9/4/2025  الحاج_سبورت,2025-04-09,92,3,0,https://youtu.be/79p3WWdjRBQ
كريستيانو رونالدو vs نيمار | مقارنة بين رونالدو ونيمار | إنجازات كريستيانو رونالدو ونيمار,2025-04-09,86,2,0,https://youtu.be/RbWAwo_8EuY
مباراة الاياب الشوط الاول#الهلال_السودانى  و #الاهلي_المصري #دوري_ابطال_افريقيا,2025-04-09,59,1,0,https://youtu.be/ykyLCzJAxV0
ملخص الجوله 31,2025-04-09,40,21,1,https://youtu.be/RulXHpMLnlM
أهداف مباراة أرسنال وا ريال مدريد في دوري الأبطال ثلاثية نضيفة 3_0,2025-04-09,22,2,1,https://youtu.be/z_or_FVmWzU
بيراميدز بتأهل لنصف النهائى الافريقى فى اسوء مباراة له,2025-04-09,20,2,0,https://youtu.be/sjllAup5YnY
هدف أرسنال الثاني على ريال مدريد في دوري أبطال أوروبا,2025-04-09,16,1,0,https://youtu.be/ZeH4fj4pDh0
‏🎥 هدفا الأخضر أمام اركاداج وتفاعل الجماهير العرباوية🔊,2025-04-09,16,0,0,https://youtu.be/vQ4egjOaSNo
#كرة_القدم #الأسلوب_العربي #الدوري_الأوروبي #المواهب_الشابة #التعليم الثنائي اللغة #تعلم_اللغه,2025-04-09,14,1,0,https://youtu.be/8NVY1ClHlSE
#اهداف_مباراة_برشلونة في شباك #بروسيا_دورتموند في #ذهاب_ربع_نهائي #دوري_ابطال_اوروبا,2025-04-09,14,0,0,https://youtu.be/VB-mCzEvRxE
هدف ثالث,2025-04-09,10,1,0,https://youtu.be/xw2DgUP7DfE
‏دوري أبطال أوروبا برشلونة ❌دورتموند,2025-04-09,9,0,0,https://youtu.be/ll2URIXqvlI
مشاهدة مباراة برشلونة ضد بروسيا دورتموند اليوم بث مباشر في دوري ابطال اوروبا,2025-04-09,6,0,0,https://youtu.be/6eUdZ_h3oKM
ريال مدريد 9 – 1 غرناطة // دوري الاسباني 2015 || خمسة أهداف لكريستيانو 🔥😱,2025-04-09,6,4,0,https://youtu.be/ge1rI6BEPnc
مباراة نارية بين البارزيين و استون فيلا الانجليزي في دوري عصبة الأبطال الأوروبية,2025-04-09,5,1,0,https://youtu.be/eQC5zaUmLoo
ارسنال يفوز على ريال مدريد بي ثلاثية نظيفة في نصف نهائي دوري ابطال اوروبا 🔥 3-0,2025-04-09,4,1,1,https://youtu.be/Vby0I5qkBzo
ملخص مباراة الزمالك سيلينبوش افسي,2025-04-09,2,0,0,https://youtu.be/_SHTozI6yC8
#أكشن_مع_وليد #ابطال_اسيا #الزعيم #الكرة_العالمية #الهلال #الهلال_السعودي #دوري_روشن_السعودي #الكرة,2025-04-09,1,0,0,https://youtu.be/DZSvI3lwYxI
ملخص مباراة ليون ومانشستر يونايتد (2-2) | الدوري الأوروبي - ذهاب الدور ربع النهائي,2025-04-10,905273,20284,447,https://youtu.be/LjA17Vktzqs
ملخص مباراة المغرب وجنوب إفريقيا (3-1) | كأس أمم إفريقيا تحت 17 عاماً - الدور ربع النهائي,2025-04-10,350289,6798,583,https://youtu.be/FUYxLmWZL1o
ملخص مباراة الاتحاد 2 - 0 العروبة | الجولة ( 27 ) من دوري روشن السعودي للمحترفين 2024-2025,2025-04-10,240825,3550,158,https://youtu.be/dBQ9Gl3axBM
ملخص مباراة توتنهام وآينتراخت فرانكفورت  (1-1) | الدوري الأوروبي - ذهاب الدور ربع النهائي,2025-04-10,207712,5966,141,https://youtu.be/m1MKyC5ioTY
أهداف مباراة الاتحاد 2 - 0 العروبة | الجولة ( 27 ) من دوري روشن السعودي للمحترفين 2024-2025,2025-04-10,130648,1449,128,https://youtu.be/DyzeKPaAGu4
ملخص مباراة بودو/غليمت ولاتسيو (2-0) | الدوري الأوروبي - ذهاب الدور ربع النهائي,2025-04-10,109614,3138,167,https://youtu.be/Jo9J6uVbb9I
ملخص مباراة رينجرز وأتليتيك بلباو (0-0) | الدوري الأوروبي - ذهاب الدور ربع النهائي,2025-04-10,80832,2227,84,https://youtu.be/7AlProQ57wo
كنا نتمرن عليهم قبل الصندوق وبعد الصندوق طلع لهم حس 🤣🤣🔥🙃,2025-04-10,68296,649,16,https://youtu.be/AsBNfegUUag
تعرّف إلى نتائج مباريات ذهاب الدور ربع النهائي في مسابقة #دوري_أبطال_أوروبا.. برأيك من سيصل,2025-04-10,41394,204,0,https://youtu.be/bXIQuRkayus
رد فعل الزمالك وستيلنبوش0_1الزمالك ودع الكونفدرالية ❌ #مصر #الاهلي #افريقيا #الزمالك #الاهلى,2025-04-10,40171,2040,59,https://youtu.be/ffvvbRpZ0Xw
مفاجأة|شركة الكرة تنذر كولر ببطل اوروبا|مصطفى محمد صفع عباس|زيزو ورعب الزمالك|توقيع الونش|كابتن دوله,2025-04-10,35501,3408,202,https://youtu.be/lw0likLKlAk
إليكم ترتيب هدافي دوري أبطال أوروبا ⚽ #برشلونة #ريال_مدريد #زياش #morocco #football #المغرب #الجزائر,2025-04-10,33494,25,0,https://youtu.be/Fq0VLHpGL54
ترتيب للاندية اكثر تسجيل للاهداف في دوري ابطال اوروبا حتى الان موسم 2024/ 2025#دوري_ابطال_اوروبا,2025-04-10,26807,95,0,https://youtu.be/9KMT4srmc8c
ارسنال وريال ❤️‍🔥,2025-04-10,24353,425,4,https://youtu.be/vvO-1Mvm5Nc
ترتيب هدافي دوري ابطال اوروبا 2025,2025-04-10,23568,130,1,https://youtu.be/g3IXo_Y0Q9I
نقاش محللي بين سبورت عن تأهل الأهلي على حساب الهلال السوداني الى نصف نهائي دوري أبطال إفريقيا,2025-04-10,19637,283,18,https://youtu.be/j3QkEsGuqKA
خلاصة الكلام ذا كله عند وليد الفراج 🎙️🤐🙃,2025-04-10,18090,203,20,https://youtu.be/ZJCX90qKGkA
عندما توِّج الهلال واصبح حامل اللقب بعد ماكان الفارق بينه وبين المتصدر 16نقطة 🔥😘🥶,2025-04-10,14315,399,12,https://youtu.be/OdOh-LXYing
ابو تريكة : برشلونة وباريس اقوى فريقين في اوروبا,2025-04-10,14182,609,5,https://youtu.be/-68h88mcuoE
حملة فرنسية تنهي أحلام الترجي والإفريقي بحصد أغلى الألقاب.. ما الكواليس؟,2025-04-10,13370,99,0,https://youtu.be/JGCwsftL3Bw
اوناي هيرنانديز يسجل الاول للاتحاد هدف خيالي في مرمى العروبة😳🔥!!! #الهلال#shorts,2025-04-10,12530,296,33,https://youtu.be/Bp8PjNa9B4w
ترتيب للأندية أكثر تسجيل للأهداف في دوري أبطال أوروبا #زياش #ابراهيم_دياز #football #morocco #المغرب,2025-04-10,12026,15,0,https://youtu.be/IF35b2t5QrU
موعد مباراة ريال مدريد وارسنال في دوري ابطال اوروبا اليوم#ريال_مدريد #ارسنال #دوري_ابطال_اوروبا,2025-04-10,10373,236,0,https://youtu.be/0d3a1NnRNwg
موعد مباراه ريال مدريد و الافيس القادمة في الجوله 31 من الدوري الإسباني والقنوات الناقلة,2025-04-10,10260,202,14,https://youtu.be/k3CftD8rq14
بالمواعيد جميع مواجهات دور ربع النهائي كأس آسيا للناشئين تحت سن 17 عام السعوديه 2025,2025-04-10,8928,223,14,https://youtu.be/HfrALNTYtTg
الأسطورة نواف التمياط 😍🔥🥶💙💙,2025-04-10,8438,143,8,https://youtu.be/i2Cyiswug2I
هدف ميسي من ركلة جزاء مع إنتر ميامي امام لوس أنجلوس في دوري أبطال الكونكاكاف ✅✅❤️🔥,2025-04-10,8347,88,0,https://youtu.be/ecvUkRNKNaY
كرستيانو رونالدو: منافسة الهلال صعبة 💪🙃🔥🥶,2025-04-10,6502,143,16,https://youtu.be/YCSCb9Ua8Xs
الأسطورة ميسي بعد الفوز على لوس أنجلوس في كأس أبطال الكونكاكاف 👌❤️,2025-04-10,5841,63,0,https://youtu.be/NiI5Ul6WQRw
موعد مباراة الاهلي وصن داونز القادمة في نصف نهائي ابطال افريقيا 2025 والقنوات الناقلة,2025-04-10,5417,110,6,https://youtu.be/NWj1FHIZNQY
ميسي يسجل ضربة جزاء بطريقة رائعة في الوقت القاتل، ويقود إنتر ميامي لنصف نهائي كأس أبطال الكونكاكاف 🔥,2025-04-10,5349,33,0,https://youtu.be/WGw79h0TnY4
بالإسم.. الترجي ينافس الأهلي المصري على صفقة من الدوري الفرنسي قبل كأس العالم للأندية,2025-04-10,5069,97,0,https://youtu.be/VV1Ut9d98Rg
عااجل ورسميا الحكم يعترف بمجاملة صن داونز ورسميا الكاف يعلن استبعاده وصعود الاهلي للنهائي مباشرة,2025-04-10,4996,77,6,https://youtu.be/_oTrem35Mg8
اكتساح نتيجة مباراة برشلونة ودورتموند في دوري ابطال اوروبا ذهاب ربع النهائي,2025-04-10,4083,24,0,https://youtu.be/hBm8l-0qnlg
هدف ميسي الرائع مع إنتر ميامي ضد لوس أنجلوس في دوري أبطال الكونكاكاف ❤️❤️,2025-04-10,3466,82,0,https://youtu.be/Qm2DSR_S3N0
عااجل ورسميا بعد ظلم الترجي امام صن داونز رسميا الكاف يعلن استبعاده وصعود الاهلي للنهائي مباشرة,2025-04-10,3330,45,0,https://youtu.be/j9Ivkxx65FI
5 لاعبين سجلوا أكبر عدد من الركلات الحرة المباشرة في تاريخ دوري أبطال أوروبا,2025-04-10,2807,38,0,https://youtu.be/tqB7Km0lQzU
ملخص مباراة الاهلى و الهلال | هدف امام عاشور😱😱,2025-04-10,2791,16,0,https://youtu.be/RRtMz8a9UV0
بث مباشر مباراة الزمالك و ستيلينبوش في كأس الاتحاد الافريقي اليوم - Zamalek VS Stellenbosch FC Live,2025-04-10,2446,8,1,https://youtu.be/AXijO6WhRVk
الخبر السار الذي ينتظره جماهير ليفربول حول محمد صلاح,2025-04-10,1843,20,0,https://youtu.be/NrIv7AptKto
أكشن مع وليد | تيباس - رئيس رابطة الدوري الأسباني: لا أتفق مع نظام دوري أبطال أوروبا الجديد,2025-04-10,1820,41,3,https://youtu.be/c89p9PaQzpc
موعد مباراة الأهلي القادمة ضد بيراميدز فى الجولة 19 من الدوري المصرى 2025 والقنوات الناقلة,2025-04-10,1674,31,0,https://youtu.be/WPNNKe2dV8o
يوسف السالم رحمه الله عليه 💔😘💙🤍,2025-04-10,1495,26,2,https://youtu.be/xIwpXsvofvk
ريال مدريد سيتأهل لنصف النهائي أمام الأرسنال ⚽️🔥🔥 #ريال_مدريد #برشلونة #ارسنال #دوري_ابطال_اوروبا,2025-04-10,1329,24,0,https://youtu.be/tFpsAHMObcE
سنفونيه اهداف برشلونة لاتكتمل الا ببصمت لأمين يأمل #برشلونة #لامين_يامال #دوري_ابطال_اوروبا,2025-04-10,1252,0,5,https://youtu.be/wpUvr8mDfzI
عاجل 🔥صفقة هداف أسطوري للوداد+ موعد رحيل موكوينا/ عودة المدرب الأسطورة الودادي 🔥,2025-04-10,1204,18,0,https://youtu.be/-i306ifa49c
أبرز وأهم الاحصائيات خلال النسخة الحالية من دوري أبطال أوروبا ⭐🏆,2025-04-10,1181,16,1,https://youtu.be/jKHNZJh13H8
مراسم توقيع زيزو والونش وكرستيانو للاهلى مفاجاه مباراه الاهلي وبيراميدز وصلاح ومرموش,2025-04-10,1074,17,0,https://youtu.be/jFoWL7Yb76o
ذهاب ربع نهائي #دوري_ابطال_اوروبا  احصائيات ومواعيد الاياب,2025-04-10,1022,15,0,https://youtu.be/Ri9e4be9leA
برشلونة يفوز على دورتموند ب 4/0,2025-04-10,1002,20,0,https://youtu.be/3uzZ0l6oLdA
تيفو جماهير ليجيا وارسو أمام نادي تشيلسي بدوري المؤتمر الأوروبي 🤯🤯#عيش_الكورة #متعة_كرة_القدم #bein,2025-04-10,972,0,0,https://youtu.be/3pWqq9sEYhE
متى بدأ دوري الابطال⚽️؟ #دوري_ابطال_اوروبا #كرة_القدم #ريال_مدريد #برشلونة #short,2025-04-10,837,24,6,https://youtu.be/rzlVUknubNA
استحيت ازعل من الهلال 🤔🥶😍🔥💙,2025-04-10,761,23,5,https://youtu.be/OHuKSntzVK0
"ميسي يهز الأرض بهدف خرافي ضد لوس أنجلوس! 🔥⚽️""",2025-04-10,687,4,3,https://youtu.be/Ndp9zU7QguY
هل كونتي هو الحل في يوفنتوس؟ وهل كونسيساو هو أول المتمردين على تيودور؟,2025-04-10,655,0,23,https://youtu.be/WdE-dLbB3ho
لــــو يصيــر ما يصيــر تبقى حبي الأولي انته والأخير 💙🥶🔥😘,2025-04-10,639,26,3,https://youtu.be/V01F5rHohhc
ملخص دوري الابطال ☺️ #برشلونة,2025-04-10,548,7,0,https://youtu.be/hpJuB58Xc1E
كيف يمكن لباريس سان جيرمان الفوز بالثلاثية ؟,2025-04-10,397,31,1,https://youtu.be/6uLLqBD_jKU
أشعلت غضب الجماهير.. 4 عوامل وراء خروج الترجي من دوري الأبطال : هل أضر حمدي المدب بفريق باب سويقة؟,2025-04-10,310,5,0,https://youtu.be/42Eq3ykJMeU
عاجل تفاصيل عقد زيزو مع الاهلي وتفاصيل تجديد رامي ربيعة وياسر ابراهيم مع الاهلي وحقيقة انتقال الونش,2025-04-10,278,3,0,https://youtu.be/35I9bKRgEs8
مانشستر سيتي فرصة كريستيانو رونالدو للظهور في كأس العالم للأندية .. ونجم اليونايتد السابق: سيعض يدك!,2025-04-10,203,1,0,https://youtu.be/Tl1R35byEdc
توقيت وموعد مباراة الزمالك القادمةبدوري نايل  بعد الهزيمة والخروج من الكونفيدرالية الأفريقية,2025-04-10,169,1,0,https://youtu.be/F15y4Yp9PHU
ماذا يتبقي في موسم الزمالك بعد وداع الكونفدرالية الإفريقية ؟ فرصة قريبة وهدف الصعود 🔥,2025-04-10,143,0,0,https://youtu.be/CemsfgQVbTQ
كريستيانو رونالدو vs محمد صلاح | مقارنة بين رونالدو وصلاح | إنجازات كريستيانو رونالدو ومحمد صلاح,2025-04-10,96,7,1,https://youtu.be/n2Zv1Kk_kTQ
تخمين في التسعين| زيزو مع الأهلي في كأس العالم و هزيمة الزمالك في القاهرة وتوديع الكونفدرالية,2025-04-10,66,2,5,https://youtu.be/vDB8zjh7b6c
تألق ميسي بعمر 37 وتأهل انتر ميامي الى نصف النهائي,2025-04-10,63,1,0,https://youtu.be/pQrtGEDWzW0
برنامج الكورة مع باسم| «سيدات طائرة الأهلي» يتأهل إلى نصف نهائي بطولة إفريقيا للأندية,2025-04-10,22,2,0,https://youtu.be/ZZ7J35JsESI
arsenal vs real Madrid #اهداف #شورتس_كورة #كرة_القدم #كورة #لقطات_كروية #viralvideo,2025-04-10,21,1,0,https://youtu.be/TrTyuXqdL3s
هـدف لامين يامال القاتل يحسم التأهل الى برشلونة باي دورتموند😎🔥,2025-04-10,15,4,0,https://youtu.be/ocZF5fHbeVw
• 🎥 كأس أبطال الكونكاكاف |**إنتر ميامي 3 - 1 لوس أنجلوس | اهداف اللقاء HD,2025-04-10,13,0,0,https://youtu.be/kk58i7R7oS0
موعد مباراة ريال مدريد ⚪ ضد 🆚 أرسنال 🔴 اليوم || في إياب ربع نهائي دوري الأبطال ,2025-04-10,12,1,0,https://youtu.be/Y-WwE72HQNc
هدف الجوله يُحسم باقدام اوناي😨🔥🔥#الاتحاد #fyp #ittihad #دوري_روشن_السعودي #جلد #هدف #العميد,2025-04-10,8,0,1,https://youtu.be/J1jhQn7pAJw
الاجواء بعد مباراة برشلونةوبروسيا,2025-04-10,2,0,0,https://youtu.be/SqDHWDHkdLg
"""منافسوا رينجرز وتوتنهام  | سيتي يسعى لجيماريش وتشيلسي يطارد بيلينجهام | رافينيا يستهدف رقم قياسي!""",2025-04-10,0,1,0,https://youtu.be/-ETF_Wj76xg
تحدي الثلاثين | تحدي الدوري الأسباني 🔥,2025-04-11,1108536,87632,2134,https://youtu.be/RFuzqBC3YD4
أستون فيلا وباريس سان جيرمان |  إياب الدور ربع النهائي من دوري أبطال أوروبا,2025-04-11,530091,315,13,https://youtu.be/aFQ-AX3hZ_Y
هل إنتهى حلم ريال مدريد في دوري الأبطال❗️وماذا ينتظر أرسنال في البرنابيو! 😱,2025-04-11,149287,9081,438,https://youtu.be/gVvdeRT9G4M
ملخص مباراة تونس ومالي | كأس أمم إفريقيا تحت 17 عاماً - الدور ربع النهائي,2025-04-11,135016,2301,477,https://youtu.be/0vTm_jjNJ2o
مباراة المغرب وكوت ديفوار في نصف نهائي كأس أفريقيا لأقل من 17 عام..مباراة بوركينا فاسو ومالي 🔥,2025-04-11,109665,5344,230,https://youtu.be/D1ivm9HrJok
ملخص مباراة الاهلي ونهضة بركان 2-0 | أهداف الأهلي في السوبر الأفريقي 2021 #الاهلي #الأهلي #shorts,2025-04-11,105287,1277,6,https://youtu.be/uHE3hbDlUkQ
ملخص مباراة الاتفاق 1 - 1 الهلال | الجولة ( 27 ) من دوري روشن السعودي للمحترفين 2024-2025,2025-04-11,103205,1230,183,https://youtu.be/DK61o_HOpfs
موعد مباراة الأهلي القادمة ضد بيراميدز في الجولة 2 من الدوري المصري 2025 والقنوات الناقلة,2025-04-11,57472,0,32,https://youtu.be/p6aUM1soMSQ
ريال مدريد | يستطيع العودة بالريمونتادا أمام ارسنال 🤯🔥,2025-04-11,34553,538,10,https://youtu.be/UCM_OD2UZpY
موعد مباراة ريال مدريد وارسنال في اياب دور ربع النهائي دوري أبطال أوروبا 2025💥  والقنوات الناقلة💥,2025-04-11,30395,633,43,https://youtu.be/kEq45ShbYbI
هدف خيالي يا ستار 🥶,2025-04-11,19229,244,2,https://youtu.be/wN9p_fTCIfw
أبرز ماقدمة #مهند_أبوطه أمام الأتحاد السعودي|ماهذه الثقة|مواجهة بنزيما,2025-04-11,18119,253,19,https://youtu.be/T68NuuIVYMQ
الدوري هلالي باذن الله 🔥🔥,2025-04-11,15640,250,18,https://youtu.be/A1RBZDSowoY
تصرف غريب من لودي😨!!! #الهلال#shorts,2025-04-11,14287,282,20,https://youtu.be/uPraX8-aFVY
ترتيب للاندية اكثر تسجيل للاهداف في دوري ابطال اوروبا حتى الان موسم 2024/ 2025,2025-04-11,13460,69,1,https://youtu.be/7lN9p-Vk-js
انفعال طارق دياب في الاستوديو بعد تحليل فلسفة فليك ..وحديثه عن جحيم الريال في النهائي✅ البارسا اليوم,2025-04-11,12641,220,4,https://youtu.be/CtXLCSRDBBk
مالكوم يعود بالهلال 🤩💙💙💙!!! #الهلال#shorts,2025-04-11,12111,340,33,https://youtu.be/83fCo4C4fZQ
موعد وتوقيت مباراة ريال مدريد وأرسنال في ربع نهائي دوري أبطال أوروبا 2025 والقنوات الناقلة,2025-04-11,11127,195,11,https://youtu.be/bt3x5V2ncPo
لامين يامال ريال مدريد.. نجم مفاجئ يشعل صراعا قويا بين المغرب وإسبانيا: من هو؟,2025-04-11,10002,279,1,https://youtu.be/-lD8yascTPE
دوري نجوم أريدُ | الأسبوع الحادي والعشرون | السد 3 - 0 الخور,2025-04-11,9678,222,22,https://youtu.be/mba55skRDPI
موعد مباراة برشلونة القادمة ضد ليجانيس في الجولة 31 من الدوري الإسباني 2025 والقنوات الناقلة,2025-04-11,9500,211,16,https://youtu.be/c-ei4Rqzkpg
مالديني فقد أعصابه بعد هدف ابنه في شباك ميلان 😳🔥 #shorts,2025-04-11,9402,154,0,https://youtu.be/qF-398_isvQ
شبانه يعرض قرار الكاف بإستبعاد صن داونز بعد الأخطاء التحكيمية أمام الترجي ورسميا الاهلي ف النهائي,2025-04-11,9281,215,7,https://youtu.be/3TO_vfJp57g
"قصة صيفية نارية 🚨🚨🚨""لن أنضم أبداً إلى فريق منافس في إسبانيا—لا أريد اللعب  👇👇",2025-04-11,8412,46,0,https://youtu.be/JaKn_cHAEoI
بث مباشر مباراة الهلال و الاتفاق اليوم في الدوري السعودي 2025 بث مباشر مباريات اليوم,2025-04-11,7280,21,0,https://youtu.be/rBSFOmrsXS0
هدف كيغسلاي إيدوه اليوم | أولمبي الشلف 0 وفاق سطيف 1 | الجولة 22 | الدوري الجزائري 2024-2025,2025-04-11,6947,46,1,https://youtu.be/GjMPZmXFyts
كلباء 1 - 2 شباب الأهلي | الجولة 21 | دوري أدنوك للمحترفين 2024-2025,2025-04-11,6930,163,2,https://youtu.be/9c3mcgTfHHE
موعد مباراة الأهلي القادمة ضد بيراميدز في الجولة 2 من الدوري المصري 2025 والقنوات الناقلة,2025-04-11,5694,161,0,https://youtu.be/u_s7w1HOqyI
مباراة ب 6 نقاط #alahly #الاهلي #بيراميدز,2025-04-11,5690,266,2,https://youtu.be/ANZY5EgnIPo
الاسطورة كويلار 💪😘🔥💙🥶,2025-04-11,5035,210,5,https://youtu.be/6oRL9tpwtYg
ترتيب الدوري العراقي بعد انتهاء مباريات اليوم الجمعة 11-4-2025 وترتيب الهدافين ونتائج المباريات,2025-04-11,5022,122,1,https://youtu.be/bXfEaQ0z-U4
الهلال يفتقد هذا القائد الكبير 💔🔥💙🥶,2025-04-11,4349,205,8,https://youtu.be/V5ruOFGlDeA
موعد مباراة الأهلي وبيراميدزالقادمة في الجولة 2 من الدوري المصري 2025,2025-04-11,3360,37,0,https://youtu.be/wNeg68xv_lQ
هدف الاتفاق عالمي,2025-04-11,3340,7,0,https://youtu.be/Ee4yTackcXw
من اجمل ما قيل عن الزعيم 🔥💙🥶😘,2025-04-11,3317,178,3,https://youtu.be/YXiVLVLZRxw
لن تقارع الهلال 💙🥶😘🔥💪,2025-04-11,3224,215,6,https://youtu.be/FSKjHyDFyps
رسمياً حكم مباراة الترجي وصنداونز يعترف بمجاملة صنداونز والكاف يعلن استبعادة وصعود الاهلي للنهائي,2025-04-11,3049,39,0,https://youtu.be/Q5xIWJI1-Nc
هدف ياسر القحطاني ضد النصر 2005- من اجمل اهداف ياسر 🔥🔥,2025-04-11,3011,78,2,https://youtu.be/GaksfLIoVdw
هلال قينيس 😔😔😔,2025-04-11,2594,164,5,https://youtu.be/7zJO-MKaHRo
عــااااااجل | الأهلي يواجه صن داونز في نصف النهائي.. المواعيد الرسمية لموقعة الحسم!,2025-04-11,2318,12,0,https://youtu.be/qLPfwdBteQA
مواعيد مباريات برشلونة المتبقية في موسم 2025,2025-04-11,2153,38,4,https://youtu.be/iPo7ZLW8Hz0
"لماذا نصب محمد صلاح نفسه ""ملكا لليفربول""؟",2025-04-11,1782,17,0,https://youtu.be/uxsgC4CDtV4
ردة فعل و غضب🤬 جماهير الهلال بعد التعثر |جيسوس انتهى🤯🤬,2025-04-11,1523,0,4,https://youtu.be/hZDtP6S_Yj4
ماذا قدم فلوران إيبينغي لفريق الهلال|الكورة مع سالم,2025-04-11,1231,45,14,https://youtu.be/bZQk6dPK1Sk
ريال مدريد بطل الدوري الاسباني 🔥🇪🇸🏆 #دوري_ابطال_اوروبا #fc24 #اشتراك_بالقناة #liverpool #ريال_مدريد,2025-04-11,1178,12,1,https://youtu.be/063eJzgn4Wo
#هدف #امام_عاشور في الهلال #الاهلي,2025-04-11,1145,9,0,https://youtu.be/QS1stwOKh6Q
#رونالدو #ريال_مدريد #دوري_ابطال_اوروبا #اتلتيكو_مدريد #الدوري_الاسباني #احمد_فتح_الله #ملخصات_كرة_ا,2025-04-11,1070,29,0,https://youtu.be/CW7UNVCg77o
ريال مدريد #ريال_مدريد #realmadrid #cr7 #football #اكسبلور #اشتراك,2025-04-11,1065,36,0,https://youtu.be/Lhstz04xvWM
أزمة مفاجئة تضرب الأهلي قبل نصف النهائي.. مصير بن شرقي على المحك!,2025-04-11,1057,10,0,https://youtu.be/AHlyBfRfYCw
وعــــدت نفـــسي ما اجيـك وجيـــــتـك...! 🔥🥶💙😍😘,2025-04-11,990,21,1,https://youtu.be/H5NuthS9t48
هداف الدورى وافريقيا #الاهلى #الاهلي,2025-04-11,963,18,0,https://youtu.be/Xp9lC1VaOlk
موعدهم #الاهلى #اهلاوي,2025-04-11,929,6,0,https://youtu.be/7WGySsGTwNo
شاهد مباراة الهلال و الاتفاق بث مباشر اليوم في الدوري السعودي 2025,2025-04-11,690,18,0,https://youtu.be/9434J0BCqIU
تخمين x التسعين | مواجهة نارية بين الأهلي و بيراميدز  - بطل الدورى,2025-04-11,588,4,4,https://youtu.be/cWl7bikgQGo
جاء ليكسر تماثيل أوروبا الثابتة.. 3 اسباب وراء تجديد صلاح مع ليفربول,2025-04-11,474,8,0,https://youtu.be/6w6H0Uwo00Y
ليفاندوفسكي يسجل هدف عالمي كعادته ❤️,2025-04-11,449,3,0,https://youtu.be/vEByGWGFuDE
افضل ثلاثي هجومي في أوروبا هذا الموسم.,2025-04-11,422,2,0,https://youtu.be/s0KHjaAFHy4
ملخص مباريات ذهاب ربع النهائى من دورى ابطال اوروبا ⚽🔥🤔,2025-04-11,417,5,0,https://youtu.be/WIc4nI67ggY
إنهيار ريال مدريد 🫣و تألق برشلونة و باريس و صراع التأهل بين انتر و البايرن 🤯,2025-04-11,319,23,0,https://youtu.be/-bh2AKtGy4o
تشكيله انتر ميلان تدي بايرن ميونيخ في دوري ابطال اوروبا 2024/2025 #shorts,2025-04-11,303,5,0,https://youtu.be/vciMXYpDRc8
مانشستر يونايتد يتعادل مع ليون ببركات أونانا تعادل مزعج | اموريم يسأل عن التشكيلة بإنتظار العودة,2025-04-11,297,40,23,https://youtu.be/ALGsaXQIkJA
تخمين في التسعين| تحرك عاجل من الزمالك ضد زيزو وهزيمة كارثية وتوديع الكونفدرالية,2025-04-11,238,2,4,https://youtu.be/nQXSJZQq-9s
مشوار منتخب مصر في أمم إفريقيا 2006.. رحلة التتويج التاريخي على أرض الفراعنة! 🇪🇬🏆🔥,2025-04-11,236,12,0,https://youtu.be/TmE17VXZofA
برشلونة يسحق دورتموند برباعية نظيفة بشكل مذهل في دوري ابطال اوروبا,2025-04-11,228,2,0,https://youtu.be/A-V6QxAVcGg
عاجل 🛑 اتهام كيليان مبابي بخسارة ريال مدريد مع ارسنال,2025-04-11,193,4,0,https://youtu.be/n_8QZTYW9XQ
احصائيات مباراة ريال مدريد وآرسنال,2025-04-11,112,7,0,https://youtu.be/DZnfIm_FMao
كريستيانو رونالدو vs لويس سواريز | مقارنة بين رونالدو وسواريز | إنجازات كريستيانو رونالدو ولويس,2025-04-11,101,3,1,https://youtu.be/m0HjK5jYTp4
تخمين في التسعين | مواجهة نارية - توقعات وتشكيلة مباراة الأهلي و بيراميدز  - بطل الدوري,2025-04-11,98,2,3,https://youtu.be/CwiG4yVcEA0
#أبطال_أوروبا هدف رافينها الثالث على بنفيكا,2025-04-11,77,1,0,https://youtu.be/3XfUMDcnrv4
الدوري الإسبانى مواعيد مباريات الجولة ال 31,2025-04-11,71,2,5,https://youtu.be/SY7_E9fFyrE
أول المتأهلين إلى نصف نهائي دوري أبطال أوروبا 😯,2025-04-11,56,14,4,https://youtu.be/zV53Eb1gF08
][ملخص ماتش ميلان ونابولي][2/1][اهداف ميلان ونابولي][2/1,2025-04-11,28,1,25,https://youtu.be/Xa0hlSGDSOs
أولمبي الشلف 0 وفاق سطيف 1  الجولة 22 الدوري الجزائري 2024-2025,2025-04-11,26,0,0,https://youtu.be/7lLlkbCvRW4
منافس الأهلي   صنداونز يطيح بـ الترجي وتأهل تاريخي لـ بيراميدز #الكورة_مع_الاسطورة,2025-04-11,19,0,0,https://youtu.be/5kWXMCQyBGU
هدف الاهلي السعودي الاول امام الرايد#الاهلي_السعودي,2025-04-11,16,1,0,https://youtu.be/7Mkw5oz7mm4
ملخص مباراة #ارسنال #ريال_مدريد مباراة #الذهاب #دوري_ابطال_اوروبا ربع النهائي,2025-04-11,15,3,0,https://youtu.be/i9WLCGfrN3k
ريال مدريد ضد ارسنال في ربع النهائي دوري ابطال اوروبا مباراه الاياب من تتوقع يفوز اكتب بالتعليقات,2025-04-11,6,0,0,https://youtu.be/HhYVb2Hi_Ns
ملخص مباراة مانشستر سيتي وكريستال بالاس (5-2) | الدوري الإنجليزي الممتاز - الجولة 32,2025-04-12,1998595,52132,1120,https://youtu.be/4CvCaenS848
مباراة | بيراميدز 1-1 الأهلي | الجولة التاسعة عشر | الدوري المصري 2024/2025,2025-04-12,1840514,19209,136,https://youtu.be/yjT7gLUAqEI
جحيم البرنابيو 🔥 هذا ما ينتظر أرسنال امام ريال مدريد في الإياب #shorts,2025-04-12,1818358,72681,879,https://youtu.be/8v2l5mlRGjo
ملخص مباراة النصر 2 - 1 الرياض | الجولة ( 27 ) من دوري روشن السعودي للمحترفين 2024-2025,2025-04-12,1155706,25354,1063,https://youtu.be/OqrrqjmfT_Y
ملخص مباراة ليغانيس وبرشلونة (0-1) | الدوري الإسباني - الجولة 31,2025-04-12,878361,25421,897,https://youtu.be/fqPjg34iabk
ملخص مباراة بايرن ميونيخ وبوروسيا دورتموند (2-2) | الدوري الألماني - الجولة 29,2025-04-12,606754,15717,420,https://youtu.be/pZAroMEbhfM
ملخص مباراة آرسنال وبرينتفورد (1-1) | الدوري الإنجليزي الممتاز - الجولة 32,2025-04-12,454552,10833,342,https://youtu.be/E7JOY43WL2A
ملخص مباراة | بيراميدز 1-1 الأهلي | الجولة التاسعة عشر | الدوري المصري 2024/2025 تعليق رؤوف خليف,2025-04-12,452835,4003,382,https://youtu.be/aFV1KIcVYYA
أهداف مباراة بيراميدز والأهلي 1/1 التعادل يسيطر على القمة النارية في دوري نايل,2025-04-12,178843,1800,183,https://youtu.be/kPU1HK9OYw8
أهداف مباراة مصر وأنجولا اليوم ( 2-1 ) هدف عالمي لحمزة عبد الكريم وتأهل مصر تحت 17 سنة لكاس العالم,2025-04-12,173376,1471,51,https://youtu.be/ay1oeJZ_eO4
ابو تريكة : جوارديولا اتجنن خلاص مكنش كدا والله 😂,2025-04-12,141224,1059,27,https://youtu.be/f6jt3EcpWdk
"كفاية قرف تعبنا 🙄 إقالة كولر مدرب الاهلي مطلب رسمي "" مباراة الاهلي وبيراميدز 1-1 ""| كابتن دوله",2025-04-12,91368,2542,138,https://youtu.be/PUdRsRkhWdA
أول تعليق من ابو تريكة بعد ريمونتادا مان سيتي امام كريستال بالاس 5-2 في الدوري الانجليزي,2025-04-12,30459,422,30,https://youtu.be/yjAQIAwbIqE
جانغ  مشتاق لـ علي البليهي 🤣🤣🤣🥶,2025-04-12,29874,590,8,https://youtu.be/bmfMQtbosvU
شدد مدرب آرسنال على صعوبة المباراة أمام الريال مدريد,2025-04-12,27263,406,3,https://youtu.be/6CRXmUmQs5o
افضل فريق في العالم 2025 🔥,2025-04-12,24442,1448,60,https://youtu.be/WceFxYjXRA8
#مبابي  المنحوس ، هل هو سبب النحس و عدم فوز مدريد بدورى الأبطال ؟!#دورى_ابطال_اوروبا #كأس_العالم,2025-04-12,22486,1733,5,https://youtu.be/pk0hby4gNjs
لحظة إصابة أحمد القندوسي الخطيرة بعد تدخل قوي من ياسين الملاح لاعب فاركو 😭💔,2025-04-12,20188,0,9,https://youtu.be/ROkwEuxwydE
تحليل الحالات التحكيميه لمباراة الاهلى بيراميدز وعدم احتساب ضربة جزاء للأهلى فضيحه تحكيميه,2025-04-12,19872,240,70,https://youtu.be/PZhNa6KoxIw
فرصة دوران😳🔥!!! #الهلال#shorts,2025-04-12,16858,266,10,https://youtu.be/tPyaCPKO3Ew
بطولة اتحاد غرب آسيا الخامسة للشابات - الأردن 2025 | مباراة (8) المباراة النهائية | الأردن وفلسطين,2025-04-12,15313,198,16,https://youtu.be/cMUn2OQHLok
ابو تريكة يشيد بالتقنية التسلل الجديدة في الدوري الانجليزي .. انقذت الحكم,2025-04-12,13509,96,6,https://youtu.be/ZXHUYXKFxUk
التحليل الكامل | مان سيتي 5-2 كريستال بالاس | ريمونتادا تاريخية | الدوري الانجليزي | محمد ابو تريكة,2025-04-12,13429,259,8,https://youtu.be/Iq52sWhmHmA
وش رايكم بالموضوع ؟ 🤔,2025-04-12,13281,274,10,https://youtu.be/7Oh0Vmsj3uE
احمد رضا سبب التعادل منقذ الاهلي👍 #اكسبلور #مصر #ترند #الاهلي #احمد_رضا,2025-04-12,12735,101,3,https://youtu.be/KCBCyPKVsLI
بعد فوز برشلونه..ترتيب الدوري الاسباني اليوم بعد انتهاء مباريات  اليوم السبت 12/4/2025 الجوله 31,2025-04-12,11458,90,16,https://youtu.be/6lCDCO1qUpo
رونالدو يحرم الرياض من الانتصار بثنائية 😨🔥!!! #الهلال#shorts,2025-04-12,11415,304,30,https://youtu.be/pn98FPKh_yc
من اجمل الاهداف الي ضيعه ميتروفيتش 👀💔!!! #الهلال#shorts,2025-04-12,11096,245,29,https://youtu.be/pmZn3zopNgs
ترتيب الدوري المصري بعد تعادل الاهلي مع بيراميدز اليوم السبت 13/4/2025وموعد مباراة الأهلي القادمه,2025-04-12,8941,36,1,https://youtu.be/5bosRNeAEK0
الهلال ما يشوف احد 😏😎🔥,2025-04-12,8565,223,7,https://youtu.be/XHtlgMj97EA
هدف التعادل النصر عن طريق رونالدو😱🔥!!! #الهلال#shorts,2025-04-12,8148,233,22,https://youtu.be/NuLgZhUQ75o
ابو تريكة : جوارديولا لو مصعدش دوري الابطال الموسم القادم هتبقى كارثة,2025-04-12,7722,151,4,https://youtu.be/1VbN9Nxnw0M
هدف كريستيانو الثاني للنصر ضد الرياض,2025-04-12,7246,139,0,https://youtu.be/ANXrlhAYbIo
ملخص الاهلي اليوم الاهلي وبيراميدز #امام_عاشور  #football #دوريابطالافريقيا,2025-04-12,7032,0,0,https://youtu.be/gc3iqftUCHg
من وين جيتنا يا ميترو 🔥😂,2025-04-12,6794,137,14,https://youtu.be/ZnqKM1ThRGU
تصرف مثير من ريجيكامب بعد توديع الترجي لدوري أبطال أفريقيا.. ماذا فعل؟,2025-04-12,6780,129,0,https://youtu.be/YF_u46r-Z-4
بث مباشر مباراة الهلال و الاتفاق اليوم في الدوري السعودي 2025 بث مباشر مباريات اليوم,2025-04-12,6623,21,0,https://youtu.be/SA7cbkfZLfI
ما يشوفهم شي 🤣🤣💪🔥💙,2025-04-12,5393,183,5,https://youtu.be/F4p0zlHx31k
كيف أصبح بلايلي والجبري أفضل لاعبين في دوري أبطال أفريقيا رغم خروج الترجي؟,2025-04-12,4954,194,0,https://youtu.be/pzzfPWDp4mk
أكثر 5 فرق وصولًا لنهائي دوري أبطال أوروبا,2025-04-12,4398,62,0,https://youtu.be/X4U7-_PoXnA
مبارة الموسم بالنسبة لريال مدريد ضد أرسنال في الإياب الريمونتادة المنتظرة 😮💥 #shorts,2025-04-12,4331,113,4,https://youtu.be/g1hUC9nrVps
أعلى أجر في تاريخ ليفربول.. الكشف عن راتب محمد صلاح,2025-04-12,4226,77,0,https://youtu.be/Cbco1_38erE
حفل نيمار اقوى حفل 🔥😍,2025-04-12,3885,130,9,https://youtu.be/N8z56UQ6NSo
هتافات خاصة من جماهير الأهلي لمحمد الشناوي قبل مباراة بيراميدز,2025-04-12,3553,37,0,https://youtu.be/CwtSlERugZ0
وسع وسع الأهلي في النهائي رسميا بعد إستبعاد صن داونز بخطأ تحكيمي واضح الفيفا تدخل وانصف الترجي إلغاء,2025-04-12,2806,66,5,https://youtu.be/ge6zNqhJfj8
فرحة ابو تريكة بفوز السيتي اليوم بنتيجة 5-2 علي كريستال بالاس وتصريح جوارديولا بعد المباراة !!,2025-04-12,2341,42,2,https://youtu.be/LoKs5X8-e5M
موعد مباراة برشلونة وبوروسيا دورتموند القادمة في اياب ربع نهائي دوري ابطال اوروبا والقنوات الناقلة,2025-04-12,2258,56,1,https://youtu.be/YVO4dYfrDi0
هدف الأسطورة  سامي الجابر في شباك النصر عام 1411هـ 😍😘🔥,2025-04-12,2231,48,2,https://youtu.be/IveVkAEkBcE
رحيل كولرعن النادي الاهلي رسميا بعد تعادله مع بيراميدز 🔥🤔🔥🔥,2025-04-12,2119,19,2,https://youtu.be/_wQ2ni-hPvU
لحظة إصابة أحمد القندوسي الخطيرة بعد تدخل قوي من ياسين الملاح لاعب فاركو 😱😭💔,2025-04-12,2057,6,4,https://youtu.be/Xo-JHDax77U
أفراح داخل الاهلي بعد إعلان إستبعاد صنداونز من البطولة شوبير يعلنها رسميا الأهلي فالنهائي بامر الكاف,2025-04-12,1894,58,3,https://youtu.be/VR6l_W9cK18
#ريال_مدريد يتوعد الارسنال ب جحيم البرنابيو 🔥,2025-04-12,1471,39,7,https://youtu.be/ATpqCxy-Q-A
إستفاقة إمام عاشور أخر 20دقيقه من المباراة ولا يجب خروج بن شرقي,2025-04-12,1436,49,0,https://youtu.be/MhC6RdWRZkw
عاجل ورسميا الكاف يامر بصعود الأهلي مباشرة للنهائي واستبعاد صنداونز بعد شكوى الترجي علي التحكيم,2025-04-12,1426,20,1,https://youtu.be/H9pJHkfQEr8
رحيل كولر عن النادي الاهلي الاهلي يتعادل مع بيراميدز,2025-04-12,1203,36,1,https://youtu.be/jPA7-aubHoQ
هدف كومارسي الرائع في ميونخ!,2025-04-12,1097,8,0,https://youtu.be/EhLT5UetXI4
تخمين x التسعين | تشكيل الأهلي المتوقع لمباراة بيراميدز قمة الدوري - نقاط القوة والضعف-مبارة الموسم,2025-04-12,1089,8,6,https://youtu.be/QrTeThSN8l4
والله مضحك هالمدرب 🥶😡😡🔥,2025-04-12,1045,16,1,https://youtu.be/CWM5VOXCXs4
عاجل ورسميا بقرار من الكاف صعود الاهلي للمباراة النهائية واستبعاد صنداونز من البطولة بعد شكوى الترجي,2025-04-12,995,5,1,https://youtu.be/yRn1hHV40LY
"""الأهلى يقابل صنداونز في أسوء ملاعب جنوب أفريقيا: مواجهة ناريه",2025-04-12,930,7,0,https://youtu.be/rMG6_e20uyg
البرشلوني الحالى وصوره كأس العالم لميسي #دوري_ابطال_اوروبا #ريال_مدريد #برشلونه #ميسي_برشلونة,2025-04-12,786,13,0,https://youtu.be/Fs6BkXKiYCc
الاهلى يتعادل مع بيراميدز 1_1 في الوقت القائل بهدف احمد رضا 🦅 #الاهلي #ذيع_في_السريع,2025-04-12,637,17,1,https://youtu.be/bPb5bqnlYF8
يوفنتوس يفوز على ليتشي | شوط نظيف وشوط سخيف! 🤷🏻‍♂️🔥,2025-04-12,524,0,11,https://youtu.be/mY4D6oiNP14
اخبار مانشستر يونايتد | مواجهة نيوكاسل في البريميرليج | إشاعات الانتقالات | تصريحات أموريم,2025-04-12,396,44,24,https://youtu.be/-T9zP-VM_3k
موعد مباراة الاهلي وبيراميدز اليوم في الدوري المصري بالجولة 2 من مجموعة البطولة,2025-04-12,272,5,0,https://youtu.be/CgGj3LHQ2wk
اهداف كارلوس إدواردو على الاتحاد 🔥💙,2025-04-12,172,8,4,https://youtu.be/89IvahH5rI0
تشكيله إنتر ميلان في دوري ابطال اوروبا 2024/2025#shorts,2025-04-12,161,9,0,https://youtu.be/cu7cPem02p0
ث مباشر مباراة الهلال و الاتفاق اليوم في الدوري السعودي 2025 بث مباشر مباريات اليوم,2025-04-12,108,0,0,https://youtu.be/esoNS4HVCqA
بث مباشر مباراة الهلال و الاتفاق اليوم في الدوري السعودي 2025 بث مباشر مباريات اليوم,2025-04-12,100,0,0,https://youtu.be/pl3Xj6CrO9k
هدف مجنون على الطاير لتاليسكا بعد مغادرته النصر مع الفريق التركي فنربخشة,2025-04-12,86,2,1,https://youtu.be/MCezDVTAjeM
ث مباشر مباراة الهلال و الاتفاق اليوم في الدوري السعودي 2025 بث مباشر مباريات اليوم,2025-04-12,59,0,0,https://youtu.be/NaE6INElAfc
اقالة كولر/ الاهلى يتعادل مع بيراميدز / خماسية منتظرة فى جنوب افريقيا,2025-04-12,40,7,5,https://youtu.be/bvJDjwu8F38
هل يمكن للهلال تحقيق الفوز على ريال مدريد؟,2025-04-12,23,2,0,https://youtu.be/uDwOiyBIE_g
برشلونة بيكتسح بروسيا برباعية 🤯 و يصبح أول المتاهلين لنصف نهائي الابطال 🔥💪,2025-04-12,21,6,1,https://youtu.be/2h0RANyhwH8
نيمار vs جواو فيليكس | مقارنة بين نيمار وجواو فيليكس | إنجازات نيمار وجواو فيليكس,2025-04-12,19,0,0,https://youtu.be/nhi8AIHLON4
هدف مجنون من كريستيانو من منتصف الملعب و أسست لا يرحم🔥,2025-04-12,18,2,1,https://youtu.be/zAA_ZFpw9kI
اهداف برشلونه ضد نورتمود 4:0 #اكسبلور,2025-04-12,18,2,0,https://youtu.be/DbsWBDyILdM
من مباراة اليوم حارس الخليج يرتكب خطأ غريب و غير متوقع ضد الفتح,2025-04-12,16,2,0,https://youtu.be/qi9uywT2jFw
تسديدة صاروخية  على الطاير ولا اروع من الاسطورة الدون كرستيانو رونالدو في مرمى الرياض,2025-04-12,11,1,0,https://youtu.be/MjtgoF7D41Q
مفاجأة تشكيل الأهلي ضد الهلال السوداني   كولر يعتمد على رباعي هجومي,2025-04-12,10,0,0,https://youtu.be/Cqd0j5jbY7M
تعليق من الماجيكو محمد ابو تريكه بعد تجديد الملك المصري محمد صلاح عقده مع ليفربول حتي عام 2027,2025-04-12,1,0,0,https://youtu.be/4FVmVK3ibuo
ملخص مباراة ليفربول ووست هام (2-1) | الدوري الإنجليزي الممتاز - الجولة 32,2025-04-13,1173696,27311,478,https://youtu.be/QiIzrFQId9E
ملخص مباراة نيوكاسل ومانشستر يونايتد (4-1) | الدوري الإنجليزي الممتاز - الجولة 32,2025-04-13,1137457,28361,807,https://youtu.be/DOnZtmuHckE
ملخص مباراة ألافيش وريال مدريد (0-1) | الدوري الإسباني - الجولة 31,2025-04-13,837955,23880,540,https://youtu.be/_zjXF_1c3FY
أجمل هدف في دوري أبطال أفريقيا هذا العام عن طريق كهربا 🔥 دبل كيك عالمي 😱 #الاهلي #الأهلي #shorts,2025-04-13,257421,2226,12,https://youtu.be/udI_96OpJQ4
ركلات ترجيح مباراة السعودية و اليابان | ربع نهائي كأس آسيا للناشئين تحت 17 سنة 13-4-2025,2025-04-13,246732,3405,613,https://youtu.be/-f66ZM2jnCk
#مشجع_اهلاوي للكابتن علاء ميهوب كولو يمشي هنتغلب من صن داونز أنا كنت هموت#الاهلي #الزمالك #shorts,2025-04-13,218034,1178,20,https://youtu.be/vRnLcn0EFp4
انفعال تريكه في الاستوديو علي ارني سلوت بعد تغيير محمد صلاح وفوز ليفربول علي ويست هام,2025-04-13,217781,1848,86,https://youtu.be/IGax314RCeE
🔴 بث مباشر لمباراة الأهلي والزمالك نهائي البطولة الافريقية للاندية للكرة الطائرة  Al Ahly 🆚 Zamalek,2025-04-13,154133,769,29,https://youtu.be/mayu05eY2Kw
ملخص مباراة النصر 2 - 1 الرياض | دوري روشن السعودي 24/25 | الجولة 27 AlNassr Vs AlRiyadh highlights,2025-04-13,84868,2312,122,https://youtu.be/aIeqvgPWnGw
ملخص مباراة اليابان والسعودية (2-2) | كأس آسيا تحت 17 عاماً - ربع النهائي,2025-04-13,84775,1966,257,https://youtu.be/1sEzcIKSxZ0
تحليل مباراة ريال و ديبورتيفو ألافيس1-0 فوز صعب للملكي.. ألافيس يُحرج ريال مدريد حتى الدقيقة الأخيرة,2025-04-13,77173,990,68,https://youtu.be/dVg8Iks7_bA
ياسر القحطاني بين الحاضر والماضي 💙🔥😘💔,2025-04-13,76006,363,14,https://youtu.be/n9GQrLl_83I
هدف عالمي في دوري النجوم العراق والمعلق غير عالم✌️✋☹️😱🤔 #بث_مباشر_مباريات_اليوم#shrots,2025-04-13,61792,899,15,https://youtu.be/EnA5hI3mkAs
موعد مباراة الأهلي وصن داونز القادمة في نصف نهائي دوري ابطال افريقيا 2025 💥 والقنوات الناقلة💥,2025-04-13,56166,0,25,https://youtu.be/AztebYX4uHU
درس قاسي من ابو تريكة لـ اموريم بعد هزيمة مان يونايتد من نيوكاسل 4-1,2025-04-13,52128,616,44,https://youtu.be/2czSmXQZHNQ
المغرب وتونس في مجموعة واحدة وفعة قوية لجدة قبل مواجهة النصر وفشل موحد يجمع موكوينا والشابي وايت منى,2025-04-13,51548,432,0,https://youtu.be/ciGrK95yE9Q
مبابي يُطرد في مباراة ريال مدريد اليوم ضد ألافيس، فهل يغيب عن الكلاسيكو؟,2025-04-13,44831,1190,103,https://youtu.be/GSNWIDiE7Ks
محمد ابو تريكة : صعبان عليا اللي بيلعب علي محمد صلاح .. حرام الواد وشه اصفر,2025-04-13,44312,356,26,https://youtu.be/WhgNcgyA3i4
نتائج ذهاب ربع نهائي دوري أبطال أوروبا,2025-04-13,33767,476,7,https://youtu.be/S7mv-xjBOdg
راح وقفى في طريقة 💔💙,2025-04-13,30854,465,26,https://youtu.be/_x6BL2lktcA
موعد مباراة ريال مدريد ضد ألافيس اليوم في الدوري الإسباني 2025 والقنوات الناقلة,2025-04-13,28341,181,7,https://youtu.be/QWeQaJDsDBE
موعد مباراة الاهلي وصن داونز في ذهاب نصف نهائي دوري ابطال افريقيا والتوقيت والقنوات الناقلة,2025-04-13,28169,362,12,https://youtu.be/gB8Zo4rypY8
رابطة الأندية تعدل مواعيد الجولة الأخيرة لكأس رابطة الأندية دون اعتبار لمشاركة الأهلي وبيراميدز في ن,2025-04-13,25695,23,0,https://youtu.be/a5yiSKZbj9A
اختلف ميولهم واتفقوا على قوة الهلال👏💙 #71,2025-04-13,22108,249,20,https://youtu.be/zDJ1M9R-P0k
من هو بطل دوري الابطال 2025 🎁🔥,2025-04-13,21789,774,16,https://youtu.be/9K7BwmqoF9E
الهلال مسوي لهم رعب حتى وهو في أسوأ ايامه 🤣🤣🤣🥶,2025-04-13,19246,183,10,https://youtu.be/ZGBp4wGj8FE
برايك ماهو هدف الجولة 😰🔥!!! #الهلال#shorts,2025-04-13,17301,409,128,https://youtu.be/BStL5PdHO70
تعليق تريكه علي تجديد فان دايك مع ليفربول و تعليقه علي طرد كليان مبابي,2025-04-13,16998,210,3,https://youtu.be/DAH0r0ViCk8
التحليل الكامل | ليفربول 2-1 ويست هام | الدوري الانجليزي | محمد ابو تريكة,2025-04-13,15699,222,10,https://youtu.be/pcPTzM-1Vdo
أحياناً لا تريد ان يشاهدك الآخرون في وضعيه الانهيار 💔,2025-04-13,15655,296,5,https://youtu.be/kNQ9h2NChwQ
موعد مباراة ريال مدريد وارسنال القادمة في اياب ربع نهائي دوري ابطال اوروبا والقنوات الناقلة,2025-04-13,15619,220,22,https://youtu.be/mHqtMZtBFpI
مشاهدة مباراة النادى الأهلى أمام نادى بيراميدز في بطولة الدورى المصرى,2025-04-13,14587,45,0,https://youtu.be/ka3J9hV2rd4
إمام عاشور المقاتل في مباراة بيراميدز لقطة المباراة ابو الرجولة #الاهلي #ذيع_في_السريع,2025-04-13,14085,147,7,https://youtu.be/dqzbV_rfRqg
ماحد عارف الي حصل 💔💙💙🥶,2025-04-13,11796,235,18,https://youtu.be/MNjeafPc3wE
موعد مباراة  دهوك ضد   القادسية فى الجولة   نهائي من دوري أبطال الخليج,2025-04-13,10951,194,22,https://youtu.be/kOGGsyiwogM
لقطة طرد كليان مبابي 💔/ مباراة ريال مدريد و ألافيس 1-0 في الدوري الإسباني,2025-04-13,9164,0,3,https://youtu.be/0kf9-XG7qF0
أخطر فرصة لـ كايو ترتطم في العارضة 👀!!! #الهلال#shorts,2025-04-13,8626,239,20,https://youtu.be/0hRlV2ya-ik
موعد مباراة الاهلي وفاركو في كاس رابطة الاندية والتوقيت والقنوات الناقلة,2025-04-13,7691,91,10,https://youtu.be/jG320ttSFqE
شوبير يحسم الجدل حول إعادة مباراة الأهلي والزمالك,2025-04-13,6532,62,0,https://youtu.be/dl2Fmly7AHg
مواعيد مباراه الأهلى و صن داونز فى نصف النهائي لدوري أبطال أفريقيا 11,2025-04-13,5871,13,0,https://youtu.be/I89aToBm1Zo
مواعيد مباراه الأهلى و صن داونز فى نصف النهائي لدوري أبطال أفريقيا 11,2025-04-13,5871,13,0,https://youtu.be/I89aToBm1Zo
قصة السحر لدى كارلو أنشيلوتي سيستخدمها ضد أرسنال من أجل الريمونتادة 😮💥 #shorts,2025-04-13,5807,171,6,https://youtu.be/aaeTCWTaTJg
نقطة مهمة يجب أن يضعها الريال في اعتباره قبل لقاء أرسنال.🤯 #realmadrid #football #ريال_مدريد #ارسنال,2025-04-13,5453,211,3,https://youtu.be/H187Rm19xz8
#الاهلي #الزمالك #اهلاوي #دوريابطالافريقيا #اكسبلور,2025-04-13,5064,21,1,https://youtu.be/0F9PjG4TmDQ
هل سوف يغيب مبابي عن كلاسيكو ؟ #ريال_مدريد #مبابي ٪#مباريات_اليوم #كلاسيكو_الارض,2025-04-13,4230,84,2,https://youtu.be/Dcgh-PwzuqA
كليان مبابي يحصل على البطاقة الحمراء مع ريال مدريد 😰😰#ريال_مدريد #لايك #ترند #اكسبلور #مصر,2025-04-13,3580,12,1,https://youtu.be/GTAew7UD24o
هدف من المبدع ديكلان رايس🎯🪄,2025-04-13,3537,34,0,https://youtu.be/lnkKfsHqpPI
هدف من المبدع ديكلان رايس🎯🪄,2025-04-13,3537,34,0,https://youtu.be/lnkKfsHqpPI
فتيات الذهب.. محمد صبري يشيد بفريق الطائرة بعد الفوز ببطولة افريقيا على حساب الأهلي - ستوديو الزمالك,2025-04-13,3464,102,6,https://youtu.be/kBGJig4vPk8
الزمالك يشارك في دوري ابطال افريقيا لو القانون الطبق 🔥 ناصر منسي لسا هايج ويسجل هدف وبقى هداف الدوري,2025-04-13,3057,346,30,https://youtu.be/XviqS0lQs9A
كيفن دي بروين سيغادر مانشستر سيتي #football #اليورو,2025-04-13,3030,22,0,https://youtu.be/FmmmmcA-kUQ
كيفن دي بروين سيغادر مانشستر سيتي #football #اليورو,2025-04-13,3030,22,0,https://youtu.be/FmmmmcA-kUQ
وفيك بنفتخر مالنا حُب سواااااك 💙🥶😘🔥😍,2025-04-13,2492,89,5,https://youtu.be/VNshkYcBOtI
الأهلى لو وصل النهائي فى دورى الأبطال مباراه العوده هتكون... #اهلاوي #الاهلي #صلاح,2025-04-13,2317,28,0,https://youtu.be/PnYs_xhFP8A
موعد مباراه الاهلي القادمه - موعد مباراه الاهلي وصن داونز القادمه في دوري ابطال افريقيا,2025-04-13,1834,15,0,https://youtu.be/ATl4Bh6DxS0
موعد مباراة الشارقة ضد   التعاون فى الجولة   نصف نهائي  من دوري أبطال آسيا 2,2025-04-13,1820,14,0,https://youtu.be/ioB8wfpbIU8
أصغر اللاعبين الذين سجلوا أهدافًا في كأس العالم ودوري أبطال أوروبا واليورو واليوروباليغ 🔥⚽️,2025-04-13,1791,29,2,https://youtu.be/g8unK6P6oP0
#الاهلي #اهلاوي #الزمالك #دوريابطالافريقيا #اكسبلور,2025-04-13,1729,19,0,https://youtu.be/ABOHlFNKLJM
بالنيران الصديقة.. برشلونة يقترب من حسم لقب الدوري بخطوة ثمينة! 🔥🏆⚽,2025-04-13,1429,14,0,https://youtu.be/lqhxCN5n_7Y
ريال مدريد قادر على الريمونتادا #lion_moaz #ريال_مدريد #اليون #معاذ #football #كرة_قدم,2025-04-13,1399,77,0,https://youtu.be/EFcIAAl4ujk
اليوم خسارة ريال مدريد وتوسيع الفارق 😁#ردة_فعل #ريال_مدريد ##برشلونة #عبسي_البرشلوني #اكسبلور,2025-04-13,1380,50,1,https://youtu.be/OJ4_4FRCXAs
الهلال مسوي لهم رعب حتى وهو في أسوأ ايامه 🤣🤣🔥😘💙,2025-04-13,1376,8,0,https://youtu.be/vF1CTqPGC_M
نيفييز 😌😌 #الهلال #اكسبلور #السعودية #مدريد #مانشستر_يونايتد #alhilal #المنتخب_السعودي #روبن_نيفيز,2025-04-13,1327,27,8,https://youtu.be/b2_eUxXfP0U
فريق آرسنال لم يكن يتوقع أن يهزم الريال مدريد,2025-04-13,1304,25,0,https://youtu.be/jmVyUkOq2zQ
تبقى ملك 💙 عرش الفؤاد وتمتلك 💙😘😍🥶,2025-04-13,1250,47,2,https://youtu.be/AVX204VrHNI
ترتيب الدوري الانجليزي بعد انتهاء مباريات اليوم الاحد 13 - 4 - 2025 بعد فوز ليفربول وهزيمة اليونايتد,2025-04-13,1209,12,6,https://youtu.be/ArSeJCavEOw
انفراد.. مصطفى محمد يضع شرطاً مثيراً للانضمام إلى الأهلي قبل مونديال الأندية!,2025-04-13,1188,8,0,https://youtu.be/8t6U_fTK9JQ
الهلال امانه حافظوا عليها 🔥🥶💙😍,2025-04-13,1176,15,1,https://youtu.be/HQd8GclunmU
أملنا فيكم كبير يا ملوك اوروبا 🙏🤍💥ريال مدريد vs  ارسنال 💥#ريال_مدريد  #هدف  #realmadrid,2025-04-13,1102,21,2,https://youtu.be/bchehsCtroA
مع أم ضد رحيل كولر عن الأهلي؟ #الأهلي #كأس_العالم_للأندية #دوري_أبطال_أفريقيا #الأهلي_صن_داونز,2025-04-13,1098,5,0,https://youtu.be/mVwUiD6tjUE
موعد مباراة برشلونة ضد دورتموند في دوري أبطال أوروبا 2025 والقنوات الناقلة,2025-04-13,1035,16,0,https://youtu.be/01Usq-py5QQ
فوز سيدات الزمالك بي دوري ابطال افريقيا وفريق الزمالك يفوز علي حرس الحدود 2/0,2025-04-13,997,7,1,https://youtu.be/OdpfhNBhWiw
هدف صاروخى #صنداونز من شوية #موكوينا #football #الاهلى #اكسبلور,2025-04-13,969,10,0,https://youtu.be/C5wKa8ieydI
بيراميدز والاهلي #الاهلي #اكسبلور#youtubeshorts #كرة_القدم #الدوري_المصري #امام_عاشور #بيراميدز#كولر,2025-04-13,952,10,0,https://youtu.be/swOjDKW24Y4
اختلف ميولهم واتفقوا على قوة الهلال 🔥🤌🙃 #21,2025-04-13,943,6,0,https://youtu.be/w3GB9rRca5M
الليله يا مدريد #ريال_مدريد. @realmadrid,2025-04-13,943,11,0,https://youtu.be/s16xat-6tbM
راح وقفى في طريقة💔💙,2025-04-13,903,8,0,https://youtu.be/cnAOYdwmJ9s
ماهي توقعاتكم ؟ هل ريال مدريد قادر على ريمونتادا ؟,2025-04-13,845,29,5,https://youtu.be/DshDQon9ku4
موعد مباراة الأهلي و صن دوانز القادمة | نصف نهائي دوري ابطال افريقيا 2025 والقنوات الناقله,2025-04-13,763,7,0,https://youtu.be/271AGq_2nus
مدريد بأعلى مستوى يتجهز للأبطال 💪#مدريد #ارسنال #الدوري #برشلونه #مبابي #تييك #ترند #الابطال #fyp,2025-04-13,762,11,0,https://youtu.be/MwaDgiz3ABY
اخبار النادى الأهلى  | رحيل وسام ابو على عن النادى الأهلى بعرض مالى ضخم والبديل مصطفى محمد,2025-04-13,740,5,0,https://youtu.be/Iio7VFllBSI
3 خطوات تنقذ موسم الترجي .. و6 قرارات نارية من نادي باب سويقة بعد أزمة يوسف بلايلي: ما التصعيد الخط,2025-04-13,545,13,1,https://youtu.be/Rfa1NIIZ3Ks
موعد وتوقيت مباراة ريال مدريد و ارسنال في إياب ربع النهائي دوري أبطال أوروبا 2025 والقنوات الناقلة,2025-04-13,478,2,0,https://youtu.be/StJ-hTNnvNA
تخمين في التسعين | زيزو مع الأهلي في كأس العالم و تصريحات والد زيزو,2025-04-13,258,2,4,https://youtu.be/pFu8YRuttA8
#الليغا| #ريال_مدريد يحقق فوزاً ثميناً في الليغا قبيل موقعة البرينابيو! #explore #اكسبلور #shorts,2025-04-13,242,1,0,https://youtu.be/l0dOD95SWU0
موعد مباراة دورتموند ضد   برشلونة فى الجولة  ربع نهائي من دوري أبطال أوروبا,2025-04-13,213,3,0,https://youtu.be/w-iPYlGUKv0
موعد وتوقيت مباريات دوري ابطال اوروبا 2025 اياب ربع النهائي الثلاثاء 15-4-2025,2025-04-13,206,1,0,https://youtu.be/PCrtfzZGXjA
مباراه الريال مدريد ضد الافيس توقعات مباراه تشكيله,2025-04-13,168,0,0,https://youtu.be/_PhFLW-HBnI
هدف مجنون من شاكيري على طريقه البلياردو 🎱,2025-04-13,140,1,0,https://youtu.be/DRUkOE7T_fI
تبقى ملك 💙 عرش الفؤاد وتمتلك 💙🔥😘,2025-04-13,135,2,0,https://youtu.be/kqoYOTxAsLw
موعد مباراه مانشستر يونايتد و ليون القادمة في إياب الدوري الأوروبي والقنوات الناقلة,2025-04-13,126,1,0,https://youtu.be/IRo6m-2Xhv0
هل هناك ريمونتاد قادمة لريال مدريد ضد ارسنال في ملعب البرنابيو,2025-04-13,110,2,0,https://youtu.be/6WvLDC_Rb2k
الاهلي ضاع وبيرميدز بطل الدوري والكاس وابطال افريقيا,2025-04-13,108,0,0,https://youtu.be/XJ2lL-M2mys
نيمار vs أنطوان جريزمان | مقارنة بين نيمار وأنطوان جريزمان | إنجازات نيمار وأنطوان جريزمان,2025-04-13,104,4,1,https://youtu.be/hVIkSMnmzAo
كريستيانو رونالدو vs كريم بنزيما | مقارنة بين رونالدو وبنزيما | إنجازات كريستيانو رونالدو وبنزيما,2025-04-13,91,4,0,https://youtu.be/LO0-pgNhQXQ
تدخل مبابي العنيف على لاعب ألافيس والذي يستحق على الطرد,2025-04-13,90,7,0,https://youtu.be/JAhu7tUq2iw
كولر يسابق الزمن للرحيل من الأهلي .. والزمالك والأهلي صدام جديد لزعامة الكرة الطائرة الأفريقية,2025-04-13,65,0,0,https://youtu.be/8sp0tDjXl50
الهلال ما يشوف احد 🔥😍😏,2025-04-13,47,5,0,https://youtu.be/VICggOmxXxM
فوز بشق الأنفس لنادي ريال مدريد 🥶.,2025-04-13,28,1,0,https://youtu.be/-aFw-uj6IAI
كولر مين اللي يمشي ؟ رد فعل مباراة الأهلي و بيراميدز 1-1,2025-04-13,28,0,0,https://youtu.be/a4ckji7xxMc
الاسطورة كرستيانو رونالدو يلتقط علبه الماء بطريقتة الخاصه,2025-04-13,8,1,0,https://youtu.be/uBrm8UepcjM
لاعبين اتظلموا مع مارسيل كولر #الاهلي,2025-04-13,7,0,0,https://youtu.be/6RDOGpz_i5I
Camvinga best in the match#realmadrid #cr7 #football #ريال_مدريد #spanishfootballteam,2025-04-13,3,0,0,https://youtu.be/E4Evx4xUWwM
برشلونة يفوز ويعزز صدارته لليجا 🔵🔴 🇪🇸🥇,2025-04-13,3,1,0,https://youtu.be/ONbGF_6zRZ0
تحليل مباراة #ديبرتيفو #ألافيش و#ريال_مدريد #الليغا #اشترك_بالقناة,2025-04-13,2,1,0,https://youtu.be/IJJG8VRwhbY
"Vinicius Jr. showcases explosive speed, elite dribbling, tight ball control, and clinical finishing",2025-04-13,0,0,0,https://youtu.be/UYpJyvb7KWM
ميعاد مباراة صن داونز ضد الأهلي و اورلاندو ضد بيراميدز في نصف نهائي دوري أبطال أفريقيا 2025 #الاهلي,2025-04-14,225637,0,0,https://youtu.be/VvzvEwLfiM0
ملخص مباراة الدرعية والعُلا | لن تصدق أن هذه مباراة في الدرجة الثانية | حضور جماهيري مرعب و تيفو !!,2025-04-14,103409,799,259,https://youtu.be/NctKUEt-77M
موعد مباراة ريال مدريد القادمة ضد أرسنال في إياب دور ربع النهائي من دوري الأبطال2025والقنوات الناقلة,2025-04-14,36532,525,27,https://youtu.be/CvaHbw2r9d8
اكثر الأندية تحقيقاً لبطولة دوري أبطال أوروبا في دور الـ8 😍🏆,2025-04-14,32420,116,0,https://youtu.be/e986CwZ9g9M
الموعد الجديد لمباراة الأهلي القادمة ضد فاركو في الجولة 3 من كأس الرابطة 2025 والقنوات الناقلة,2025-04-14,29165,0,10,https://youtu.be/JOkbyJOUmWU
مافي صعب على الهلال 💙😘🙃🥶🔥🤌,2025-04-14,22518,578,18,https://youtu.be/wy_Sw5PMDdw
#برشلونة #ريال_مدريد #football #barcelona #realmadrid #uefachampionsleague #explore #laliga توقعاتك,2025-04-14,19014,0,1,https://youtu.be/xMtXwd12Y6Q
اسياء تعرف زعيمها 💙🥶😘🔥💪,2025-04-14,17883,428,16,https://youtu.be/-ULJTwWOwhk
كيليان مبابي سوف يغيب مباراة واحدة فقط عن مباراة ريال مدريد نتيجة الطرد#ريال_مدريد,2025-04-14,17066,304,0,https://youtu.be/hAwBS4Ydf3U
ماريقا يضع الهدف الاول في شباك العلا بـ اسيست خيالي😳😨🔥!!! #الهلال#shorts,2025-04-14,15292,335,16,https://youtu.be/r4oyV9K6XQg
موعد مباراة برشلونة القادمة ضد بروسيا دورتموند في اياب ربع نهائي دوري الأبطال 2025 والقنوات الناقلة,2025-04-14,13046,222,10,https://youtu.be/W07HfhiJJOQ
عودة زيزو للزمالك بعد التوقيع للاهلي علاء صادق رحيل كولر وعودة فايلر لتدريب الاهلي في كاس العالم,2025-04-14,12957,161,0,https://youtu.be/E21txt1WySs
هلال قينس للأرقام القياسية😔💙!!! #الهلال#shorts,2025-04-14,12108,476,33,https://youtu.be/vgupp9L5WmY
تمريرة خطيرة من ماريقا لكن لم تكتمل 🥶🔥!!! #الهلال#shorts,2025-04-14,11830,252,18,https://youtu.be/QWp_vymq5dY
موعد مباراة الاهلي وصن داونز 🔥 بيراميدز واورلاندو بايرتس 🔥 نصف نهائي دوري ابطال افريقيا 2025,2025-04-14,8835,76,6,https://youtu.be/Dr62TvPmRWA
يالعقل كده واحد رايح كأس عالم  كمان شهرين ومنضم لنادي بيلعب دوري الابطال وواخد فلوس تكفيه هو واحفاد,2025-04-14,8831,96,0,https://youtu.be/IZfdhf5kVYg
انفراد/تفاصيل عقد محمد شريف مع الزمالك🏹باي باي بسيرو/ناصر ماهر ولعها🔥خبر سعيد لجمهور الزمالك,2025-04-14,8830,670,77,https://youtu.be/hOASHsFKX28
توقعات مباريات اليوم الثلاثاء Pronostic Football  15.04.2025 #دوري_ابطال_اوروبا  #championsleague,2025-04-14,8351,385,740,https://youtu.be/gQ_R-WcrqtY
موعد مباراة دهوك والقادسيه الكويتي في إياب نهائي ابطال الخليج للأندية التوقيت والقنوات الناقله,2025-04-14,7868,108,4,https://youtu.be/3GJsGbLZOwY
هنا تعرف انو الكوره مو بالقوه البدنيه الكوره بالعقل 😍😘💙🥶🔥,2025-04-14,7238,129,8,https://youtu.be/KlhcqhdORY8
اسيا مالها إلا رجالها 🙃😏😎💪🔥,2025-04-14,7159,227,13,https://youtu.be/U-3pGmJQWXk
الأهلي يمنج كولر الفرصة الأخيرة| بيراميدز يهدد رابطة الأندية| رد فعل ناصر ماهر بعد خصم مستحقاته,2025-04-14,6488,205,12,https://youtu.be/ugpRR2IoueA
أخبار الترجي 👈 الإدارة تحدد أول المغادرين للفريق ⏳ الترجي يبدأ الميركاتو مبكرا بصفقة عالمية,2025-04-14,6371,86,2,https://youtu.be/mJefbiGtqJE
مهارات محمد الشلهوب الموهوب 😍🔥💙🥶,2025-04-14,4929,86,4,https://youtu.be/PZlLLKN2xkY
لا يبعدنا عنك حزن او هزيمه 💪😘🔥💙🥶😍,2025-04-14,4244,168,6,https://youtu.be/IKmBqbz_aCw
مواجهة الشارقة والتعاون ستُحسم بالتفاصيل الصغيرة,2025-04-14,4212,12,0,https://youtu.be/-clFW0gxjpI
رسميا موعد مباراة الاهلي وصنداونز وأولاندو وبيراميدز ذهابا وإيابا #الاهلي #اهلاوي #اكسبلور #news,2025-04-14,3566,23,0,https://youtu.be/0IrhofcYKvg
من المحتمل أن يغيب كيليان مبابي عن نهائي كأس ملك ريال مدريد ضد برشلونة بسبب الطرد#ريال_مدريد,2025-04-14,3565,12,0,https://youtu.be/m6gAQdfS3NY
موعد مباره ليفربول القادمه أمام ليستر سيتى فى الدورى الإنجليزي والقنوات الناقلة | مباره حسم الدورى 🔥,2025-04-14,3464,64,3,https://youtu.be/wjwgBdJGhhc
الضحايا كثر في البرنابيو 🥶👌🏻 #ريال_مدريد #برشلونة #ارسنال #دوري_ابطال_اوروبا #football #shorts,2025-04-14,3240,155,1,https://youtu.be/oipexu47yDQ
ليه راموس بيلبس رقم 93 #shortvideo #ريال_مدريد #football #كرة_القدم #realmadrid #shorts #ronaldo,2025-04-14,3140,57,5,https://youtu.be/5LFTZC_ZlkU
توقعات مباريات اليوم الثلاثاء دوري أبطال أوروبا cote sport 1xbet Gooobet,2025-04-14,3076,51,2,https://youtu.be/5iWA-7mMg8k
لِـ اسيا زعيـم (واحــد) 💙🥶🔥💪😘🇸🇦,2025-04-14,2829,177,3,https://youtu.be/WzNO1Ab35BM
إيقاف مبابي فرصة ذهبية أمام ليفاندوفسكي.🤯 #مبابي #ليفاندوفسكي #ريال_مدريد #برشلونة #football #shorts,2025-04-14,2510,72,1,https://youtu.be/RisEoTCKQK0
دوري ابطال اوروبا جدول المباريات,2025-04-14,2325,15,0,https://youtu.be/Bh-du_PNHqo
عائدون لمعشوقتنا 💙🔥😘🥶💙,2025-04-14,2321,111,1,https://youtu.be/VU7PqiXVd-Q
هل تعرف ماذا يعني بالنسبة لمحبيك يوم الحب ؟🥶💙🔥😘😍💪,2025-04-14,2221,131,6,https://youtu.be/20ukaC4ra0M
صاحب الامل الذي لا يموت 🤫😘😍🔥💙🥶,2025-04-14,2216,105,10,https://youtu.be/I-sKFE7-Vok
مباراة ميلان ويوفنتوس الأكثر عنفا في تاريخ الكالتشيو,2025-04-14,2189,24,0,https://youtu.be/vrWEMQ0bPBY
اسيا مالها إلا رجالها 🙃😏😎💪🔥,2025-04-14,2051,46,0,https://youtu.be/cxf0OM0wess
سيف زاهر يكشف حقيقة حرمان زيزو من المشاركة في كأس العالم مع الاهلي ورحيل كولر عن الاهلي بقرار الخطيب,2025-04-14,2043,15,1,https://youtu.be/GbeRXorMvew
محمد الدعيع وحسين عبد الغني الاهلي قادر على تحقيق كأس النخبة 🔥وعفيفي يايسلة افضل مدرب بالدوري💚,2025-04-14,1624,38,32,https://youtu.be/otOVvCMBTMQ
موعد مباراة الاهلي و ماميلودي صنداونز نصف نهائي دوري أبطال أفريقيا,2025-04-14,1582,17,2,https://youtu.be/sNHeH10MQCg
في مباراة في كأس #النرويج لـ #كرة_القدم  جائزة رجل المباراة  #كأس_العالم_للأندية #دوري_ابطال_اوروبا,2025-04-14,1485,17,2,https://youtu.be/1vXkJaumTaU
هجوم شرس ولافتة مثيرة.. جماهير الترجي تهاجم إدارة النادي وضربة جديدة لدفاع فريق باب سويقة,2025-04-14,1426,11,0,https://youtu.be/Hsn2k6UyRo0
أنه الهلال يـ سادة 💙😘🔥🥶😏,2025-04-14,1372,18,0,https://youtu.be/TrT5WKsLSSo
موعد مباراة الشارقة   ضد   التعاون فى الجولة   نصف نهائي  مندوري أبطال آسيا 2,2025-04-14,1345,4,0,https://youtu.be/jylU3xf6Z6E
‏الأهلي هيلعب ‏في الكونفدرالية ‏بعد التعادل مع بيراميدز,2025-04-14,1329,8,0,https://youtu.be/E4IiJW-xtEQ
موعد وتوقيت مباراة برشلونة ضد دورتموند🔥اياب ربع نهائي دوري أبطال أوروبا #برشلونة #football #dortmund,2025-04-14,1327,26,0,https://youtu.be/0PKbaIe7drM
مواعيد مباريات اليوم الثلاثاء 15-4-2025 *مباريات دورى ابطال اوروبا اليوم*,2025-04-14,1304,20,0,https://youtu.be/U69Xeb2Gkdk
بسبب 20 مليون دولار..أزمة في مولودية الجزائر: النادي يفاجئ الجماهير بقرار سار لتعويض الخروج الأفريقي,2025-04-14,1249,5,4,https://youtu.be/ObVQAiDBvkU
عاجل ورسميا الحكم يعترف بمجاملة صنداونز ورسميا الكاف يعلن استبعاد صنداونز وصعود الاهلي للنهائي,2025-04-14,1219,7,0,https://youtu.be/1JEVX5HwOoU
الهلال مش مرحلة 🤫🔥🔥💙🥶😍,2025-04-14,1164,54,7,https://youtu.be/jZ_BfpmpWXk
بأذن الله السنه ذي لنا 🥶💙🔥😘😏💪🤌,2025-04-14,1056,22,3,https://youtu.be/vYIUyRmxVic
مافي صعب على الهلال 💙😘🙃🥶🔥🤌,2025-04-14,1044,22,0,https://youtu.be/252TnfQFrAs
قرار جديد من الأهلي بشأن مباراة فاركو بكأس عاصمة مصر,2025-04-14,1030,18,1,https://youtu.be/Xz4BMaZ-8y8
جدول مواعيد مباريات يوم الثلاثاء 15-4-2025 والقنوات المفتوحة الناقلة,2025-04-14,1015,4,0,https://youtu.be/XLkR3pu7Hz0
لِـ اسيا زعيـم (واحــد) 💙🥶🔥💪😘🇸🇦,2025-04-14,1013,15,0,https://youtu.be/5wYNMKrsRhQ
رسمياً تحديد موعد مباراة الاهلي وصن دوانز في نصف نهائي دوري أبطال أفريقيا 2025 والقنوات الناقله,2025-04-14,1008,12,0,https://youtu.be/YN4NUt7APXc
عائدون لمعشوقتنا 💙🔥😘🥶💙,2025-04-14,1003,16,0,https://youtu.be/A6YJdJR1W80
الأهلي فوق الجميع والجميع أعتقد أن الاهلي أنهزم ولاكن الأهلي يعود من جديد,2025-04-14,947,11,0,https://youtu.be/CLTLCe_8ykY
اسياء تعرف زعيمها 💙🥶😘🔥💪,2025-04-14,914,5,0,https://youtu.be/9JwMt36S-aA
وفاء جمهور الهلال في نهائي أبطال آسيا 💙💙😘🔥🥶,2025-04-14,872,26,4,https://youtu.be/X_0g2QkTCTQ
عماد السالمي يتحدث عن الهلال 🔥🥶💙🙃,2025-04-14,817,5,0,https://youtu.be/lsOQy21XV3w
الموهبه ضائعة في ريال مدريد #ميسي #اكسبلور #كرة_قدم,2025-04-14,791,8,0,https://youtu.be/r9m-LaDe6nk
اهداف أندريه كاريو مع الهلال الجزء الاول 😘🔥💙🥶,2025-04-14,602,8,0,https://youtu.be/9xURN58wngg
موعد مباراة الاهلي وفاركو القادمة في الجولة 5 من كاس عاصمة مصر والقنوات الناقلة,2025-04-14,571,9,3,https://youtu.be/1BCo-xwVh7o
عاجل ورسميا محمد شريف ينتقل الي الزمالك وتفاصيل العقد ورد الاهلي علي طلب محمد شريف للعودة للاهلي,2025-04-14,472,3,0,https://youtu.be/WByQlFYnyNQ
يااااه يابو هادي 💙🔥😘🥶💔,2025-04-14,431,19,3,https://youtu.be/2akxzRamWqY
مهارة و اهداف الاسطورة نواف التمياط مع المنتخب والهلال 🔥💙🇸🇦🥶,2025-04-14,417,15,4,https://youtu.be/Rzi4vVBcGPs
الشلهوب الموهوب اهداف من وحي الخيال 😍😘🔥🥶,2025-04-14,375,18,1,https://youtu.be/sfVQ7Zs0tB0
سنعود اقوى  سنعود كما كنا  سنعود أفضل إن شاءلله 😘🔥🥶💙😍,2025-04-14,370,10,0,https://youtu.be/m22mW4CXZdE
موعد مباراة برشلونة وبوروسيا دورتموند اليوم في اياب ربع نهائي دوري أبطال أوروبا والقنوات المفتوحة,2025-04-14,308,5,0,https://youtu.be/CexkFETNkog
توقعات لأنديه يتأهلون الى نصف النهائي دوري ابطال |ريمونتادا مدريد#ريال_مدريد #الارسنال #برشلونة,2025-04-14,298,17,15,https://youtu.be/C1OHz2LF-nI
موعد وتوقيت مباراة ريال مدريد وبرشلونة في نهائي كأس الملك الاسباني 2025 🔥 القنوات الناقلة والتوقيت 🔥,2025-04-14,289,6,0,https://youtu.be/Xg5ADuLotrw
نتائج المباراة 31 من الدورى الاسبانى كاملة,2025-04-14,220,1,0,https://youtu.be/viyQoBynr4o
"غوارديولا يشيد بعمر مرموش: ""يشم رائحة الأهداف ويصنع الفارق دائمًا!"" 🔥⚽🇪🇬",2025-04-14,211,29,0,https://youtu.be/gpNJNo_wdyQ
أهم مباريات اليوم الثلاثاء 2025/4/15 القنوات الناقلة والمعلقين,2025-04-14,127,0,0,https://youtu.be/cDNlOg-ezAQ
إقرا الخبر.. بيسيرو: قدمنا مباراة جيدة أمام الحرس.. والأمر لم يكن سهلاً - نهارك أبيض,2025-04-14,120,5,0,https://youtu.be/ZQIc7Z-C1NE
توقعات مباريات دوري ابطال اوروبا اليوم الثلاثاء |PREDICTION FOOTBALL 15-04-2025#championsleague,2025-04-14,97,4,2,https://youtu.be/xnY4a2tf0K4
الدوري الفرنسي نتائج مباريات الجولة ال 29,2025-04-14,89,2,2,https://youtu.be/ZE8uta2H480
تحدي الكويرة  (𝟐) ⚽| 𝟐𝟎 سؤال في الكورة للحريفة 😉,2025-04-14,78,1,0,https://youtu.be/LJo9yNh2apQ
كريستيانو رونالدو vs زين الدين زيدان | مقارنة بين رونالدو وزيدان | إنجازات كريستيانو رونالدو  وزيدان,2025-04-14,56,0,0,https://youtu.be/kTORnk0sM3o
"""صحصح معايا يا أهلاوي.. أخبار نارية من قلب النادي قبل موقعة الهلال!""",2025-04-14,37,3,0,https://youtu.be/uLHbRBwmPqo
هدف #رونالدو #النصر الثاني على نادي #الرياض,2025-04-14,18,1,0,https://youtu.be/IG6LU-XhjLU
الأهلى و سيدنى الاسترالى 2/1 كأس العالم للأندية 2005,2025-04-14,7,2,0,https://youtu.be/eQAJ4QgCOTs
هل ليفربول بطل الدوري الانجليزي 2025 💚💙 ( أسرار خفايا ) 🥶🔥,2025-04-14,6,1,0,https://youtu.be/g04gSuM617w
ملخص_مباراة_ريال_مدريد_والافيس_1-0_-_اهداف_مباراة_ريال_مدريد_والافيس_-_اهداف_ريال_مدريد_اليوم(480p),2025-04-14,5,0,0,https://youtu.be/Xj617IS7OhU
تدخل مبابي كان وحشيا وعنيفا | ما هي العقوبة التي يستحقها؟,2025-04-14,2,0,0,https://youtu.be/KHdBC7eZBjc
ملخص مباراة أستون فيلا وباريس سان جيرمان (3-2) | دوري أبطال أوروبا - إياب الدور ربع النهائي,2025-04-15,3517100,76651,1610,https://youtu.be/jhgNSBzzvzQ
#ستوديو_اندية_الخليج مع علاء هيجل .. المباراة النهائية  | #دهوك_العراقي VS #القادسية_الكويتي,2025-04-15,315443,6046,161,https://youtu.be/ghdd0e19bGI
ملخص دهوك العراقي و القادسية الكويتي | نهائي مجنون وحضور جماهيري كبير | إياب نهائي دوري أبطال الخليج,2025-04-15,284130,5785,1083,https://youtu.be/keiumiYdzxc
لحظه طرد بيتر كوركيس هذا طرد وين طرد😱✋😧 #بث_مباشر_مباريات_اليوم#shrots,2025-04-15,252499,777,187,https://youtu.be/qRhQmUNezhA
احتفالات لاعبي دهوك والجماهير بعد الفوز بكأس دوري ابطال الخليج على القادسية الكويتي,2025-04-15,137906,2389,28,https://youtu.be/9m0tu3Fn6i0
هدف يوسف الثنيان على النصر تكتيك خورافي 😍😘🔥💙😎,2025-04-15,115698,541,21,https://youtu.be/4iM68P5QFyY
بعيد عن الميول الهدف هذا مستحيل تنساه 🥶🔥💙🤣,2025-04-15,95024,681,58,https://youtu.be/neX4bazFY7s
تقرير رائع وكلام كبير عن ريال مدريد قبل مواجهة أرسنال ريمونتادا أو خروج مهين؟! | غيابات ريال مدريد,2025-04-15,69597,1191,96,https://youtu.be/6yYlD_13JsY
#برشلونة #ريال_مدريد #دوري_ابطال_اوروبا #realmadrid #barcelona #uefachampionsleague #explore نتائج,2025-04-15,56758,0,4,https://youtu.be/jc-ranPBHeE
#الأهلي_فوق_الجميع #الاهلي #الأهلي,2025-04-15,54414,1181,12,https://youtu.be/f3uZcbZ25u4
دهوك بطل لدوري أبطال الخليج  / توّج بلقب دوري أبطال الخليج للمرة الأولى في تاريخه,2025-04-15,43090,466,11,https://youtu.be/0UCUBf7ZyLY
الشارقة يبلغ نهائي دوري أبطال آسيا 2,2025-04-15,36887,1181,60,https://youtu.be/L36pnmeoldg
#دوري_ابطال_اوروبا| لا مفاجآت تذكر في مواجهات الليلة! #explore #اكسبلور #shorts #football #ronaldo,2025-04-15,29996,60,0,https://youtu.be/pNjmQEV00-w
هدف أشرف حكيمي اليوم في دوري أبطال أوروبا ضد أستون فيلا #أشرف_حكيمي,2025-04-15,22725,508,12,https://youtu.be/hBp7a8V0DeE
ركزت البليهي 3 بطولات 🤣🤣🤣,2025-04-15,19709,345,13,https://youtu.be/-ISv9ycxp_Q
مفاجأة كبيرة لجماهير النادي الإفريقي في الديربي أمام الترجي.. ماذا حدث؟,2025-04-15,18947,258,5,https://youtu.be/jASuSh52FcY
موعد مباراة الأهلي وصن داونز وتعديل ميعاد مباراة الأهلي و فاركو في كأس الرابطة😮🧐 #الزمالك #الاهلي,2025-04-15,16303,143,1,https://youtu.be/WZWvkjcZ4kc
هناك ثار لابد أن يسترد🫵🏻⌛💙!!! #الهلال#shorts,2025-04-15,15308,549,58,https://youtu.be/L2hxUZC6q9g
ملخص مباراة باريس سان جيرمان واستون فيلا 3-2 | أهداف مباراة باريس واستون فيلا | تأهل باريس,2025-04-15,13048,35,0,https://youtu.be/9B1bN2cAZe8
موعد مباراه منتخب المغرب ومالي نهائي كأس إفريقيا للناشئين تحت سن 17 عام المغرب 2025,2025-04-15,10041,192,11,https://youtu.be/9BQf89ag5JY
توقعات مباريات اليوم الاربعاء Pronostic Football  16.04.2025 #دوري_ابطال_اوروبا  #championsleague,2025-04-15,9904,523,1045,https://youtu.be/AXRqLjKs4Y0
تأهل حكيمي للنصف النهائي 🔥⚽,2025-04-15,9382,47,0,https://youtu.be/sRr1oiQ75VA
الأكثر تفوقا.. توغاي مدافع الترجي يحقق رقما مذهلا رغم الخروج من دوري الأبطال,2025-04-15,9359,176,1,https://youtu.be/82NH-kSRxIU
هل يعود رونالدو لريال مدريد ؟,2025-04-15,8796,328,1,https://youtu.be/UWTusvPQH64
رح يزعلهم كلامك ي كبتن 🤣🤣🔥,2025-04-15,7859,221,13,https://youtu.be/Nk_9XFw8DdA
عطني أجمل وصف بها لمقطع؟ 🔥🥴🤔🙃,2025-04-15,7609,190,24,https://youtu.be/6h9m7GVvQV8
إصابات تكسر ريال مدريد على عمل ريمنتادا على آرسنال 🔥 ريال مدريد ضد آرسنال ⚽ من الدوري أبطال أوروبا 🏆,2025-04-15,7380,0,5,https://youtu.be/M00IbWxDsao
جميع اهداف لامين يامال مع برشلونة في موسم 25/2024 حتي الان 🔥 هدف لامين يمال اليوم 💥,2025-04-15,7145,125,2,https://youtu.be/egs40bToSGI
أسيست حكيمي في دوري ابطال اوروبا/سرعة النمر,2025-04-15,6291,62,3,https://youtu.be/qN2c2LmMu60
ملخص مباراة ريال مدريد وارسنال الليله التي سحق فيها مدريد #ريال_مدريد #كرة_القدم #ارسنال,2025-04-15,6283,0,2,https://youtu.be/cDIp8sPn8uE
تصديات الأسـد بلعروش أمام الكوت ديفوار | التأهّل التاريخي إلى النهائي! 🇲🇦🦁🔥,2025-04-15,5276,69,0,https://youtu.be/3hAHK_f6sxo
منتخب المغرب للفوتصال يكتسح أفغانستان 4/7  التصنيف الجديد للمنتخب المغربي للفوتصال,2025-04-15,4864,162,5,https://youtu.be/fPr1wJ53UYE
مباراة الشارقة الاماراتي والتعاون السعودي اليوم في إياب نصف نهائي دوري ابطال اسيا 2. توقيت والقنوات,2025-04-15,4831,8,0,https://youtu.be/A2oZdnAhAOc
وعد بيريز للاعبي الريال حال تحقيق الريمونتادا! !,2025-04-15,4555,237,0,https://youtu.be/kMX1nozMIeQ
القنوات الناقلة لمباراة الشارقة  و التعاون اليوم في نصف نهائي دورى ابطال أسيا 2025,2025-04-15,4409,13,0,https://youtu.be/vk7VWk12fac
#football #egypt هدف كهرباء الايقوني في الهلال السوداني في دورى ابطال افريقيا,2025-04-15,4305,54,0,https://youtu.be/y0JCZWo5z14
موهوب يسجل الركلة الترجيحية الأخيرة و فرحة التأهل إلى النهائي 🇲🇦🦁🔥,2025-04-15,3767,50,2,https://youtu.be/8vi74rdd3Ps
لعنة الريال و الريمونتادا ضد آرسنال #realmadrid #ريال_مدريد #football #كرة_القدم #spain #shorts,2025-04-15,3483,42,0,https://youtu.be/XJrmaYd1lug
الصعوبات تنتظر الأرسنال في البرنابيو!! #ريال_مدريد #أرسنال #دوري_الأبطال #البرنابيو #كاماتشو,2025-04-15,3381,281,4,https://youtu.be/a6pL6WH4XGo
أهداف #نهائي #بطولة #الخليج  مبارة #دهوك  و #القادسية #نهائي_بطولة_الخليج,2025-04-15,3376,98,2,https://youtu.be/X1awYCSqhn8
هدف ريفيلينو يحسم الدوري 1979 💪🏻🔥,2025-04-15,3361,57,6,https://youtu.be/9eTJ_OnNFaY
لوكا مودريتش يوبخ كيليان امبابي #football #shortvideo #shorts #kylianmbappe #realmadrid #lukamodric,2025-04-15,3322,36,3,https://youtu.be/ibvE86yyYxo
لوكا مودريتش يوبخ كيليان امبابي #football #shortvideo #shorts #kylianmbappe #realmadrid #lukamodric,2025-04-15,3322,36,3,https://youtu.be/ibvE86yyYxo
الاهلى يعلن عن مفاجاة فى قرار الخطيب النهائى فى اقالة كولر بعد سفره مع الفريق لجنوب افريقيا,2025-04-15,3103,95,3,https://youtu.be/MYO2cpgENBw
مهما إبتعد سيعود أقوى مماكان 🤌🔥💙😘🥶,2025-04-15,3074,106,4,https://youtu.be/NeDDnf3qQm8
ريال مدريد في ارسنال إياب ربع نهائي دوري الأبطال 16إبريل #ريال_مدريد #أرسنل #MadridReal #سنتياجوبرنا,2025-04-15,3074,20,0,https://youtu.be/gZail13ldr4
أنتم زعماء القارة💙🔥😘🥶💪,2025-04-15,3003,125,6,https://youtu.be/YYA5EoOSzjg
فوز الاهلى على بيراميدز |موعد سفر الاهلى بسب الطيران|الدورى المصرى ف اوربا والبرازيل|طموح زيزو اهلاو,2025-04-15,2810,13,0,https://youtu.be/mU9UesgKuuk
ضع توقعك لمباراة الموسم في #دوري_ابطال_اوروبا ⚔️🔥 #براهيم_دياز #ريال_مدريد #المغرب #morocco #maroc,2025-04-15,2649,31,11,https://youtu.be/cEBXh1uguuw
دوري ابطال اوروبا الطريق الى نهائي,2025-04-15,2280,20,0,https://youtu.be/oAX7qgafFPA
متى سيعود مرعب الجميع 😎🔥💙😍,2025-04-15,2204,161,5,https://youtu.be/pQxCC5pE2YY
🔥 الفرق المتأهلة إلى الدور نصف النهائي 🔥#دوري_أبطال_أوروبا #برشلونة #باريس_سان_جيرمان,2025-04-15,1965,19,0,https://youtu.be/EslXkpQho-I
مباريات اليوم #دوري_ابطال_اوروبا #برشلونة #باريس_سان_جيرمان,2025-04-15,1820,24,1,https://youtu.be/bcMj_J1_6Y0
ردة فعل الجماهير 🔥على مدرب الهلال الجديد انزاقي : 😨| طقم الهلالالجديد🔥,2025-04-15,1810,0,2,https://youtu.be/O8RwvLczylo
بعد انتهاء أزمة الطائره .. قائمة الأهلى لمواجهة صنداونز,2025-04-15,1741,11,0,https://youtu.be/hfyGu16nPIM
التحليل الكامل لمباريات دوري أبطال أوروبا اليوم بتاريخ 15/4/2025,2025-04-15,1654,26,1,https://youtu.be/zuSLaFNCrY0
1/نحو المجد/ طريق ريال مدريد لتحقيق دوري ابطال اوروبا المعجزة عام 2022 (الجزء الثاني),2025-04-15,1619,33,0,https://youtu.be/2DbXeN4KOY0
قائمة الأهلي لمباراة صن داونز في ذهاب نصف نهائي دوري أبطال إفريقيا,2025-04-15,1615,11,0,https://youtu.be/XWcXkpEx8ns
موعد مباراه الاهلي القادمه - موعد مباراه الاهلي وصن داونز القادمه في دوري الابطال,2025-04-15,1562,19,0,https://youtu.be/Xm_eUTzTYkA
موعد مباراه الاهلي القادمه - موعد مباراه الاهلي وصن داونز القادمه في دوري الابطال,2025-04-15,1562,19,0,https://youtu.be/Xm_eUTzTYkA
قمه مرتقبة بين باريس و استون فيلا #دوري_أبطال_أوروبا #ucl,2025-04-15,1511,15,0,https://youtu.be/eIwyLZHZhKk
المقارنة بين بطولات وألقاب ميلان وإنتر ميلان,2025-04-15,1487,11,0,https://youtu.be/CGrj6ETBs6A
توقعات مباريات اليوم الأربعاء دوري ابطال اوروبا cote sport 1xbet Gooobet,2025-04-15,1444,17,3,https://youtu.be/3LlNzWeirt0
توقعات مباريات اليوم الأربعاء دوري ابطال اوروبا cote sport 1xbet Gooobet,2025-04-15,1444,17,3,https://youtu.be/3LlNzWeirt0
موعد مباراة ريال مدريد وبرشلونه في نهائي كأس ملك إسبانيا 2025 والقنوات الناقله,2025-04-15,1388,18,0,https://youtu.be/CbjwhU2kiUI
موعد مباراة ريال مدريد وبرشلونه في نهائي كأس ملك إسبانيا 2025 والقنوات الناقله,2025-04-15,1388,18,0,https://youtu.be/CbjwhU2kiUI
بيراميدز والاهلي2#الاهلي #اكسبلور#youtubeshorts #كرة_القدم #الدوري_المصري #امام_عاشور #بيراميدز#كولر,2025-04-15,1328,20,0,https://youtu.be/z57NA_FsMj4
مباريات الشامبيونز ليج اليوم الثلاثاء 🇲🇦🇲🇦⚽⚽,2025-04-15,1290,12,0,https://youtu.be/u7l2abEJFow
⚽️🔥 ليلة حاسمة في دوري الأبطال!مباريات منتظرة اليوم في إياب ربع نهائي #دوري_أبطال_أوروبا #UCL,2025-04-15,1253,9,0,https://youtu.be/Z17eLRiqT7Y
موعد مباراة الاهلي وفاركو اليوم في كأس عاصمة مصر الجوله 5💥 التوقيت والقنوات الناقلة,2025-04-15,1252,11,4,https://youtu.be/bwjbvmKKlk0
موعد مباراة الاهلي وصن داونز في نصف نهائي دوري أبطال افريقيا !!والقنوات الناقلة,2025-04-15,1227,14,3,https://youtu.be/9Ur4RWwfMIk
موعد وتوقيت مباراة ريال مدريد ضد برشلونة في نهائي كاس ملك إسبانيا 2025 والقنوات الناقلة,2025-04-15,1214,33,6,https://youtu.be/IBM9m5hln0M
فوزان صعبان لبرشلونة وريال مدريد في ظل اشتعال الليجا ..وليفربول يلامس لقب البريميرليج رقم 20,2025-04-15,1190,42,2,https://youtu.be/6TpAmnSHc2A
انا الهلال انا الزعيم 💪🔥😎💙,2025-04-15,1186,29,4,https://youtu.be/rDK22fxvbG8
#دوري_أبطال_أوروبا #نهائي_2025 #كرة_القدم #رياضة #أخبار_الرياضة,2025-04-15,1166,16,0,https://youtu.be/5eZBRtb1AVY
🔥 الفرق المتأهلة إلى الدور نصف النهائي 🔥#دوري_أبطال_أوروبا #برشلونة #باريس_سان_جيرمان,2025-04-15,1163,12,0,https://youtu.be/Ag7Pjzezibk
الحال في البطولة العشوائية في نهاية الموسم,2025-04-15,1095,4,0,https://youtu.be/z867zCKYhHU
توقعات دوري ابطال اوروبا🏆⚽️ #دوري_ابطال_اوروبا #shorts #ريال_مدريد #برشلونة #ليفربول #viral #كرة_قدم,2025-04-15,1041,18,3,https://youtu.be/SNQVF-dz8PY
نتيجة مباراة استون فيلا وباريس سان جيرمان#دوري_أبطال_أوروبا #استون_فيلا #باريس_سان_جيرمان#UCL,2025-04-15,1031,17,0,https://youtu.be/_LwDsYsQ9SM
جدول مواعيد مباريات يوم الاربعاء 16-4-2025 والقنوات المفتوحة الناقلة,2025-04-15,961,12,0,https://youtu.be/DDPqAKVa3bA
علي معلول و كولر وقائمة مبارة  الاهلي و صن داونز. #الاهلي #علي_معلول #كولر #احمد_السيد_اهلاوي,2025-04-15,953,12,1,https://youtu.be/wyDAE2zrIaA
برشلونة يبلغ نصف نهائي أمجد الكؤوس #دوري_أبطال_أوروبا #دورتموند_برشلونة#UCL #BVBBarca,2025-04-15,946,18,0,https://youtu.be/WWrIjcbD6Kg
مواعيد مباريات اليوم الاربعاء 16-4-2025 *مباريات دورى ابطال اوروبا و الدورى الانجليزى اليوم*,2025-04-15,939,21,0,https://youtu.be/skFZXjfdpXo
دي مارزيو: إنتر أقوى دفاع في أوروبا,2025-04-15,889,22,1,https://youtu.be/r8Lkuew47fA
النجم المغربي  يقود باريس سان جرمان لنصف نهائي دوري الأبطال #أشرف_حكيمي #المنتخب_المغربي,2025-04-15,879,5,2,https://youtu.be/D1ky8m33UFs
رايك في انتقال الخاين الي الاهلي ؟ هل مع زيزو ام ضد ؟,2025-04-15,858,11,0,https://youtu.be/Pqy7gjQfoEk
تشابي الونسو رفض بايرن ميونخ و ليفربول #برشلونة #ريال_مدريد #رونالدو #ميسي #مبابي #ارسنال #ميلان,2025-04-15,817,0,0,https://youtu.be/ydFx4VDB1go
موعد مباراه الاهلي القادمه - موعد مباراه الاهلي و فاركو القادمة في كاس الرابطه,2025-04-15,768,4,0,https://youtu.be/9-tF_di0-rk
رد فعل غاضبه 🔥الجماهير برشلونه لا لا لا لا🤬🤬,2025-04-15,678,0,1,https://youtu.be/WMcCBD6IaAc
"صدمة للأهلي.. إيقاف إمام عاشور ومصير زيزو في المونديال! | المدرب الجديد مفاجأة للجماهير""",2025-04-15,657,6,0,https://youtu.be/CJ2xZ549B9o
موعد مباراة الاهلي ضد فاركو في بطوله كأس الرابطه 🔥 #الاهلي,2025-04-15,613,5,0,https://youtu.be/gGgsyaMjK0M
موعد مباراة الاهلى وصنداونز القادمة فى ذهاب نصف نهائى دورى أبطال أفريقيا 2025,2025-04-15,584,5,0,https://youtu.be/3m-2pOfRiGE
جدول مباريات برشلونه وريال مدريد لشهر أبريل,2025-04-15,537,4,0,https://youtu.be/JQCZFV3xFTs
توقعات مباريات اليوم الأربعاء دوري أبطال أوروبا الاخوان هناك skour #1xbet #linebet,2025-04-15,526,22,4,https://youtu.be/l6Wegl7hG8A
نجوم الهلال يختارون أجمل ثلاثة اهداف في موسم 1410هـ 😍🔥😘💙🥶,2025-04-15,516,12,1,https://youtu.be/RkvGkBLpSo8
هدف عالمي من يوسف جازع 😍😘🔥🥶💙,2025-04-15,412,10,2,https://youtu.be/t82Ozu-Xlxk
ريال مدريد يوجه رسالة الريمونتادا قبل لقاء أرسنال,2025-04-15,301,9,0,https://youtu.be/Q_Th3UvYoZw
4 مباريات بين مارسيل كولر vs صندوانز الجنوب افريقي انتهت بتعادلين و هزيمة - كولر يستطيع تخطي صندوانز,2025-04-15,282,5,0,https://youtu.be/ErG58LuqYuM
بعد غياب خمس مواسم برشلونة إلى نصف النهائي للمرة الأولى منذ2019وباريس يتأهل للمرة الخامسة في تاريخه🔥,2025-04-15,258,0,0,https://youtu.be/pLiyy8PbfcM
"صراع الكبار: برشلونة ودورتموند في مواجهة حاسمة بدوري أبطال أوروبا""",2025-04-15,224,0,0,https://youtu.be/3iMFE7OdNeU
#اكسبلور #ريال_مدريد #رياضة #ساخر #كرة_القدم #برشلونة #لامين_يامال #ريمونتادا ##دوري_ابطال_اوروبا,2025-04-15,175,0,3,https://youtu.be/__22lzjaU9Y
"الصدام الناري: برشلونة يستضيف دورتموند في تحدي دوري الأبطال""""صراع الكبار: برشلونة ودورتموند في مواج",2025-04-15,141,2,0,https://youtu.be/-wwdsJAkOoc
أهم مباريات اليوم الاربعاء 2025/4/16 القنوات الناقلة والمعلقين,2025-04-15,112,0,0,https://youtu.be/y3lTW15xCOU
كريستيانو رونالدو vs رونالدينيو | مقارنة بين رونالدو ورونالدينيو | إنجازات رونالدو ورونالدينيو,2025-04-15,99,4,0,https://youtu.be/ThyYEPEMn04
تصديات الأسـد بلعروش أمام الكوت ديفوار | التأهّل التاريخي إلى النهائي! 🇲🇦🦁🔥,2025-04-15,55,1,0,https://youtu.be/t_o75iN-f7M
توقعات مباريات عصبة ابطال اوروبا | PRONOSTIC FOOTBALL |16-04-2025#championsleague,2025-04-15,53,10,9,https://youtu.be/PByWgiZFkaw
قصة كفاح لاعب أسطورة - من مصانع الفحم إلى نهائي كأس العالم,2025-04-15,25,5,0,https://youtu.be/2pdVZSkvrRU
شاهد ما قاله نبيل باها بعد تألق شعيب بلعروش حارس المنتخب. لم أستدعيه عدة مرات حتى أربيه كرويا,2025-04-15,24,5,0,https://youtu.be/9peRzb8BsME
الريال باختصار 🔥,2025-04-15,22,9,1,https://youtu.be/hBfoi5k2a3w
موعد مباراة الاهلي ضد صنداونز الجنوب افريقي,2025-04-15,12,1,0,https://youtu.be/AqdxPCthK2Q
رايس المجنوووون #الاهلي,2025-04-15,8,2,0,https://youtu.be/ufg2EQ3Q6yE
غدا المباراة المرتقبه بين ريال مدريد و ارسنال⚽⚽,2025-04-15,5,1,0,https://youtu.be/3N1cDm8qS_g
ما قصه ميسي والهرمون 🤔,2025-04-15,4,1,0,https://youtu.be/qw31O16KzYs
ملخص مباراة باريس سان جيرمان الفرنسي اليوم,2025-04-15,0,0,0,https://youtu.be/lkpE6hilYHg
ملخص مباراة إنتر وبايرن ميونيخ (2-2) | دوري أبطال أوروبا - إياب الدور ربع النهائي,2025-04-16,3065539,70097,1859,https://youtu.be/oVgEgVuK2Y8
ريال مدريد يعلن حرب شاملة على أرسنال 😱 جحيم البرنابيو 🔥 #shorts,2025-04-16,827865,42843,1579,https://youtu.be/8p62sz5MY84
بث مباشر لمباراة ريال مدريد ضد آرسنال في دوري أبطال أوروبا 2025 - محاكاة المباراة الكاملة,2025-04-16,613800,2611,7,https://youtu.be/d5Tgb6wmLJA
ملخص مباراة نيوكاسل يونايتد وكريستال بالاس (5-0) | الدوري الإنجليزي الممتاز - الجولة 29,2025-04-16,404132,11102,278,https://youtu.be/Oq8CRD0rcZQ
موعد مباراة ريال مدريد ضد أرسنال اليوم في دوري أبطال أوروبا 2025 والقنوات الناقلة,2025-04-16,119311,498,16,https://youtu.be/9rvhl-1Zgpg
برأيكم من يتحمل خروج ريال مدريد من دوري الأبطال ؟!,2025-04-16,115979,3973,255,https://youtu.be/yBR4iFcrFDI
قائمة هدافي دوري أبطال أوروبا موسم 2024-2025 بعد نهاية الدور ربع النهائي #ليفاندوفسكي #مبابي,2025-04-16,83572,217,2,https://youtu.be/ez2bJN6pmWM
ملخص مباراة | حرس الحدود 2-0 بيراميدز | كأس عاصمة مصر 2025,2025-04-16,73334,395,21,https://youtu.be/qpXWappnBO8
تسريب تشكيلة ريال مدريد لمباراة الارسنال🤯😱 حسب COPE,2025-04-16,72382,3378,219,https://youtu.be/xRpYw1bHwbQ
الهدف الأول للزمالك في مرمى سموحة بخطأ من الحارس | كأس عاصمة مصر ( دور المجموعات ) 2024-2025,2025-04-16,67301,828,41,https://youtu.be/hLAVdTp_pNc
موعد مباراة ريال مدريد وارسنال اليوم إياب ربع نهائي دوري ابطال اوروبا || موعد لعبة ريال مدريد اليوم,2025-04-16,63515,355,12,https://youtu.be/R7DPt2dQVs4
موعد مباراة ريال مدريد وارسنال اليوم في دوري ابطال اوروبا والقنوات الناقلة والتوقيت,2025-04-16,58358,229,1,https://youtu.be/lgbuX58eszE
نتائج مواجهات ريال مدريد و برشلونة في نهائي كأس الملك عبر التاريخ 🔥🥶✅,2025-04-16,49655,69,3,https://youtu.be/NRFMVbBoFTI
أهداف مباراة | حرس الحدود - بيراميدز | 2 - 0 | من الجولة الـ 5 في كأس عاصمة مصر,2025-04-16,49297,158,18,https://youtu.be/snIxAyp4624
#الأهلي_فوق_الجميع #الاهلي #الأهلي,2025-04-16,48641,962,3,https://youtu.be/fGKOLgEVcoo
تحليل مباراة الريال و ارسنال 2-1 🔥 ريال مدريد يُهزم أمام ارسنال و الجماهير غاضبة من التحكيم,2025-04-16,41880,458,89,https://youtu.be/Y_KUrXIx1oE
التحليل الكامل | ريال مدريد 1-2 ارسنال | دوري ابطال اوروبا | محمد ابو تريكة,2025-04-16,38098,661,35,https://youtu.be/8VQGM1JLJHk
شاهد القنوات الناقلة مباراة ريال مدريد ضد آرسنال إياب ربع نهائي دوري أبطال أوروبا,2025-04-16,33812,278,1,https://youtu.be/WnuV8igDswg
ريال مدريد يقصى من دوري ابطال اوروبا وارسنال يمر لنصف النهائي لمواجهه باريس🔥#كرة القدم ⚽🔥,2025-04-16,32813,300,36,https://youtu.be/3r2_PBNCSbg
برشلونة سيحطم أحلام الإنتر ميلان 📌 مباراة برشلونة و إنتر ميلان 🔥 من نصف نهائي دوري أبطال أوروبا 🏆,2025-04-16,32153,0,63,https://youtu.be/2Khp7c4-ezU
#football #egypt ماتش الوداد والاهلي بتاع الماتش للاهلي بالفوز في ماتش الاياب 2-1 في نهائي ابطال,2025-04-16,27879,389,1,https://youtu.be/SAvwGPfgzEY
الاهلي ضد مازيمبي #صلوا_على_النبي #الاهلي #football #foryou #edit #اكسبلور #shorts,2025-04-16,25871,478,3,https://youtu.be/TS7Hips0K3w
الفريق المتأهلة إلى الدور نصف النهائي دوري أبطال أوروبا,2025-04-16,25081,143,3,https://youtu.be/VvtNj33CbvM
مباريات نصف نهائي دوري أبطال أوروبا 2024/2025برشلونة x إنتر أرسنال x باريس سان جيرمان#الشرق_رياضة,2025-04-16,22667,113,0,https://youtu.be/tvR4j_pjwMk
موعد مباراة الاهلي وصن داونز القادمة في ذهاب نصف نهائي ابطال افريقيا 2025 والقنوات الناقلة,2025-04-16,21760,217,12,https://youtu.be/mlB_euJblzQ
ملخص مباراة سموحة 0 - 1 الزمالك | كأس عاصمة مصر ( دور المجموعات ) 2024-2025,2025-04-16,19770,164,8,https://youtu.be/H4l7v0PIPCs
هدية ذهبية من الكاف للأهلي قبل كأس العالم ..إيه المكافأة ؟,2025-04-16,18295,192,3,https://youtu.be/clfhmkzZcK4
ابو تريكة : الريال قادر علي العودة امام ارسنال,2025-04-16,16824,425,35,https://youtu.be/CgSHAriAS_w
طريق بــرشــلـونـة الــتـاريـخـي إلى دور نصف نهائي أبــطـال أوروبــا 2025 🤯 مباريات أسطورية 🔥,2025-04-16,16068,316,8,https://youtu.be/4QRNzhctyIQ
موعد مباراة الأهلي القادمة ضد فاركو في الجولة 3 من كأس الرابطة المصرية 2025 والقنوات الناقلة,2025-04-16,14958,0,6,https://youtu.be/px9O3f5F5rA
ملخص تحليل مباراة ريال مدريد ضد أرسنال 1 - 2 | نهاية حزينة لريال مدريد,2025-04-16,14142,148,20,https://youtu.be/D6Pt3GU34pg
كرتوا وريال مدريد وارسنال,2025-04-16,12987,378,0,https://youtu.be/weGZ6v9WhmA
موعد مباراة الأهلي وصن داونز القادمة في ذهاب نصف نهائي دوري أبطال أفريقيا 2025 والقنوات الناقلة,2025-04-16,12551,453,2,https://youtu.be/AscTBKorXko
هدف سالم الدوسري نسخة طبق الاصل من هدف الاسطورة ميسي 🤫🤫🤫,2025-04-16,11869,303,10,https://youtu.be/7tuT2zcWffg
خروج مُذل لـ ريال مدريد من بطولته المُفضلة دوري الأبطال 🤬 أرسنال يتأهل لمواجهة باريس سان جيرمان,2025-04-16,11700,488,184,https://youtu.be/09ZnL8CtCwc
#تشكيلة_ريال_مدريد,2025-04-16,10385,48,3,https://youtu.be/eMUH25JxoMc
نتيجة مباراة ريال مدريد وارسنال اليوم في دوري ابطال اوروبا 2024-2025 لعبة الريال والارسنال. رد فعل,2025-04-16,10328,61,1,https://youtu.be/gpbDfqE8whg
ملخص مباراة حرس الحدود  2 - 0 بيراميدز | كأس عاصمة مصر ( دور المجموعات ) 2024-2025,2025-04-16,10203,80,3,https://youtu.be/4WNrY2yAHRM
الكابتن الاسطورة يوسف الثنيان في الجبيل🇸🇦💙😘🔥💪🏻,2025-04-16,9829,100,4,https://youtu.be/BPvc4Kptwr8
ليلة الريمونتاد🤷🏻‍♂️⌛🤍!!! #الهلال#shorts,2025-04-16,9655,382,95,https://youtu.be/7Hv5Kk56bbY
ملخص مباراة الإسماعيلي  2 - 0 الاتحاد السكندري | كأس عاصمة مصر ( دور المجموعات ) 2024-2025,2025-04-16,8990,140,9,https://youtu.be/41er31zQu2Y
أهداف مباراة الإسماعيلي  2 - 0 الاتحاد السكندري | كأس عاصمة مصر ( دور المجموعات ) 2024-2025,2025-04-16,8608,131,7,https://youtu.be/FGARlA0yoe8
هذا ريال مدريد ضد ارسنال #football  #ريال_مدريد  #realmadrid  #ارسنال,2025-04-16,8162,53,1,https://youtu.be/6qR2mk1eHm8
الأهلي يواجه ميسي ورفاقه في كأس العالم للأندية 🏆#الأهلي #انتر_ميامي #ميسي #كأس_العالم_للأندية #أخبار,2025-04-16,7971,23,0,https://youtu.be/IMVeCIbritQ
توقعوا نتيجة مباراة أرسنال وريال مدريد,2025-04-16,7606,89,7,https://youtu.be/i_uUQzJ3twU
من اجمل الاهداف للهلال ولسعد مبارك تحديدا ضد النصر 💙🔥🥶💪🏻,2025-04-16,7144,99,9,https://youtu.be/tFu87QeWi3Q
هدف مبكر عن طريق مبابي في الدقيقة الثانية لكن التسلل يحرم الميرينجي من إشعال المباراة ❌,2025-04-16,6946,35,0,https://youtu.be/qNx3LcM4Cx0
الاهلي يريد التعاقد مع هذا المدرب ولكن هناك عائق,2025-04-16,6875,60,2,https://youtu.be/yX8efZxcVe0
مين يتحمل مسؤولية اللي صار لِـ الهلال ؟🥴🤔🔥💙,2025-04-16,6189,290,8,https://youtu.be/N6BeBhnDP1c
المتأهلين لنصف نهائي دوري ابطال اوروبا 2025 🔥 خروج الملكي 🤯 مواعيد مباريات الذهاب والاياب,2025-04-16,6111,103,18,https://youtu.be/DveqR6ZX_9M
موعد مباريات نصف نهائي دوري ابطال اوروبا 2025,2025-04-16,5759,77,4,https://youtu.be/bnDvTlRKOA0
ردّة فعل أشرف حكيمي بعد التأهل التاريخي لنصف نهائي دوري الأبطال! 🦁⚽️❤️,2025-04-16,5686,57,2,https://youtu.be/RQbo3JxhQT8
حكيمي يستفزهم بهدف عالمي🔥🇲🇦ربع نهائي دوري أبطال أوروبا,2025-04-16,5445,195,0,https://youtu.be/MDaGZv6uE2A
توقعاتي في دوري الأبطال اربا من سيفوز ب كاس,2025-04-16,4922,101,8,https://youtu.be/G_bJze9C0YE
لحظه تتويج نادي دهوك باللقب شيل يا طويل العمر شيل😍✌️✋😧🕺 #بث_مباشر_مباريات_اليوم#shrots,2025-04-16,4705,58,1,https://youtu.be/nYmOv7a0shE
الهلال بالنسبة لمشجعيه هو اكسير الحياه 💙🔥🥶😘😍,2025-04-16,4035,269,5,https://youtu.be/kyIdBpps654
موعد وتوقيت مباراة ريال مدريد ضد أرسنال اليوم اياب دوري أبطال أوروبا 2025,2025-04-16,3965,61,0,https://youtu.be/PjbbYdKiU1k
موعد مباراة الاهلي وصن داونز اليوم في نصف نهائي دوري ابطال افريقيا 2025💥 القنوات الناقلة,2025-04-16,3742,31,3,https://youtu.be/6pgJRDiyZDY
مفاجأة مدوية للنادي الأهلي وإصابة نجم الفريق 🔥🤯 #shorts,2025-04-16,3683,48,0,https://youtu.be/GKmyx1qbpQw
أكثر 5 فرق تتويجًا بلقب الدوري الألماني,2025-04-16,3519,45,3,https://youtu.be/AWUFJ1mcUZo
أرسنال الإنجليزي يتدرب في ملعب مدرسة استعدادا لمواجهة ريال مدريد.. ما السبب؟,2025-04-16,3453,46,0,https://youtu.be/EX4PdFpk0TI
ريال مدريد يفشل في تحقيق الريمونتادا ويودع دوري أبطال أوروبا على يد أرسنال,2025-04-16,3412,53,0,https://youtu.be/lT7GCYUsmoE
تحليل كامل لمباراة ريال مدريد ضد أرسنال 1 - 2 | تريكة : أنشيلوتي هو السبب,2025-04-16,3375,66,5,https://youtu.be/5QMDPEIHMOE
يا جيسوس اصحى 😔💔💙,2025-04-16,3355,165,4,https://youtu.be/8IIQqDepZzs
موعد مباراة الأهلى وصن داونز فى دوري أبطال أفريقيا والقناة الناقلة و الحكم 2025,2025-04-16,3351,27,0,https://youtu.be/Aq95fbbk3t0
قال ريال مدريد ملوك ريمونتادا بلع 5 من ارسنالخروج مذل لريال مدريد #ريال_مدريد #ارسنال,2025-04-16,3190,24,0,https://youtu.be/12cUYM7_scU
بث مباشر مباراة دهوك العراقي و القادسية الكويتي نهائي دوري ابطال الخليج بتعليق المعلق لاوين هابيل,2025-04-16,2981,112,0,https://youtu.be/Vq5E1hwYKPE
إعتداء خطير ع لاعبي الاهلي في جنوب افريقيا والخطيب يطالب الكاف بنقل المباراة او إستبعاد صن داونز,2025-04-16,2943,53,1,https://youtu.be/4mpBYbUODxg
مباراة ريال مدريد وارسنال دوري ابطال اوروبا اليوم Real Madrid VS Arsenal Champions League today,2025-04-16,2939,13,0,https://youtu.be/W5D5M6Oz37E
3 أشياء غامضة حول سقوط لاعب شهير من الشرفة,2025-04-16,2842,30,0,https://youtu.be/m-MIzBTGqjc
الأهلي في بريتوريا: تدريبات قوية استعدادًا لمواجهة صن داونز! #الكورة_مع_الاسطورة,2025-04-16,2770,31,0,https://youtu.be/xxUlg7789XI
ترتيب مجموعة الزمالك في بطولة كأس الرابطة بعد الفوز على سموحة اليوم وبيسيرو يطلق تصريحات نارية🔥,2025-04-16,2718,0,1,https://youtu.be/4VGUUptEN44
تصريح أشرف حكيمي بعد التأهل إلى نصف نهائي دوري الأبطال أمام أستون فيلا ❤️🇲🇦🦁,2025-04-16,2500,56,0,https://youtu.be/WwmCgdc1UxE
#الاتحاد_الفتح 🛑 إحذر يا عميد 🤔 مباراة خطيرة جداً🤯 لماذا ؟,2025-04-16,2418,256,17,https://youtu.be/KhnS8t-iyU0
توقعاتكم لمن سيواجه برشلونة و باريس سان جيرمان في نصف نهاءي دوري ابطال اوروبا ⚽⚽⚽⚽🤳👉🔥🔥🏆🏆,2025-04-16,2396,23,1,https://youtu.be/aVKUgR1MWVo
🏆 الطريق إلى النهائي 🏆✍️💬 من سيتواجد في المشهد الختامي؟#دوري_أبطال_أوروبا#UCL,2025-04-16,2391,26,1,https://youtu.be/jf7FfRL95Ro
موعد مباراة الأهلي القادمة ضد صنداونز ⚽ نصف نهائي دوري أبطال أفريقيا ⚽ #دوري_ابطال_افريقيا #مباراة 🔥,2025-04-16,2255,8,0,https://youtu.be/uRLQbG0ojg0
ماذا يحصل ياهلال اين انت 😔💙🥶🔥🤔,2025-04-16,2064,126,4,https://youtu.be/jTZ_SXfBue0
موعد مباراة الأهلى وصن داونز فى دوري أبطال أفريقيا والقناة الناقلة #shorts,2025-04-16,1922,14,0,https://youtu.be/-OhtLCRUbMA
الأكثر تتويجاً بلقب دوري أبطال أوروبا عبر التاريخ | ريال مديد يغرد بالصدارة,2025-04-16,1799,0,0,https://youtu.be/ZeKHW0A0Mtk
📋⚽️ تشكيلة كلّ من ريال مدريد وآرسنال للمواجهة المرتقبة #دوري_أبطال_أوروبا |#ريال_مدريد | #آرسنال,2025-04-16,1548,10,0,https://youtu.be/K829YTA9ibA
الأهلي يحصل علي السعة الكاملة لاستاد القاهرة أمام صن داونز 🔥💪 #اهلاوي #دوري_ابطال_افريقيا#الاهلي,2025-04-16,1548,9,0,https://youtu.be/r1pdaEmdXjc
رسمياََ أرسنال إلى نصف نهائي دوري أبطال أوروبا 2025 #mortada_play,2025-04-16,1535,69,3,https://youtu.be/72DeJjTK-WU
توقعاتكم لمباراة ريال مدريد و ارسنال,2025-04-16,1513,11,0,https://youtu.be/PxIa_L-0X6E
REAL MADRID - ARSENAL #كأس_العالم #news #ميسي #football #أشرف_حكيمي #ريال_مدريد #العظماء #dimamaghri,2025-04-16,1449,0,0,https://youtu.be/Eju6JD5N2Yg
برشلونة في نصف نهائي دوري أبطال أوروبا برغم من الهزيمة بتلاتية,2025-04-16,1409,31,1,https://youtu.be/mEB0cwvRZ1c
دوري أبطال أوروبا ⚽ مباراة اليوم #دوري_أبطال_أوروبا #football #worldcup #كأس_العالم,2025-04-16,1362,14,0,https://youtu.be/ek4FVRxb_qc
كولر يستبعد علي معلول من مباراة الأهلي و صن داونز. #الاهلي #كولر #علي_معلول #احمد_السيد_اهلاوي,2025-04-16,1339,27,1,https://youtu.be/OFXdT7WD_AI
هدف فينيسيوس الخرافي في مرمى رايو فاليكانو #ريال_مدريد,2025-04-16,1321,15,1,https://youtu.be/3Q16n_i_LiU
تشكيل مباراة ريال مدريد 🆚 أرسنال في إياب ربع نهائي دوري أبطال أوروبا,2025-04-16,1250,15,0,https://youtu.be/mgxMDFCv2ZI
توقعات مباريات اليوم الخميس الدوري الاوروبي cote sport 1xbet Gooobet,2025-04-16,1238,21,6,https://youtu.be/1r5HM4KXpE8
نتيجة مباراة الــزمــالــك وســمــوحــه | الابيض يودع كــاس الـرابـطـة رغم هدف مـنـسـي,2025-04-16,1229,6,0,https://youtu.be/SzXcQ_s_rW4
تشكيلة ريال مدريد الفوضوية من المستر كارلو الداهية انشلوتي امام الارسنال في اياب الابطال#ريال_مدريد,2025-04-16,1161,7,3,https://youtu.be/IBotXpPBzwo
نتائج مباريات يوم الأربعاء في إياب الدور ربع النهائي من دوري أبطال أوروبا 🔥#دوري_أبطال_أوروبا#UCL,2025-04-16,1161,9,0,https://youtu.be/12Wv4XiIH7o
موعد مباراه الاهلي وفاركو في كاس الرابطه المصريه /مفاجات كولر,2025-04-16,1055,10,6,https://youtu.be/erk1Bh0Wv2M
ريال مدريد VS ارسنال. #ريال_مدريد #ارسنال,2025-04-16,1050,13,1,https://youtu.be/WhmZzmiiq10
عاجل 🔥  تصريحات نارية +...🔥 3 صفقات من أيت منا بالميركاتو وقرارات جديدة+ مافعل موكوينا,2025-04-16,1047,12,0,https://youtu.be/eJ_e_PRyK2A
ريال مدريد هل سيحقق الريمونداتا ضد الارسنال؟#ريال_مدريد #ارسنال #دوري_ابطال_اوروبا,2025-04-16,1039,51,0,https://youtu.be/jabNpaPwtv4
انقذوا الاهلي من كولر,2025-04-16,1035,11,0,https://youtu.be/jtPRgRQ8c_0
نتائج مباريات اليوم من دوري تشامبيونز ليج كاس اوروبا 🇲🇦🇲🇦⚽⚽,2025-04-16,948,6,1,https://youtu.be/2LEPg0E0AbI
استبعاد معلول من دوري أبطال أفريقيا,2025-04-16,913,0,0,https://youtu.be/lN9k5j3uThU
عااجل 🟠الهلال السوداني اليوم يكتسح الحرس الوطني 0/5 خماسية صدارة الدوري الموريتاني,2025-04-16,801,18,1,https://youtu.be/VLEfa_RefCQ
ملخص مباراة ريال مدريد وأرسنال اليوم 1-2 بتاريخ 2025-4-16ملخص أهداف مباراة الريال والأرسنال اليوم أه,2025-04-16,791,11,3,https://youtu.be/sEQ9KEeu_Sc
توقف مبابي مباراة واحدة فقط 📌| ريال مدريد ضد آرسنال ⚽ من دوري أبطال أوروبا 🏆,2025-04-16,755,0,0,https://youtu.be/4ntd7kiBimU
ريال مدريد يودع دوري الأبطال وأرسنال يفوز ويتأهل بجدارة😱مباراة مجنونة🔥,2025-04-16,691,3,0,https://youtu.be/6tirBUStewE
موعد وتوقيت مباراة الأهلي القادمة ضد فاركو في الجولة 5 من كأس عاصمة مصر 2025 🔥 القنوات الناقلة 🔥,2025-04-16,642,6,0,https://youtu.be/DQn1uApAqfs
١٧ أبريل، ٢٠٢٥,2025-04-16,394,14,0,https://youtu.be/KNSsH3zGh1g
إليكم نتائج مباريات إياب ربع نهائي دوري أبطال أوروبا! 🔥⚽,2025-04-16,383,1,0,https://youtu.be/BIUNU4XiDjk
#التعاون  يودع اسيا للنخبة 2 وخطأ المدرب محمد العبدلي في اللقاء #اكسبلور,2025-04-16,366,4,2,https://youtu.be/ebDynf3UfII
مهارات باتو مع الميلان Milan,2025-04-16,234,1,0,https://youtu.be/M_YINUXhQC8
شاهد بث مباشر مباراة ريال مدريد وارسنال الاياب ربع النهائي دوري أبطال أوروبا,2025-04-16,209,14,0,https://youtu.be/hYgd95MPlG0
#اكسبلور أبطال أوروبا #مهزلة مدريدية #funny ريال مدريد و ارسنال,2025-04-16,198,10,11,https://youtu.be/JnXveK58FXg
ملخص مباراه برشلونه و دورتمون_ أهداف دورتموند وأهداف برشلونه راعه جداء.....,2025-04-16,191,1,0,https://youtu.be/uq9-m5IIuFM
توقيت مباراة ريال مدريد ضد أرسنال اليوم في دوري أبطال  أوروبا 2025,2025-04-16,168,0,0,https://youtu.be/S0DmVyuQQ1Y
ملخص مباراة برشلونة ودورتموند,2025-04-16,116,2,1,https://youtu.be/Ng2nNJdgAuw
ملك المحور الهلالي • عبادي الهذلول • 1981-1991 🔥,2025-04-16,116,3,2,https://youtu.be/AisOVBi_t1I
نتائج إياب ربع نهائي دوري الأبطال #دوري_أبطال_أوروبا,2025-04-16,84,0,0,https://youtu.be/ZTPtvAulXtg
تصدي كورتوا لي ضربه الجزاء اليوم امام ارسنال #realmadrid #arsneal,2025-04-16,70,0,0,https://youtu.be/ps3tMAUWMRc
كيفين دي بروين vs زين الدين زيدان | مقارنة بين دي بروين وزيدان | إنجازات زين الدين زيدان وكيفين دي,2025-04-16,61,3,0,https://youtu.be/ThkzA6wEaeI
#ساكا  يضيع#ضربة_جزاء  امام #ريال_مدريد #دوري_ابطال_اوروبا #مباريات_اليوم #ملخص #اكسبلور_explore,2025-04-16,34,4,0,https://youtu.be/AGxIZuxaMz8
جوووووووووووووووووووووووووووووووووووول هاري كين يسجل لبايرن ميونيخ أمام إنتر,2025-04-16,18,0,0,https://youtu.be/mUfH8JkgkDI
Premier League: Arsenal vs. Leeds United ❤️✅Arsenal lost the match❤️✅,2025-04-16,17,2,0,https://youtu.be/DLfoxPVbwbY
ملخص مباراة انتر ميلان ضد بايرن ميونخ,2025-04-16,17,2,2,https://youtu.be/A6gvjNyXruw
دفاع الاهلى بعد منعم,2025-04-16,14,4,0,https://youtu.be/ISsTFS1tLzs
لقب دوري أبطال أوروبا حاضر في ملعب سانتياغو برنابيو لا أظن ان أرسنال سينجو من مدريد🤯🤯,2025-04-16,13,3,0,https://youtu.be/SrqQpT1j5Ds
ملخص مباراة ريال مدريد وارسنال اليوم 1-2 | اهداف مباراة الريال وارسنال اليوم | الريال اليوم,2025-04-16,12,3,1,https://youtu.be/VOGwjqa3ePQ
أكتمل المربع الذهبي لدوري أبطال أوروبا,2025-04-16,12,0,0,https://youtu.be/LoQWIxq93hY
ملخص مباراة باريس سان جيرمان و أستون فيلا 3-2 دوري أبطال أوروبا,2025-04-16,7,1,0,https://youtu.be/V-eVTBn5S0I
شهد عشاق كرة القدم العالمية واحدة من أقوى مباريات الموسم حيث التقى  ريال مدريد الإسباني مع آرسنال,2025-04-16,3,0,0,https://youtu.be/gutZ8ddnRUs
ملخص مباراة مانشستر يونايتد وليون (5-4) | الدوري الأوروبي - إياب الدور ربع النهائي,2025-04-17,3335845,90518,2690,https://youtu.be/joOtHFnc1T0
بطل جديد لدوري الابطال هذا الموسم 🔥 وبرشلونة ينجو من الريمونتادا 😱,2025-04-17,2432456,290690,7318,https://youtu.be/qrPji7y7Ok8
ريال مدريد ضد آرسنال | دوري أبطال أوروبا 2025 | محاكاة ألعاب الفيديو,2025-04-17,602322,2732,4,https://youtu.be/aKn64NL0B4A
ملخص مباراة لاتسيو وبودو/غليمت | الدوري الأوروبي - إياب الدور ربع النهائي,2025-04-17,345609,7207,149,https://youtu.be/ck_yJSXgUEE
آرسنال أذل ريال مدريد... وهذه المرة في قلب البرنابيو 😰😞,2025-04-17,225930,5554,100,https://youtu.be/wIFL40vsYeI
ملخص مباراة آينتراخت فرانكفورت وتوتنهام (0-1) | الدوري الأوروبي - إياب الدور ربع النهائي,2025-04-17,225483,6742,166,https://youtu.be/r8Lx--ZaqJ8
ركلات ترجيح مباراة السعودية وكوريا الجنوبية | نصف نهائي كأس آسيا للناشئين تحت 17 سنة 17-4-2025,2025-04-17,204965,2514,658,https://youtu.be/mcGwM1gH-cA
ملخص مباراة تشيلسي وليغيا وارسو (1-2) | دوري المؤتمر الأوروبي - إياب الدور ربع النهائي,2025-04-17,203322,5779,127,https://youtu.be/ZCYPBtmA7PQ
ملخص مباراة الفتح 2 - 0 الاتحاد | الجولة ( 28 ) من دوري روشن السعودي للمحترفين 2024-2025,2025-04-17,198059,2255,421,https://youtu.be/zL5q3EsyLYQ
اسلحة صن داونز الفتاكة.. تأثير المدرسة الأوروبية.. وكيف وصل لنصف النهائي القاري؟,2025-04-17,163844,9520,369,https://youtu.be/iCPPhYCglRA
ريال مدريد يَتَعرَّضْ لأكثر هزيمة محرجة من آرسنال في دوري الأبطال  😱😱,2025-04-17,154226,4650,75,https://youtu.be/WYIUybGofBg
أهداف مباراة الهلال 3 - 0 الخليج | الجولة ( 28 ) من دوري روشن السعودي للمحترفين 2024-2025,2025-04-17,145415,2103,115,https://youtu.be/8qocrH32w0o
الاهلي ضد صنداونز اياب دور ربع النهائي #صلوا_على_النبي #الاهلي#football #foryou #edit#اكسبلور#shorts,2025-04-17,135973,1295,5,https://youtu.be/rQIIdfsAHOE
ملخص مباراة | الأهلي 1-2 فاركو | كأس عاصمة مصر 2025,2025-04-17,130164,905,48,https://youtu.be/xXRSmwH2daU
محمد رضا يقلص الفارق ويحرز الهدف الأول للأهلي في شباك فاركو|كأس عاصمة مصر( دور المجموعات ) 2024-2025,2025-04-17,96987,1405,22,https://youtu.be/vkuElFgvprA
عمرو ناصر يحرز الهدف الثاني على طريقة رونالدو في شباك الأهلي|كأس عاصمة مصر(دور المجموعات) 2024-2025,2025-04-17,90927,1348,61,https://youtu.be/0hk3kU_95Hg
ملخص مباراة فيورنتينا وتسيليى (2-2) | دوري المؤتمر الأوروبي - إياب الدور ربع النهائي,2025-04-17,89378,2507,48,https://youtu.be/qwwKOKejUzE
أهداف مباراة الأهلي 1 - 2 فاركو | كأس عاصمة مصر ( دور المجموعات ) 2024-2025,2025-04-17,76087,703,34,https://youtu.be/1S1kiMVdQxk
رد فعلي علي خسارة ريال مدريد من ارسنال وخروجه من دوري الابطال برعاية العراب انشيلوتي,2025-04-17,68088,4839,379,https://youtu.be/2ayz3dTPKYo
موعد مباراة الاهلي القادمة ضد صن داونز في ذهاب نهائي دوري ابطال افريقيا 2025 والقنوات الناقلة,2025-04-17,57804,0,19,https://youtu.be/9zL34f1l5L8
فاركو يتقدم بهدف في شباك الأهلي |كأس عاصمة مصر ( دور المجموعات ) 2024-2025,2025-04-17,47618,311,10,https://youtu.be/THAq2309J2k
الفيفا ينصف منتخب المغرب للناشئين قبل مواجهة مالي في نهائي كاس افريقيا للناشئين تحت سن 17 عام,2025-04-17,41289,1269,54,https://youtu.be/vIe-OZN846g
كأس العالم VS دوري أبطال أوروبا ؟,2025-04-17,39753,1224,11,https://youtu.be/BS4hQVRlvdU
سكاي سبورت:نهائي كأس الملك أمام برشلونة ستكون آخر مباراة للمدرب أنشيلوتي مع ريال مدريد! #ريال_مدريد,2025-04-17,30916,983,4,https://youtu.be/lzMaQMtaiA8
مالومهم  ارعبهم 🤣🤣🔥😍🥶,2025-04-17,22273,396,5,https://youtu.be/wePlQoeWTmk
فابينيو يهدر ركلة جزاء 😳!!! #الهلال#shorts,2025-04-17,22011,474,106,https://youtu.be/Hedh7Avx3iQ
بث مباشر .. تغطية خاصة وستوديو مباراة الأهلي وفاركو,2025-04-17,20357,66,0,https://youtu.be/PB8l1FgSiuM
التشكيل الأفضل لدور ربع النهائي من دوري أبطال أوروبا باختيار 365Scores ✨#دوري_أبطال_أوروبا #,2025-04-17,19193,60,0,https://youtu.be/wQSyNKk9ct4
الدوري سيتجة الى الرياض 🤷🏻‍♂️☝🏻💙!!! #الهلال#shorts,2025-04-17,18412,647,76,https://youtu.be/fgKrGmepgyo
كادت أن تكون عودة ميتروفيتش لتسجيل الأهداف😨🔥!!! #الهلال#shorts,2025-04-17,18355,454,20,https://youtu.be/NN7libP5R5c
الأهلي وصنداونز في نصف نهائي دوري ابطال افريقيا,2025-04-17,16907,254,0,https://youtu.be/qUw4OjBOw_8
ايه سر الراجل ده؟!🤔 #مع_الكوير  #ريال_مدريد #دوري_ابطال_اوروبا,2025-04-17,16295,775,9,https://youtu.be/ZG1lypVGB-A
تم استرداد الثأر💀🫵🏻💙!!! #الهلال#shorts,2025-04-17,15154,517,52,https://youtu.be/e_xfmlTbW6Q
كانسيلووووو يعود🤩💙💙💙!!! #الهلال#shorts,2025-04-17,14075,545,20,https://youtu.be/yAgChkmzsE4
موعد وتوقيت مباراة برشلونة وإنتر ميلان في نصف نهائي دوري أبطال أوروبا 2025 والقنوات الناقلة,2025-04-17,12869,210,5,https://youtu.be/omWhl21c9c4
هل هذا إدواردو ام رونالدو 🤣,2025-04-17,11917,186,5,https://youtu.be/lCq1VLT5uFA
ملخص اهداف مباراة الهلال والخليج اخر مباراة 💪🏻💙🔥😘,2025-04-17,11447,251,8,https://youtu.be/FrtW_uC1Qjc
موعد وتوقيت مباراة ريال مدريد و برشلونة في نهائي كأس ملك إسبانيا 🏆,2025-04-17,9425,144,0,https://youtu.be/HPI8Q8FYqsQ
سالم يسجل اول اهداف الهلال 🤩💙💙!!! #الهلال#shorts,2025-04-17,9354,346,33,https://youtu.be/IuA6cx24wjo
الفتح يفتتح اول الاهداف في شباك الاتحاد 🥶🔥!!! #الهلال#shorts,2025-04-17,8718,294,21,https://youtu.be/2LSn6PCKCNQ
صدمة صلاح: 10 مباريات بدون نجم ليفربول.. حيلة الريدز لتجنب الشتاء المظلم؟دوري الأبطال نار 🔥,2025-04-17,7446,1317,5,https://youtu.be/rIoha-N8XvI
البليهي : حسان تمبكتي هو مستقبل الهلال الجاي 💪🏻💙😘😍🔥,2025-04-17,7384,155,5,https://youtu.be/1sqXt_YMREc
البليهي : حسان تمبكتي هو مستقبل الهلال الجاي 💪🏻💙😘😍🔥,2025-04-17,7384,155,5,https://youtu.be/1sqXt_YMREc
من الذاكره هدف فهد المفرج ضد الشباب 2009 🔥😍😘💙🥶💪🏻,2025-04-17,7236,101,5,https://youtu.be/skKVzJ82ojk
بيلينغهام يمسك في قدم رايس في مباراة ريال مدريد والارسنال #ريال_مدريد #دوري_ابطال_اوروبا,2025-04-17,7212,36,0,https://youtu.be/ZA8801Yb7Lc
أنشيلوتي بعد الإقصاء أمام آرسنال: خيبة أمل ودعوة للنهوض ومواصلة القتال,2025-04-17,7166,109,0,https://youtu.be/X9pLSxC_Vsw
الريال هزم من ارسنال وفاز بشي ثاني😎😱#ريال_مدريد #شوبج #برشلونا #كريستيانو_رونالدو #انشلوتي,2025-04-17,5607,305,3,https://youtu.be/wgMS22f2Ilc
ماذا سيحدث لو ميسي لم يحقق كأس العالم 😱😱,2025-04-17,4578,24,2,https://youtu.be/COYCs1i_yYU
ماذا صرح كارلو أنشيلوتي و ميكيل أرتيتا بعد لقاء الأبطال 🗣️,2025-04-17,4522,34,0,https://youtu.be/SQuO2YifM_Y
موعد وتوقيت مباراة صنداونز ضد الأهلي في نصف نهائي دوري أبطال أفريقيا 2025 والقنوات الناقلة,2025-04-17,4290,38,2,https://youtu.be/t0IBwtUf6U8
بث مباشر مباراة الهلال و الخليج اليوم في الدوري السعودي 2025 بث مباشر مباريات اليوم,2025-04-17,4248,16,2,https://youtu.be/H3liaLgluCs
نـنـتـظـر انـجـاز جـديـد للـوطـن انـتـو قـدهـا 😍🔥😘💙,2025-04-17,4224,200,2,https://youtu.be/rux6H0YV-IA
موعد مباراه باريس سان جيرمان وأرسنال القادمة في نصف نهائي دوري ابطال اوروبا الذهاب والقنوات الناقلة,2025-04-17,3945,92,9,https://youtu.be/PuUE0K9HqhI
اغلى 5 لاعبين في نصف نهائي دوري الابطال #كورة_القدم #top5 #برشلونة #ارسنال #انتر_ميلان #باريس,2025-04-17,3510,191,1,https://youtu.be/P6dU6X3EEDs
اخبار الاهلي|تحذير قوي من الاهلي للكاف قبل لقاء صن داونز|ثلاث صفقات سوبر في الاهلي قبل كاس العالم,2025-04-17,3383,219,10,https://youtu.be/NCbUrk-Scxw
اخبار الاهلي|تحذير قوي من الاهلي للكاف قبل لقاء صن داونز|ثلاث صفقات سوبر في الاهلي قبل كاس العالم,2025-04-17,3383,219,10,https://youtu.be/NCbUrk-Scxw
نصف نهائي دوري ابطال اوروبا الذي يجمع كبار القارة برشلونة ضد انتر ميلان  وارسنال ضد باريس سان جيرمان,2025-04-17,3381,35,0,https://youtu.be/fjjPZG-ngeA
بكاء وصراخ الإعلام الجزائري المغرب الفوتصال القائد هشام الدكيك يحطم الرقم القياسي عالميا,2025-04-17,3163,93,0,https://youtu.be/zzp-mcXTwT4
بكاء وصراخ الإعلام الجزائري المغرب الفوتصال القائد هشام الدكيك يحطم الرقم القياسي عالميا,2025-04-17,3163,93,0,https://youtu.be/zzp-mcXTwT4
القوت لودي 🥶🔥😍😘,2025-04-17,2953,248,3,https://youtu.be/ytsuqtaF7BA
ما هي أسباب فشل #ريال_مدريد في التأهل أمام #ارسنال؟ #explore #اكسبلور #shorts #football #fyp,2025-04-17,2642,1,0,https://youtu.be/J3Ikwcb58kk
جماهير ريال كانت تنتظر ريمونتادا في مباراة الارسنال وريال مدريد #ريال_مدريد,2025-04-17,2604,50,0,https://youtu.be/3-5_iiuoqGg
آرسنال في نصف نهائي دوري أبطال أوروبا🤯ريال مدريد يغادر😰#ريال_مدريد #football #كرة_القدم #ronaldo,2025-04-17,2527,93,2,https://youtu.be/yt5EMamsapw
شبانه : إعتداء خطير من جماهير صن داونز علي لاعبي الاهلي في جنوب افريقيا ورسميا إلغاء المباراة ونقلها,2025-04-17,2505,50,3,https://youtu.be/6ZHbj7eo6ZY
بالفيديو😱 اعتداء خطير من جماهير صن داونز على لاعبي الاهلي في جنوب افريقيا ورسميا الغاء المباراة 🔥😡,2025-04-17,2307,30,1,https://youtu.be/cMEf6tdo8R8
موعد مباريات نصف نهائي دوري ابطال اوروبا 2025 الذهاب والاياب,2025-04-17,1596,34,1,https://youtu.be/2fTsG9U19No
"كلوب إلى ريال مدريد؟.. تفاصيل ""قنبلة الموسم""",2025-04-17,1578,31,0,https://youtu.be/gZDnTA4t9FQ
الفرق المتأهلة ل نصف نهائي الدوري الأوروبي و مواعيد مباريات نصف النهائي,2025-04-17,1559,31,1,https://youtu.be/hoPkFVOgL3I
مازال ريال مدريد مرشح للفوز باللقب الدوري الإسباني وكأس ملك إسبانيا #ريال_مدريد #برشلونة,2025-04-17,1346,43,0,https://youtu.be/VlwOX3m1Im0
ماذا قال ارتيتا عن جوارديولا بعد فوز ارسنال على ريال مدريد وصعوده الى نصف نهائي دوري ابطال اوروبا,2025-04-17,1324,17,0,https://youtu.be/0tTJ2h8pkIg
خساره الاهلي أمام فاركو بنتيجه 2/1 في كأس عاصمه مصر #خساره #الاهلي #فاركو  #مصر #اكسبلور #بوب,2025-04-17,1297,24,1,https://youtu.be/BLNsv-maxmc
#كرة_القدم الفتح ضد الاتحاد🔥👆👆👆👆👆👆,2025-04-17,1227,6,0,https://youtu.be/-NBsq0D4Ts8
موعد مباراة الاهلي وصن دوانز القادمة في نصف نهائي دوري ابطال افريقيا 2025 والقنوات الناقله,2025-04-17,1201,13,0,https://youtu.be/EdK3M0tInVM
موعد مباراه الاهلي ضد صن داونز في دوري ابطال افريقيا 2025/مباراه الاهلي و صنداونز اليوم,2025-04-17,1191,8,0,https://youtu.be/VxsrO8fh7OE
الريال يودع دوري الأبطال  #football,2025-04-17,1178,20,0,https://youtu.be/b1JQ79ZhD-0
أجمل هدف لـ فهد المفرج مع الهلال 💙😍🔥🥶,2025-04-17,1165,32,2,https://youtu.be/3-Przeaedls
#على_معلول الذهب الذي لا يصدأ واسيست رائع ل #الاهلي في #كأس_عاصمة_مصر  #اكسبلور,2025-04-17,1108,14,0,https://youtu.be/g5Z1e0Nfg18
يوم الانتر  ميلان # أهداف مباراة الإنتر والبايرن ميونخ # ملخص مباراه #كورة,2025-04-17,1068,12,0,https://youtu.be/Fxz51qwcZv0
جماهير مانشستر يونايتد متمسكة بالمنافسة على لقب الدوري الأوروبي,2025-04-17,1060,10,1,https://youtu.be/JaglUOeq8h4
نتيجة مباراة ريال مدريد 🆚 أرسنال | إياب دور الثمانية | دوري أبطال أوروبا 2024/2025,2025-04-17,1060,10,2,https://youtu.be/98iMaCNve1I
موعد مباراه الاهلي القادمه - موعد مباراه الاهلي وصن داونز القادمه في دوري الابطال,2025-04-17,1055,10,0,https://youtu.be/vwHY4MgjI2w
مخلص ربع نهائي دوري ابطال اروبا الجزء الاول🔥🥇#football,2025-04-17,1040,10,0,https://youtu.be/8IjhFDY-od0
العارضة تمنع ميدو جابر من فرصة هدف محقق للمصري | كأس عاصمة مصر (دور المجموعات) 2024-2025,2025-04-17,1034,14,0,https://youtu.be/_keJwyOKD8U
مباره الاهلي وفاركو فى كأس مصر #ريال_مدريد #عالم_الكوره #الاهلي #ميسي #دوريابطالافريقيا,2025-04-17,975,10,0,https://youtu.be/39UjQzocmLQ
المارد الأحمر في قلب جوهانسبرغ..هل يتأثر من صندوانز؟؟سباق المجد الإفريقي هل يتأثر الأهلي من صندوانز؟,2025-04-17,958,0,0,https://youtu.be/2YwtCkGDE_g
الريال يودع دوري الأبطال وتأهل الأرسنال عن جدارة و إستحقاق,2025-04-17,936,1,0,https://youtu.be/duYdt7IczBs
الفرق المتاهله الى دور النصف النهائي دوري ابطال اوروبا عام 2025,2025-04-17,916,6,0,https://youtu.be/DplojWHMpbY
موعد مباراه برشلونه وانتر ميلان في دوري ابطال اوروبا نصف النهائي والتوقيت والقنوات الناقله عام 2025,2025-04-17,907,14,0,https://youtu.be/SPKzYiYUaJw
حميدو فاتاو يهدر هدف محقق بتسديدة صاروخية لغزل المحلة | كأس عاصمة مصر (دور المجموعات) 2024-2025,2025-04-17,874,6,0,https://youtu.be/WfXhZLytaqY
الغزال الفرنسي عثمان ديمبيلي 😍🔥 #دوري_ابطال_اوروبا #كاس_فرنسا #دوري_الفرنسي,2025-04-17,829,13,0,https://youtu.be/X5m0K8cyN0U
برا .. كولر يطيح بهؤلاء من مباراة #صن_داونز بدوري الأبطال,2025-04-17,805,25,1,https://youtu.be/M0lgOdAGqcA
شاهد مباراة الهلال و الخليج بث مباشر اليوم في الدوري السعودي 2025,2025-04-17,766,9,0,https://youtu.be/Nzl6a3hhVv8
جميع اهداف محمد صلاح مع ليفربول موسم 2025/24 حتي الان 🔥 هدف صلاح اليوم 💥,2025-04-17,737,8,4,https://youtu.be/UJuRDkALC9Y
توقيت مباراة برشلونة القادمة ضد سيلتا فيجو | الدوري الإسباني,2025-04-17,713,8,0,https://youtu.be/kGgj5VPx3MU
موعد مباراة الاهلي وصن داونز القادمة في نصف نهائي ابطال افريقيا 2025 والقنوات الناقلة نصف النهائي🔥🔥,2025-04-17,590,6,0,https://youtu.be/fZ5zA9LT6Us
مانشستر يونايتد يفوز بـ ريمونتادا مجنونه علي ليون في الدوري الاوروبي لية الدولي غير المحلي مع اموريم,2025-04-17,491,25,1,https://youtu.be/Xx4n_USaZ7M
ردة فعل جماهير الاتحاد ❤️‍🔥والاهلي و النصر بعد فوز الهلال |عادمیتروفيتش⚽ | ردة فعل جماهير الهلال🔥,2025-04-17,485,0,0,https://youtu.be/hCba2T79AVU
موعد مباراة الأهلى القادمه وصن داونز فى دوري أبطال أفريقيا والقناة الناقلة,2025-04-17,415,4,0,https://youtu.be/KCTOm8uxVlo
موعد مباراه برشلونه وريال مدريد الكلاسيكو الدوري الاسباني والتوقيت والقنوات الناقله الجوله 35,2025-04-17,355,8,0,https://youtu.be/vHYTHUS0m0s
روبرتو باجيو الرجل الذي غيّر نهائي كأس العالم,2025-04-17,329,25,0,https://youtu.be/v8XXtIMEIFo
المباراة الاسطورية | ريال مدريد _ برشلونة فى مباراة نارية | ملخص كامل 🔥,2025-04-18,1066855,44154,118,https://youtu.be/m-eyn2fGKls
هل يوجد أسباب ؟! #ميسي #ريال_مدريد #football #اكسبلور #رونالدو #الهلال #النصر #كأس_العالم #الاتحاد,2025-04-18,581390,1113,35,https://youtu.be/291kjh3ihYU
ملخص مباراة القادسية 2 - 1 النصر | الجولة ( 28 ) من دوري روشن السعودي للمحترفين 2024-2025,2025-04-18,333953,5063,414,https://youtu.be/TUj_-ox8XZo
مانشستر يونايتد لقّن ريال مدريد درسًا لا يُنسى في فن الريمونتادا! 😳🔥,2025-04-18,285407,8021,160,https://youtu.be/M33_3NHk4Ak
لحظة فوز الأهلي على الزمالك في نهائي كأس مصر لكرة اليد وسط فرحة عارمة من لاعبي القلعة الحمراء￼￼🤾‍♂️🔴,2025-04-18,243951,2301,169,https://youtu.be/f_Eps3rbRKk
أهداف مباراة القادسية 2 - 1 النصر | الجولة ( 28 ) من دوري روشن السعودي للمحترفين 2024-2025,2025-04-18,166917,2594,317,https://youtu.be/uScTwXw1xmw
سيكولوجية جماهير ريال مدريد 🙄🤔🤔#ريال_مدريد #realmadrid #دوري_ابطال_اوروبا #championsleague #shorts,2025-04-18,148438,8003,127,https://youtu.be/pHrtw6mQJFY
المباراة التاريخية | ريال مدريد _ برشلونة فى مباراة ملحمية | ملخص كامل 🔥,2025-04-18,145313,8153,30,https://youtu.be/hDKaSrwu0TE
ملخص مباراة الأهلي 5 - 0 الفيحاء | الجولة ( 28 ) من دوري روشن السعودي للمحترفين 2024-2025,2025-04-18,139827,2087,185,https://youtu.be/XA-yAV-z55c
شاهد هدف عالمي و 3 أسيست في شوط واحد محرز,2025-04-18,134069,1113,86,https://youtu.be/_atIDQCM8a8
لقطات حكيم زياش من مباراة اليوم أمام الخور 🦁🇲🇦#morocco #dimamaghrib #المغرب #qatar #فاس,2025-04-18,130206,2610,59,https://youtu.be/o0MqwXymB0c
أهداف مباراة الأهلي 5 - 0 الفيحاء | الجولة ( 28 ) من دوري روشن السعودي للمحترفين 2024-2025,2025-04-18,125493,2816,201,https://youtu.be/PRhacIJWC2Q
مشجع صغير لليونايند.. عاش ريمونتادا مانشستر يونايتد بطريقته 💔🥹,2025-04-18,120200,3540,23,https://youtu.be/ISt4nEWjdpk
موعد مباراة الاهلي القادمة ضد صن داونز في ذهاب نهائي دوري ابطال افريقيا 2025 والقنوات الناقلة,2025-04-18,101301,0,14,https://youtu.be/JRYSR4ZFP2s
ملعب ON - تعليقات قوية من خالد الغندور وعصام الخضري على إنتقال زيزو للاهلي وأزمته مع الزمالك,2025-04-18,98444,980,183,https://youtu.be/0XnZIPK6Mk4
هدف الفتح الثاني على الاتحاد واسيست من نواف العقيدي .. 💔,2025-04-18,93722,1852,49,https://youtu.be/ThskMQ_DhcM
ملخص وأهداف مباراة الوحدات و الحسين 2-1 | الدوري الأردني للمحترفين - سي أف أي | 2024-2025,2025-04-18,76916,1149,222,https://youtu.be/jcFX5afoRso
شاهد روعة هدف رياض محرز اليوم قدم ثلاث تمريرت حاسمة لمسات محرز الفنان,2025-04-18,76734,615,31,https://youtu.be/JDSPNuZDmCA
أرسنال يجدد فوزه على ريال مدريد 🔴 | إياب ربع نهائي دوري أبطال أوروبا 24/25,2025-04-18,66435,1301,9,https://youtu.be/xiC6PxlZjb0
ركلات ترجيح مجنونة { المغرب vs   🇲🇦  مالي 🇲🇱 } - بجودة عالية 4K🔥🏆 🎮,2025-04-18,60044,224,1,https://youtu.be/JNBlS4SCXMc
بث مباشر مباراة النصر والقادسية فى دوري روشن رد فعل,2025-04-18,59722,630,6,https://youtu.be/krXk4XPIxU8
"ردة فعل مباراة ""الجولة 28"" بين الاهلي و الفيحاء 5-0 | إيبانيز قلب الأسد .. 😶🔥",2025-04-18,58114,5002,319,https://youtu.be/J5UTOuIN4DI
استوديو نجوم العراق مع محمد حسين | مباراة | #نفط_البصرة VS #القاسم |#دوري_نجوم_العراق الجولة (28),2025-04-18,58014,817,0,https://youtu.be/K24iZSG5j1M
هدف و3 تمريرات حاسمة... محرز يقدّم أداءً خرافياً أمام الفيحاء,2025-04-18,57768,515,16,https://youtu.be/-z8_nmw2OgE
افتتاح #ملعب_الناصرية_الدولي | مباراة: #رواد_المنتخب_الوطني VS #رواد_نادي_الناصرية,2025-04-18,50227,1093,107,https://youtu.be/TXB4He3v9Hk
مشاهدة الهلال ترفع مستوى السعاده والفرح 🙃💙🥶🔥😘😍,2025-04-18,48250,330,5,https://youtu.be/EZArg0-S2Hc
موعد مباراة بيراميدز القادمة ضد اورلاندو في ذهاب نهائي دوري ابطال افريقيا 2025 والقنوات الناقلة,2025-04-18,45711,0,6,https://youtu.be/Oijbcvg2zpI
الحكم منع اللاعب من تسجيل هدف 🤯🔥 #football #reels #sports #shorts #كرة_القدم #ترند #paquetá,2025-04-18,44449,580,6,https://youtu.be/LRRQeIxB46Y
مدرب شباب قسنطينة: مواجهة نهضة بركان عرس كروي إفريقي.. ومباراة في كرة القدم فقط,2025-04-18,42562,474,244,https://youtu.be/muhGJMWJZrg
ملخص مباراة | الريان 2-0 قطر | اصابة تريزيجيه و تألق بيرسي تاو | الدوري القطري,2025-04-18,41209,276,2,https://youtu.be/pX-ZsFxweno
شاهد ملخص و اهداف مباراة اتحاد خنشلة 2 نادي بارادو 2 مباراة مجنونة و الحارس فراحي يدخل التاريخ,2025-04-18,40218,173,45,https://youtu.be/58Y1evpW06k
موعد مباراة المغرب ومالي في نهائي كأس أفريقيا للناشئين 2025 تحت 17 سنة والقنوات الناقلة,2025-04-18,39618,390,22,https://youtu.be/vJzAblu09K4
ابراهيم عادل يسجل افضل هدف في التصفيات,2025-04-18,39594,145,2,https://youtu.be/W1axxRlzSFk
ملخص ما قدمه حنبعل المجبري Hannibal Mejbri VS Watford,2025-04-18,37594,472,33,https://youtu.be/HHYE3mkiO1Y
موعد وتوقيت مباراة نهضة بركان وشباب قسنطينة في نصف نهائي كأس الكونفدرالية الأفريقية والقنوات الناقلة,2025-04-18,36838,416,41,https://youtu.be/7HO7sxjO9Ks
"أهداف مباراة 🇧🇷البرازيل 10-07 المغرب🇲🇦 , الخميس 17 أبريل 2025 , Foot 7 Vs 7⚽🔥",2025-04-18,36809,2044,85,https://youtu.be/fcbc-e_qvwI
#الأهلي_فوق_الجميع #الاهلي #الأهلي,2025-04-18,35807,960,1,https://youtu.be/4pfaxtnJhBk
ملخص مباراة السد والأهلي (5-0) | دوري نجوم قطر - الجولة 22 والأخيرة,2025-04-18,35009,1007,58,https://youtu.be/hrEHOYN-Tok
برنامج المجلس بين شوطي المباراة | الجولة الأخيرة من الدوري القطري 2025,2025-04-18,32694,345,3,https://youtu.be/o1uXT1yVEoU
هدف الفتح الاول على الاتحاد 💔,2025-04-18,31384,885,23,https://youtu.be/FT_nRi2Gk_Y
السبب الحقيقي لتغيير توقيت مباراة المغرب ومالي في نهائي كأس إفريقيا لأقل من 17 عام .مفاجأة موتسيبي !,2025-04-18,31112,1180,80,https://youtu.be/yWmE2bVon_Y
اهم وابرز مباريات يوم الجمعه 18 ابريل 2025,2025-04-18,29515,470,1,https://youtu.be/DfAJfFRBlwI
🔴بث مباشر: مباراة ماميلودي صن داونز ضد الأهلي اليوم | دوري أبطال أفريقيا 2024/25 | المباراة كاملة,2025-04-18,26284,100,0,https://youtu.be/Lcau6uS08nM
ملخص مباراة الأهلى و الزمالك | نهائي كأس مصر 🔥🏆و لحظات التتويج,2025-04-18,25136,523,34,https://youtu.be/fvs7DX_Yaes
ضربة قاسية لانتر ميلان باصابة نجومه قبل مواجهة برشلونة,2025-04-18,23428,154,6,https://youtu.be/DS86BNtzPbE
ردة فعل مباشرة 🔴 مباراة الاهلي و الفيحاء | خماسية ممتعه .. الاهلي انفجر على الفيحاء !! 😱😂🔥,2025-04-18,23076,1570,79,https://youtu.be/x_1ye23LwcU
مباراة كوت ديفوار وبوركينا فاسو اليوم | أقل من 17 سنة | كوت ديفوار تفوز بالميدالية النحاسية,2025-04-18,19507,145,0,https://youtu.be/k9UBlOuZsCk
ملخص مباراة الاهلي والفيحاء 5-0 | اهداف الاهلي والفيحاء | الفيحاء والاهلي اليوم,2025-04-18,18980,423,16,https://youtu.be/pIgMkG7_SFE
🔴البث المباشر لمباراة الفتح والاتحاد في الدوري السعودي 2025.,2025-04-18,17639,32,2,https://youtu.be/C35sGbBUINE
مباراة مغير السرحان و معان | الدوري الأردني للمحترفين - سي أف أي | 2024-2025,2025-04-18,17005,131,0,https://youtu.be/1n6gbAwI6FU
ملخص مباراة برشلونة وسيلتا فيغو | الدوري الإسباني - الجولة 32,2025-04-19,2959909,90299,2851,https://youtu.be/esjzV5rzGMM
Morocco Vs Mali - U-17 Africa Cup Of Nations Final Game | المغرب × مالي - المباراة النهائية,2025-04-19,2080864,18052,281,https://youtu.be/nz7KqFR81SM
شاهد سلسلة الركلات الترجيحية لمباراة المغرب ومالي في نهائي كأس أمم إفريقيا تحت 17 عاماً,2025-04-19,1078579,19167,1838,https://youtu.be/Uf811UyGlsg
ملخص مباراة أستون فيلا ونيوكاسل يونايتد | الدوري الإنجليزي الممتاز - الجولة 33,2025-04-19,830604,24410,560,https://youtu.be/qBJw79K3E7Q
ملخص مباراة إيفرتون ومانشستر سيتي | الدوري الإنجليزي الممتاز - الجولة 33,2025-04-19,735322,19369,392,https://youtu.be/F9lPBLS8cKQ
تصديات بلعروش في النهائي أمام مالي 🇲🇦 #نهائي #المغرب #africa #shorts #youtubeshorts #football #maroc,2025-04-19,660702,15048,563,https://youtu.be/WRWoMzoW0OU
تصدي بلعروش العالمي أمام مالي #نهائي #المغرب #caf #africa #shorts #youtubeshorts #football #maroc,2025-04-19,569002,5724,169,https://youtu.be/CYvoS5ZfAO0
اخبار برشلونة اليوم.. جافي..,2025-04-19,542349,8076,199,https://youtu.be/XST23Lf-AD0
مبرووك المنتخب المغربي 🇲🇦 لاقل من 17 سنة لقب كاس افريقيا كولشي على هدوء بلمختار ❤️🥰,2025-04-19,531068,9713,237,https://youtu.be/6TrUUY4R4Aw
تقرير رائع من بين سبورت عن تتويج المنتخب المغربي للفتيان بكأس إفريقيا و تصريحات الحارس بلعروش وباها,2025-04-19,523856,8572,391,https://youtu.be/6QQCWy0DKnA
صدمة الاعلام الجزائري بعد تتويج المنتخب المغربي التاريخي أمام مالي بلقب كأس افريقيا لاقل من 17 سنة,2025-04-19,521297,10852,1335,https://youtu.be/jCxXRM2Hbkw
هدف مالي باليد ضد المغرب #نهائي #المغرب #مالي #caf #africa #shorts #youtubeshorts #football #maroc,2025-04-19,519103,2764,214,https://youtu.be/FX38fdu8Y_E
شعيب بلعروش  #المنتخب_المغربي #المغرب #أسود_الأطلس #المنتخب_المغربي #المغرب #أسود_الأطلس #كرة_القدم,2025-04-19,499178,4030,79,https://youtu.be/S_ewH_ATw4o
أشبال المغرب يتوجون بكأس أفريقيا للأمم لأقل من 17سنة 2025 🇲🇦🇲🇦👍👍👍مبروك للمغرب 🇲🇦,2025-04-19,433278,1023,16,https://youtu.be/x3iVWBA1Krc
طقوس غريبة من منتخب مالي قبل المباراة… لكن السحر لم يصمد أمام أسود الأطلس 🇲🇦 #المنتخب_المغربي #لقجع,2025-04-19,400801,3213,206,https://youtu.be/xDjRrOrOBE4
فرحة يوسف شيبو بعد فوز المغرب ببطولة افريقيا تحت 17 عام,2025-04-19,343212,8125,393,https://youtu.be/NUVq855BPiU
المغرب #مبابي #worldcup #مراوغات #football #ريال_مدريد #soccer #realmadrid #fifaworldcup #foot,2025-04-19,293759,2837,7,https://youtu.be/mWU4Lcfjgjg
أول تعليق للتونسي فتحي المولدي بعد تتويج منتخب المغرب التاريخي بكأس افريقيا لأقل من 17 سنة أمام مالي,2025-04-19,289245,9781,466,https://youtu.be/L61Hv52OJyw
أول تعليق مصري تونسي بعد التتويج التاريخي للمنتخب المغربي ضد مالي بلقب كأس افريقيا لأقل من 17 سنة,2025-04-19,265338,5813,278,https://youtu.be/Kv8hf0Xm6cs
افضل تصديات بلعروش في مباراة المغرب ومالي,2025-04-19,257743,1055,2,https://youtu.be/uykOES-IwuE
ملخص مباراة لاس بالماس وأتلتيكو مدريد | الدوري الإسباني - الجولة 32,2025-04-19,250665,7394,202,https://youtu.be/PqWlFcQZePc
ملخص مباراة باريس سان جيرمان ولوهافر | الدوري الفرنسي - الجولة 30,2025-04-19,239738,6485,141,https://youtu.be/f70W6NHLUH8
انبهار الإعلام التونسي بتتويج المغرب بكأس إفريقيا لأقل من 17 تألق كبير وجيل جديد يبشر بمستقبل مشرق,2025-04-19,222496,0,241,https://youtu.be/6Jj1Nm4HF2c
ملخص مباراة ماميلودي صنداونز والأهلي | دوري أبطال إفريقيا - ذهاب نصف النهائي,2025-04-19,206794,4026,269,https://youtu.be/Ojnraw3bmMQ
الاهلي يؤدي افضل مباراة هذا الموسم امام صنداونز وامام عاشور خرافي|الاهلي وصنداونز 0/0|الهستيري,2025-04-19,196075,26808,681,https://youtu.be/kupuXcshi4s
أول تعليق للإعلام المصري بعد تتويج المغرب بكأس إفريقيا لأقل من 17 سنة.. جيل المستقبل يبهر القارة,2025-04-19,180506,0,257,https://youtu.be/dtjPzTTNdeI
ملخص مباراة أورلاندو بيراتس و بيراميدز | دوري أبطال إفريقيا - ذهاب نصف النهائي,2025-04-19,180085,2779,281,https://youtu.be/8BtR3XwxrKI
شاهد تتويج مدرب العراق الجديد حسين عموتة ملخص مباراة الجزيرة وشباب الاهلي دبي في نهائي الكاس,2025-04-19,179236,1260,83,https://youtu.be/DY60WBuBON0
انهيار وجنون الإعلام الجزائري بعد فوز المنتخب المغربي بكأس إفريقيا لأقل من 17 سنة أمام مالي,2025-04-19,178966,6918,209,https://youtu.be/vNuVjECh1hU
ملخص مباراة الأهلي وصنداونز 0-0 | فرص الاهلي الضائعه ضد صن داونز #الاهلي #الأهلي #shorts,2025-04-19,176483,2749,27,https://youtu.be/5MPHZoBrJ-I
ملخص مباراة مارسيليا ومونبلييه | الدوري الفرنسي - الجولة 30,2025-04-19,168515,3703,78,https://youtu.be/-wMApr2Zock
"""الكاف"" 😱 تتدخل لمنع أحد أعضاء منتخب مالي من ممارسة السحر قبل النهائي أمام المغرب",2025-04-19,164652,1317,293,https://youtu.be/NkVCLhGHLjM
#المغرب #المنتخب_المغربي #مراوغات #مبابي #worldcup #football #ريال_مدريد #soccer #realmadrid,2025-04-19,162947,1625,32,https://youtu.be/2FIjq7126Mo
لقطات أشبال الأطلس من مباراة اليوم أمام مالي 🏆🦁🇲🇦#morocco #dimamaghrib #المغرب #qatar #فاس,2025-04-19,158424,3613,43,https://youtu.be/Ugc-elT3NAQ
ملخص مباراة هايدنهايم وبايرن ميونيخ | الدوري الألماني - الجولة 30,2025-04-19,144082,5513,115,https://youtu.be/nK-pKwh4Dcc
ركلات الترجيح المنتخب المغربي ومنتخب مالي 4 ـ 2,2025-04-19,139093,1621,110,https://youtu.be/63o_mOCI9TU
بلعروش… القفاز الذهبي الذي أبكى مالي ورفع بسببه المغرب كأس إفريقيا,2025-04-19,137997,3567,265,https://youtu.be/ORIf7Pae73w
السبت 19-4-2025 🔥⚽,2025-04-19,128765,2855,63,https://youtu.be/PWKQ3J7gLcw
توقيت مباراة المغرب ضد مالي اليوم في كأس أفريقيا للناشئين تحت 17 سنة والقنوات الناقلة,2025-04-19,127323,715,22,https://youtu.be/Aj5ByrmP0XQ
شاهد أعمال سحر من طرف منتخب مالي قبل بداية نهائي كأس إفريقيا للامم أقل من 17سنة,2025-04-19,124497,1029,268,https://youtu.be/4zJbXb6D6g8
شاهد هدفين الاهلي امام صن داونز اليوم الذي تم إلغاءهم | هدف بن شرقي و هدف جراديشار,2025-04-19,122444,779,51,https://youtu.be/PtW-HjyPvcY
موعد مباراة ريال مدريد واتلتك بلباو اليوم الجولة 32 مشاركة فالفيردي اليوم ضد اتلتك بلباو,2025-04-19,116922,952,28,https://youtu.be/wN2OHa4umo8
التلفزيون الإماراتي يهنـئ المملكة المغربية بعد التتويج الرائع بكأس افريقيا والإعلام التونسي سـ اخط,2025-04-19,106591,2533,113,https://youtu.be/KfwNrNiGn0Y
أول تعليق للجزائري بن الشيخ بعد التتويج التاريخي للمنتخب المغربي لأقل من 17 سنة بكأس افريقيا ضد مالي,2025-04-19,104107,1788,92,https://youtu.be/WSZbKi1AFoM
مباشر| تغطية نهائي كأس مصرف أبوظبي الإسلامي,2025-04-19,96107,1053,0,https://youtu.be/VJBvnAJkL5o
المنتخب الجزائري يتعرض لهزيمة ثقيلة أمام نيجيريا 4 0و الاقصاء من كأس العالم للسيدات تحت 17 سنة,2025-04-19,81659,3948,237,https://youtu.be/9VenDKJGC3o
ملخص مباراة الجولة الثالثة و العشرون | شباب بلوزداد ضد ترجي مستغانم | CRB - ESM,2025-04-19,69707,697,195,https://youtu.be/cgEgq_9mNmE
انهيار الاعلام الجزائري بعد تتويج المنتخب المغربي التاريخي أمام مالي بلقب كأس افريقيا لأقل من 17 سنة,2025-04-19,66213,1156,120,https://youtu.be/cRipPP3L5ls
شاهد الاهداف الملغية للاهلى و بيراميدز فى دور ربع نهائى من دورى ابطال افريقيا,2025-04-19,65360,311,24,https://youtu.be/gZ6XuhZrYjQ
مباراة بيراميدز اليوم  ضد اورلاندو في ذهاب نصف نهائي دوري ابطال افريقيا,2025-04-19,62205,333,0,https://youtu.be/h5rdY49fjt0
ملخص مباراة ريال مدريد وأتليتيك بلباو  | الدوري الإسباني - الجولة 32,2025-04-20,2052685,58004,1313,https://youtu.be/N3iFL7ekRWQ
المباراة التاريخية | مصر _ الاوروجواي فى مباراة ملحميه | كاس العالم 2018 | ملخص كامل 🔥,2025-04-20,1160136,37962,68,https://youtu.be/kMp1VGtn2gI
ملخص مباراة ليستر سيتي وليفربول | الدوري الإنجليزي الممتاز - الجولة 33,2025-04-20,890671,19962,411,https://youtu.be/M-Fgb2YHRPc
ملخص مباراة السعودية و أوزبكستان | سيناريو غريب في نهائي كأس آسيا للناشئين تحت 17 سنة 20-4-2025,2025-04-20,685913,9102,6382,https://youtu.be/YABa_EuAGvc
ملخص مباراة إبسويتش تاون وآرسنال | الدوري الإنجليزي الممتاز - الجولة 33,2025-04-20,516313,14713,300,https://youtu.be/xwJBc6JNWYs
نهضة بركان سلخات شباب قسنطينة 4-0 درس كروي بالمجان الفوز بالأداء والنتيجة,2025-04-20,509145,15191,1431,https://youtu.be/OtTRcn2Q66M
عاجل شاهد غضب كبير من الاعلام الجزائري وبن الشيخ بعد الهزيمة الكبيرة لشباب قسنطينة ضد نهضة بركان 4-0,2025-04-20,489788,5670,1673,https://youtu.be/SlUYs1G7ybs
ملخص مباراة فولهام وتشلسي | الدوري الإنجليزي الممتاز - الجولة 33,2025-04-20,370904,12134,208,https://youtu.be/9mQ0dwZKG0o
اليوديانج وفرحه هستيريه ببطولة أفريقيا يارب فرحه زي دي #الاهلي #الزمالك #shorts #short #video#edit,2025-04-20,320776,2389,12,https://youtu.be/rIdOtThRIsA
صدمة الاعلام الجزائري بعد فوز نهضة بركان الساحق برباعية ضد شباب قسنطينة في نصف نهائي كأس الكاف,2025-04-20,286823,5643,607,https://youtu.be/W_YqRn76UFk
لن تصدق ما قاله المدرب ماضوي بعد هزيمة شباب قسنطينة العريضة 4-0 أمام نهضة بركان تصريح مثير !!,2025-04-20,245149,2142,1107,https://youtu.be/qBHOimKQg1k
برشلونة يقترب من نهائي دوري أبطال أوروبا للسيدات | شاهد ملخص المباراة,2025-04-20,222233,5549,261,https://youtu.be/qcCBN2HbOfs
ملخص مباراة نهضة بركان و شباب قسنطينة 4-0 اليوم - اهداف مباراة نهضة بركان و شباب قسنطينة,2025-04-20,206978,3275,634,https://youtu.be/gG_1MMc0-d4
شاهد هدف فالفيردي العالمي على بيلباو تسديدة لا تصد 🦅,2025-04-20,189962,4601,113,https://youtu.be/Siss5SdY4_E
ملخص مباراة وولفرهامبتون ومانشستر يونايتد | الدوري الإنجليزي الممتاز - الجولة 33,2025-04-20,184685,6461,238,https://youtu.be/pK3upA_byb4
توقيت مباراة نهضة بركان ضد شباب قسنطينة اليوم في كأس الكونفدرالية الأفريقية 2025 والقنوات الناقلة,2025-04-20,180738,963,129,https://youtu.be/Yf1LVK8kNvM
لقطات ابراهيم دياز من مباراة اليوم أمام بلباو 🦁🇲🇦#morocco #dimamaghrib #المغرب #qatar #فاس,2025-04-20,179541,3591,67,https://youtu.be/EZ_zHR9vFzo
CA 1-3 EST   ملخص دربي تونس: النادي الإفريقي والترجي الرياضي التونسي,2025-04-20,172823,1188,112,https://youtu.be/Q96dlzyg-KA
عارضه عالميه وهجمه خطيره وهدف تحت المطر 🙀🙀,2025-04-20,161477,3344,8,https://youtu.be/3Ok1XdWJe28
ملخص مباراة الترجي التونسي ضد النادي الإفريقي 3-1 Résumé match taraji Tunis vs  Club Africain,2025-04-20,157295,1494,92,https://youtu.be/XUxf-KWptqg
الآحد 20-4-2025 ⚽🔥,2025-04-20,139640,3047,46,https://youtu.be/5BRfeFthRBM
نهضة بركان اليوم تتألق بقوة وتحقق فوزًا عالميًا برباعية نظيفة على فريق شباب قسنطينة الجزائري.,2025-04-20,129613,3660,230,https://youtu.be/Kw_f1Ve2XkA
ميدو الأهلي مثل فرق اوروبا والزمالك بينافس وحش وطول عمرنا عايشين دور المظلوميه#الاهلي #الزمالك#short,2025-04-20,112408,850,41,https://youtu.be/9bzSjGG4_ug
بث مباشر مباراه ريال مدريد واتليتكو بلباو فى الدوري الاسباني رد فعل,2025-04-20,108658,961,3,https://youtu.be/7f2pOVKPLNo
🔴 نهضة بركان ضد شباب قسنطينة [بث مباشر] | نصف نهائي كأس الكونفيدرالية CAF | مباراة محاكاة مباشرة pes,2025-04-20,100730,0,1,https://youtu.be/RUs3XCVFuqw
ملخص مباراة أوزبكستان والسعودية (2-0) | كأس آسيا تحت 17 عاماً - النهائي,2025-04-20,96815,2064,975,https://youtu.be/hfRMSCMWlIM
كأس العالم 2018 | المونديال الروسي الممتع,2025-04-20,89203,4067,325,https://youtu.be/SM-9SsoKBKU
هدف ريال مدريد على اتلتيك بلباو اليوم | اهداف ريال مدريد واتلتيك بلباو اليوم | هدف فالفيردي اليوم,2025-04-20,85934,1169,13,https://youtu.be/jZrOap8my1Y
ملخص أهداف دربي تونس: النادي الإفريقي والترجي الرياضي التونسي   CA 1-3 EST,2025-04-20,80482,581,61,https://youtu.be/KhAsJN2dtjk
شاهد أغرب مباراة في كرة القدم  ههههههههه حتى المعلق والله كاد أن يجن من هذا السيناريو ولا في الخيال,2025-04-20,78400,1228,663,https://youtu.be/loKgIEjcerw
ملخص مباراة السعودية واوزبكستان 2-0 خسارة المنتخب السعودي للناشئين اليوم نهائي كأس اسيا,2025-04-20,76969,978,668,https://youtu.be/p_iWS0MRXzM
"ملعب _ON - ""مفاجأة كبري للأهلى "".. كريستيانو رونالدو قد ينضم للأهلى في كأس العالم",2025-04-20,71196,984,73,https://youtu.be/BIfnH7Dc75c
مباراة كبيره لـ كهربا اليوم ⚡ افضل جوده,2025-04-20,64333,705,8,https://youtu.be/Vnk-UdXdAtA
تحليل قنوات الكأس لمباراة الديربي بين الترجي الرياضي والنادي الإفريقي 3-1 والحديث عن التحكيم,2025-04-20,59063,428,74,https://youtu.be/13DJK8qBubY
رد فعل || مباراة ريال مدريد وأتلتيك بيلباو اليوم الدوري الاسباني || رد فعل لعبة الريال ضد بيلباو,2025-04-20,56153,242,0,https://youtu.be/bhs_wUXcnqw
هدف فالفيردي اليوم ، هدف ريال مدريد اليوم ضد اتلاتيكو بلباو #realmadrid,2025-04-20,51820,0,16,https://youtu.be/Vmn9A81z1QI
". ""الأهلي 3 × 0 العين | ليلة تاريخية في كأس العالم للأندية"" #الأهلي#العين#الأهلي_العين#كأس_العالم",2025-04-20,51206,627,5,https://youtu.be/Q4mlbN7Vr1U
تحليل مباراة شباب قسنطينة و نهضة بركان .. لن تصدق ما قاله صايفي و عزيز بنيج على الهزيمة 0-4  !!,2025-04-20,48511,444,76,https://youtu.be/Uo2dSKpC-RA
هذه اللقطة أصبحت حديث العالم في مباراة نهضة بركان وشباب قسنطينة الجزائري اليوم أخفتها الكاميرات 🤯,2025-04-20,48279,258,103,https://youtu.be/GtfJzq2jOH4
موعد وتوقيت  مباراة الديربي الترجي والنادي الافريقي club africain vs esperance الترجي التونسي اليوم,2025-04-20,47952,370,2,https://youtu.be/Rg3VdBkeHuE
أفضل 5 مباريات عاد بها برشلونة بـ ريمونتادا مجنونة على الخصوم هذا الموسم - جنون المعلقين🔥,2025-04-20,45650,1552,31,https://youtu.be/6P9fHljsisU
🔴 لقطات الاخيرة مباراة برشلونة وسيلتا فيغو | الدوري إسبانيا 2024/25 | بث كامل efootball,2025-04-20,43272,115,1,https://youtu.be/0bjXOV__1TI
توقيت مباراة الترجي الرياضي والنادي الإفريقي اليوم والقنوات الناقلة 🔥 الدوري التونسي 2025,2025-04-20,40824,121,0,https://youtu.be/0vZbG7ohjRw
اجمل 6 مباريات لبرشلونة قلب فيها النتيجة رأسا علي عقب 2025 🤯 مباريات لاتصدق 😨 جنون المعلقين 🔥 FHD,2025-04-20,39823,913,41,https://youtu.be/BEsLoSWm2S4
تعليق محللي بين سبورت على مباراة نهضة بركان و شباب قسنطينة,2025-04-20,36882,833,40,https://youtu.be/EPmwYCYCdZk
تحليل مباراة الديربي الترجي النادي الافريقي (3-1) ديربي ناري 🔥 جنون البلوشي,2025-04-20,36737,161,2,https://youtu.be/HmO2qxWWOEc
بولونيا 1-0 إنتر | الجولة 33 | الدوري الإيطالي 2024-2025,2025-04-20,36490,1118,53,https://youtu.be/ggnr-vjK674
تحليل كامل لمباراة ريال مدريد وأتلتيكو بلباو 1 - 0 | التحكيم يحارب ريال مدريد لكن الملكي لا يموت,2025-04-20,33926,577,42,https://youtu.be/oqM6rBtJeo4
موعد وتوقيت والقنوات الناقله مباراة الترجي والنادي الافريقي espérance vs club africain live الترجي,2025-04-20,29314,203,2,https://youtu.be/RD6P1dZoRLM
تعرّف على توقيت مباراة شباب قسنطينة  و  نهضة بركان  و القنوات الناقلة نصف نهائي كأس الكونفيدرالية,2025-04-20,28195,193,20,https://youtu.be/GtXxbMm4mW0
محاولات فاشلة لإنقاذ الكرة باليد من اللاعبين + لقطة سواريز الشهيرة ☠️,2025-04-21,1356775,18470,13,https://youtu.be/kQgD6OOZTk8
ملخص مباراة توتنهام ونوتينغهام فورست | الدوري الإنجليزي الممتاز - الجولة 33,2025-04-21,405005,12074,238,https://youtu.be/Z5kRiPsj4hQ
مباراه الاحلام. افضل تشكيله في البريميرليج ضد الليغا...من سيفوز؟ 🤔🔥🥶🤯 #sports #football #رونالدو,2025-04-21,281542,1546,144,https://youtu.be/ZmgdVwoXfSQ
ملخص مباراة الهلال 2 - 2 الشباب | الجولة ( 29 ) من دوري روشن السعودي للمحترفين 2024-2025,2025-04-21,233065,3261,332,https://youtu.be/PJtlsSlETJo
أهداف مباراة الاتحاد 3 - 2 الاتفاق | الجولة ( 29 ) من دوري روشن السعودي للمحترفين 2024-2025,2025-04-21,216994,4221,232,https://youtu.be/6iHpW9BN21A
ملخص مباراة الاتحاد 3 - 2 الاتفاق | الجولة ( 29 ) من دوري روشن السعودي للمحترفين 2024-2025,2025-04-21,213042,2863,184,https://youtu.be/3Rp7DqqOgxg
أهداف مباراة الهلال 2 - 2 الشباب | الجولة ( 29 ) من دوري روشن السعودي للمحترفين 2024-2025,2025-04-21,200954,2925,470,https://youtu.be/O_8sW9z7Efc
هدف علي معلول التاريخي في ريال مدريد في كأس العالم للأندية 🔥 #الاهلي #الأهلي #shorts,2025-04-21,173190,1837,8,https://youtu.be/KqD1bnruVWw
لقطات عبد الصمد الزلزولي من مباراة اليوم أمام جيرونا 🦁🇲🇦#morocco #dimamaghrib #المغرب #qatar #فاس,2025-04-21,149417,3229,43,https://youtu.be/UT10fdWhdz0
تصريح خطير من الحكم الليبى معتز الشلمانى يفضح فيه لاعبى قسنطينة الجزائرى بعد الخسارة من نهضة بركان !,2025-04-21,137388,2802,320,https://youtu.be/LxXXRVR7wto
صاروخ فالفيردي في اللحظات الأخيرة ينقذ ريال مدريد! 🚀🔥 #بوشكاش #ريال_مدريد,2025-04-21,118391,0,124,https://youtu.be/z9fvxrK09j8
تصريح مدرب شباب قسنطينة اليوم بعد مباراة نهضة بركان #نهضة_بركان #شباب_قسنطينة #مضوي#ابمغرب,2025-04-21,62932,329,26,https://youtu.be/X8JCX-v6VRs
نتشاوفو فالفينال😅🇲🇦بعد رباعية نهضة بركان في مرمى شباب قسنطينة في ذهاب نصف نهائي كأس الكونفيدرالية,2025-04-21,62894,428,25,https://youtu.be/g6hudWz6onw
ثلاثية القوة الجوية على النجف - الدوري العراقي,2025-04-21,56528,1281,97,https://youtu.be/TMxk8xZlwlE
ملخص ما قدمه حنبعل المجبري Hannibal Mejbri VS Sheffield Utd,2025-04-21,45864,626,49,https://youtu.be/NDTueLM9oi0
ترتيب الدوري السعودي اليوم بعد فوز الاتحاد وتعادل الهلال,2025-04-21,45644,51,2,https://youtu.be/11XbpxTcNRs
ملخص مباراة الاتفاق و الاتحاد 2-3 | دوري روشن السعودي 2024/2025 | الجولة 29,2025-04-21,44074,676,38,https://youtu.be/qS59HGP-L0o
"مفاجأة|نجم صن داونز بديل"" كوتيسا ""|قرار يكشف مستقبل كولر ""|نيرة الاحمر تعلن نهاية الزمالك|كابتن دوله",2025-04-21,37118,3454,145,https://youtu.be/gClKih0tUvE
شاهد جميع اهداف مباريات اليوم l لمن فاته مباريات اليوم !! الاثنين 21-4-2025,2025-04-21,34256,519,7,https://youtu.be/jvWhq3KhkF4
كاراسكو يتلاعب بدفاع الهلال 😱🔥 #spl #football #sports #الهلال #الشباب,2025-04-21,34064,217,7,https://youtu.be/cUWYEax_kKE
دوري عيسى بن راشد العام للطائرة 2024-2025  | النهائي الثالث | المحرق - الأهلي,2025-04-21,32585,199,1,https://youtu.be/BmPA8_RTQV0
مباراة ريال مدريد و اتلاتيكو بالباوهدف فلفيردي اليوم,2025-04-21,29159,346,1,https://youtu.be/bTzVu4xK_2g
اذكى لاعب بالتاريخ ☠️,2025-04-21,28497,340,0,https://youtu.be/Xrucjxnz3UE
ردة فعل مباشرة 🔴 مباراة الجويه ضد النجف (واخيرا الجويه يعوود🔥),2025-04-21,26080,1976,93,https://youtu.be/EGAbt4ka0GA
شاهد هدف فاليفيردي العالمي على بلباو 🔥🔥🔥,2025-04-21,26027,382,4,https://youtu.be/OSSlpigA46g
ملخص مباراة الهلال x الشباب - الجولة التاسعة والعشرون - دوري روشن 2024-2025,2025-04-21,25804,564,76,https://youtu.be/0TL4KPKXyYQ
ملخص مباراه ريال مدريد ضد مانشستر سيتي 3-2🤯🔥#ريال_مدريد #دوري_ابطال_اوروبا,2025-04-21,24303,549,1,https://youtu.be/GkuGp5mtG2o
هدف عالمي من امبامي #لايك #اكسبلور,2025-04-21,21901,189,0,https://youtu.be/GrBuSPqWRzE
ملخص مباراة القوة الجوية و النجف 3_0 / ملخص القوة الجوية و النجف اليوم / دوري نجوم العراق اليوم,2025-04-21,21860,582,33,https://youtu.be/9M8Yfmiu6p4
هدف الاتحاد الاول على الاتفاق🔥🔥🔥#الاتحاد #الاتحاد_السعودي #الاتفاق #football #بنزيما,2025-04-21,17883,206,2,https://youtu.be/tLdzT0u22i0
فرصة حمدالله الخطيره بعد صناعة الجوير في مباراة الهلال والشباب,2025-04-21,15733,57,9,https://youtu.be/APqjl2jk3wM
ملخص مباراة الاتحاد والاتفاق - اهداف مباراة الاتحاد والاتفاق - اهداف الاتحاد اليوم,2025-04-21,15447,184,8,https://youtu.be/iKls6rGsHgo
الياس شتي بطل كأس العرب كانت ايام جميلة 😍🇩🇿,2025-04-21,14775,283,19,https://youtu.be/alSYbdzTCqk
موعد مباراة ليفربول وتوتنهام القادمة في الدوري الانجليزي والقنوات الناقلة والتوقيت والتشكيل 💥,2025-04-21,14737,320,12,https://youtu.be/1eJ5N7T8X2o
موعد مباراة نهضة بركان وشباب قسنطينة في إياب نصف نهائي كأس الكونفدرالية الأفريقية والقنوات الناقلة,2025-04-21,14479,253,12,https://youtu.be/EBhB96AuGHg
ردة فعل هلالي على مباراة الهلال و الشباب 2-2 (خلاص الدوري اتحادي 💔💔),2025-04-21,14301,774,100,https://youtu.be/D5eUAl50qmE
تحليل مباراة الترجي والنادي الإفريقي .. شاهد ماذا قال المحللون عن انتصار الترجي العريض 3-1,2025-04-21,12725,114,10,https://youtu.be/HRE9BulgFug
دانيلو بيريرا يسجل هدف التعادل للإتحاد في مرمى الإتفاق 🤯#الاتحاد #الهلال #كريم_بنزيما,2025-04-21,11770,255,2,https://youtu.be/3TqF6o0OiTA
ملخص مباراه الاتحاد ضد الاتفاق اليوم 2_3🤯🔥#shorts,2025-04-21,10899,224,0,https://youtu.be/MlP3NmTsUIU
لحظة تسجيل الهدف الأول لبركان .. #shorts,2025-04-21,10528,102,2,https://youtu.be/oLhZntQOldM
"🏆 ""زعيم الشمال!"" | بركان يسحق قسنطينة بأربعة أهداف مُذلة! 💪",2025-04-21,10264,0,10,https://youtu.be/pvqqB9TgTfw
هدف الاتحاد الثالث عن طريق حسام عوار 🔥😰 #الاتحاد #الهلال #كريم_بنزيما,2025-04-21,9953,290,5,https://youtu.be/jbvkoOIIsXc
ملخص مباراة الاتحاد X الاتفاق 3-2 ضمن منافسات الجولة 29 من دوري روشن السعودي 2025-2024 🐅⚽,2025-04-21,9545,371,34,https://youtu.be/5ldQDtEacsw
هدف الاتفاق الاول في مرمى الاتحاد، الكرة تمر بجانب يد حارس الاتحاد المحاسنة 😨,2025-04-21,9303,101,5,https://youtu.be/19ePA_sx7js
ملخص مباراة ريال مدريد و اتليتك بيلباو,2025-04-21,9036,121,0,https://youtu.be/r3W1D0QGmEk
هدف نادي #ديالى في مرمى نادي #نفط ميسان / الجولة 29,2025-04-21,8507,295,11,https://youtu.be/_9aIPtnRPK0
قذيفة بودينس في شباك بونو 🚀🤯 #spl #الهلال #الشباب #football #sports #الاتحاد,2025-04-21,8417,115,4,https://youtu.be/RwdO7Qhje8k
مباراة الزمالك والشمس - بطولة الجمهورية تحت 20 سنة شباب موسم 2024 - 2028,2025-04-21,7196,39,7,https://youtu.be/NgxrsltnJGg
أوزبكستان ضد السعودية مباشر النهائي | كأس آسيا تحت 17 سنة 2025 | المباراة مباشرة!,2025-04-21,6429,12,0,https://youtu.be/HyXhLlXS2ew
قرارات الترجي النارية🔥ومكافأة ضخمة💣مفاجأة الجبري وتوجاي💥مباراتين وديتان مع عمالقة أوربا للمونديال🇩🇪,2025-04-21,5199,221,14,https://youtu.be/pou6mlNoJME
ملخص مباراة مانشستر سيتي وأستون فيلا | الدوري الإنجليزي الممتاز - الجولة 34,2025-04-22,1452773,38766,962,https://youtu.be/rZ3kWXS6j9g
ملخص مباراة برشلونة وريال مايوركا | الدوري الإسباني - الجولة 33,2025-04-22,1151810,31995,1035,https://youtu.be/qc0e0elMjRk
خطف كأس العالم 😱 قصة المشجع المجنون ومقتحم الملاعب الشهير جامب #shorts,2025-04-22,670646,31515,85,https://youtu.be/NUiUB2UpQSQ
عندما اهان زيدان افضل افضل جيل للبرازيل | مباراة ممتعة فى كأس العالم | ملخص كامل 🔥,2025-04-22,369887,33552,128,https://youtu.be/wxmcH_oQBQk
ملخص مباراة ضمك 2 - 3 النصر | الجولة ( 29 ) من دوري روشن السعودي للمحترفين 2024-2025,2025-04-22,185157,2220,136,https://youtu.be/upFYiRqBAoY
ملخص مباراة نانت وباريس سان جيرمان | الدوري الفرنسي - الجولة 29,2025-04-22,175695,5109,136,https://youtu.be/uZ5ksjgNUsI
بنات المملكة المغربية سلخوا ناميبيا  8-1  في أول مباراة في كأس إفريقيا فوز وتألق,2025-04-22,135762,4436,146,https://youtu.be/Qz5e_anCyOQ
بابابابا شاهد فيديو تكريم رياض محرز بجائزة أفضل هدف قبل مباراة الاهلي والوحدة,2025-04-22,135117,1397,70,https://youtu.be/76EaKuOu1i8
🔴محاكاة مباراة برشلونة و ريال مايوركا | الدوري إسبانيا 2024/25 | مباريات efootball,2025-04-22,124841,623,0,https://youtu.be/xEpE22SwVzs
الثلاثاء 22-4-2025 ⚽🔥,2025-04-22,107330,2454,29,https://youtu.be/vzOEjttzZGg
عكازة لاعب تُعيد الكرة إلى المباراة,2025-04-22,72688,3095,3,https://youtu.be/3tK4a7xaIos
ملخص مباراة مانشستر سيتي واستون فيلا اليوم 2-1 اهداف مانشستر سيتي هدف عمر مرموش ملخص مباريات اليوم,2025-04-22,65970,575,2,https://youtu.be/LeBIAxu9lQM
ملخص مباراة برشلونة وريال مايوركا 1 0 | مباراة الفرص الضائعة 🔥,2025-04-22,62699,1052,25,https://youtu.be/Ub5vXfPs6EI
لماذا تنزف أقدام لامين يامال في كل مباراة؟🤔 الحقيقة الصادمة وراء معاناة الموهبة الخارقة!🤯,2025-04-22,62163,2167,6,https://youtu.be/s8avpJS6jH8
عاجل موعد مباراة ريال مدريد وخيتافي اليوم في الدوري موسم 2025 مشاركة مبابي اليوم,2025-04-22,53459,618,11,https://youtu.be/xMuAS19gMNI
أحداث شغب بمباراة زاخو و نوروز,2025-04-22,48560,836,216,https://youtu.be/mSzlabDNWgw
أهداف مباراة النصر 3 - 2 ضمك | دوري روشن السعودي 24/25 | الجولة 29 AlNassr Vs Damac Goals,2025-04-22,45457,891,59,https://youtu.be/x7qlTdKKY_A
ملخص مباراة النصر 3 - 2 ضمك | دوري روشن السعودي 24/25 | الجولة 29 AlNassr Vs Damac Highlights,2025-04-22,41638,1013,45,https://youtu.be/kOPhKGDMovw
🚨 مباشر - كأس عاصمة مصر: مباراة إنبي ضد حرس الحدود,2025-04-22,39133,281,1,https://youtu.be/OT91e92oVLM
مباراة تحدد الدورى الايطالى💥🚨🚨,2025-04-22,37077,1898,14,https://youtu.be/7sAsJ67qKsI
ملخص وأهداف مباراة الحسين و الرمثا 1-1 | الدوري الأردني للمحترفين - سي أف أي | 2024-2025,2025-04-22,35556,402,66,https://youtu.be/ooaIexRLkRM
"أهداف مباراة🇲🇦 المغرب  07-06 الأرجنتين 🇦🇷, الاثنين 21 أبريل 2025 , Foot 7 Vs 7⚽🔥",2025-04-22,33747,1440,40,https://youtu.be/vZeaalj0Smw
ملخص مباراة برشلونة ومايوركا 1-0 اليوم | أهداف مباراة برشلونة ومايوركا | هدف اولمو العالمي,2025-04-22,23513,193,6,https://youtu.be/2HrDs1XooXw
ملخص تحليل مباراة برشلونة ومايوركا 1_0. برشلونة يرعب ريال قبل قمة الكلاسيكو بنهائي كأس الملك,2025-04-22,22915,468,36,https://youtu.be/ogclhgOdI0A
هدف الاول برشلونه,2025-04-22,21962,146,0,https://youtu.be/cxCC2pao1ng
مباراة كرة قدم مستمرة رغم تنفيذ الطيران الحربي الإسرائيلي لغارات على جنوب لبنان ⚽️🇱🇧,2025-04-22,20069,116,1,https://youtu.be/Oihaz1e4y6E
موعد مباراة الاهلي القادمة ضد صن داونز في اياب نصف نهائي دوري ابطال افريقيا 2025 والقنوات الناقلة,2025-04-22,18419,0,11,https://youtu.be/ZvweKyFq6zw
football Maroc المغرب و بلجيكا كأس العالم قطر #marocas #football #المغرب,2025-04-22,17814,579,4,https://youtu.be/lLIHrk7NYAE
ملخص مباراه برشلونه ضد ريال مايوركا اليوم0_1 🔥🤯#برشلونة,2025-04-22,17372,387,3,https://youtu.be/n76YguTr7D8
ملخص مباراة برشلونة ومايوركا اليوم 🔥,2025-04-22,16883,164,2,https://youtu.be/Uha9CknmUzc
ملخص مباراة ديربي بغداد بين الزوراء و الشرطة .. 22.04.2025,2025-04-22,16877,299,39,https://youtu.be/e8G8fqK1H0c
تحليل مباراة برشلونة و ريال مايوركا 1-0 .. برشلونة قريب جدا من حسن الليغا.,2025-04-22,16373,336,12,https://youtu.be/O2Lv7JoPQC4
شاهد هدف رياض محرز #فولو #لايك #اكسبلور,2025-04-22,14838,242,0,https://youtu.be/ILPpTMaQVlU
الأهلي يُعلن جاهزية وسام أبو علي بنسبة 100% لـ مباراة صن داونز #shorts,2025-04-22,14049,104,1,https://youtu.be/XoynOx_m_Zs
الاهلى وباتشوكا تانى🥺,2025-04-22,13743,471,1,https://youtu.be/qud-f1TusZk
توقيت مباراة المغرب ضد ناميبيا اليوم في كأس أفريقيا للفوتصال سيدات 2025 والقنوات الناقلة,2025-04-22,13635,177,7,https://youtu.be/_4lsc92Vh1g
ملخص تحليل مباراة برشلونة ومايوركا 1_0. برشلونة يقترب من الليغا ويستعد لريال مدريد بنهائي كأس الملك,2025-04-22,13631,219,10,https://youtu.be/DVs35kSG1sY
ملخص مباراة برشلونة وريال مايوركا (1-0) في الجولة 33 من الدوري الإسباني 2025 🇪🇸,2025-04-22,13075,36,0,https://youtu.be/cWXZXNphHao
 شاهد جميع أهداف مباريات اليوم الثلاثاء 22-4-2025 [اهداف كاملة],2025-04-22,11597,204,5,https://youtu.be/v7oGANXkNBQ
لقطة تاريخية..ماذا فعل عمر مرموش في هذه اللقطة العالمية في مباراة أستون فيلا جعل جوارديولا كالمجنون😱,2025-04-22,11567,90,3,https://youtu.be/ezJ77XNRncY
المنتخب المغربي سيدات يهزم ناميبيا 2-0  مباراة مثيرة قوية,2025-04-22,10481,222,0,https://youtu.be/n3vNzhJJzw0
توقف مباراة نوروز وزاخو بعد نزول الجماهير إلى أرضية الملعب,2025-04-22,10391,219,28,https://youtu.be/s-jeKZbM1xQ
ملخص مباراة العربي 0-3 نيوم | الجولة (30) دوري يلو,2025-04-22,9675,61,14,https://youtu.be/ugiL72F2OB4
اهداف و ملخص مباراة المنتخب المغربي للسيدات داخل القاعة ضد ناميبيا 8_1,2025-04-22,8837,130,9,https://youtu.be/M-qFWeHMUZg
ملخص مباراة ريال مدريد وخيتافي 1-0 اليوم | أهداف مباراة ريال مدريد وخيتافي | هدف اردا غولر,2025-04-22,8820,89,0,https://youtu.be/2iL6g4jEW5M
ملخص مباراة الميناء و نفط البصرة 1-0 / ملخص الميناء و نفط البصرة اليوم / دوري نجوم العراق اليوم,2025-04-22,8649,232,15,https://youtu.be/TOIx6APAQVM
ملخص مباراة الأهلي ضد الوحده 3_2 | دوري روشن السعودي |هدف محرز اليوم اهداف مباراة الأهلي اليوم,2025-04-22,8018,154,12,https://youtu.be/IazsnU_PSGs
لمن فاته مباريات اليوم !! جميع أهداف مباريات اليوم الثلاثاء | ملخص مباريات اليوم  [اهداف اليوم] 🔥🔥,2025-04-22,7876,118,0,https://youtu.be/Kqn4bhpwJUY
منتخب المغرب السيدات للفوتصال تكتسح ناميبيا 1/8كأس إفريقيا للفوتصال 2025..مباراة المغرب والكاميرون,2025-04-22,6859,482,37,https://youtu.be/zAlJ2zmDZgk
بث مباشر رياض محرز الان مباراة الأهلي السعودي والوحدة دوري روشن 2025 بجودة عالية HD مشاهدة ممتعة للج,2025-04-22,6849,80,2,https://youtu.be/xSZvKYUa88E
ملخص مباراة خيتافي وريال مدريد | الدوري الإسباني - الجولة 33,2025-04-23,1064143,29321,557,https://youtu.be/amCTJWd1omo
ملخص مباراة آرسنال وكريستال بالاس | الدوري الإنجليزي الممتاز - الجولة 34,2025-04-23,873583,22332,420,https://youtu.be/-ZP6-JazTnY
إنتر 0-3 ميلان | إياب نصف النهائي | كأس إيطاليا,2025-04-23,634284,16195,525,https://youtu.be/YNS-mThZ6Vw
🔴 بث مباشر | أولمبيك آسفي- الوداد الرياضي,2025-04-23,432662,3308,0,https://youtu.be/3Wp-QBl0VQM
المباراة التاريخية | مانشستر يونايتد _ الميلان فى مباراة ملحمية | ملخص كامل 🔥,2025-04-23,307567,20164,76,https://youtu.be/8tZdD2SB-Cw
🔴محاكاة افتراضية مباراة خيتافي ضد ريال مدريد | الدوري إسبانيا 2024/25 | لعبة كرة قدم,2025-04-23,159607,1229,0,https://youtu.be/n9x0S8LT140
🔴 بث مباشر | الفتح الرياضي - المغرب التطواني,2025-04-23,152964,1204,0,https://youtu.be/k5fVNLd3JLE
ستوديو #دوري_النجوم مع أثير محمد | مباراة: #الـكهرباء  VS  #دهـوك  | #دوري_نجوم_العراق  الجولة 29,2025-04-23,144104,1658,8,https://youtu.be/AxiJ31Ryq1c
مستجدات قمة الجولة السابعة والعشرون  الرجاء الرياضي حسنية اكادير البطولة الاحترافية 2025,2025-04-23,122163,1015,3,https://youtu.be/-ji9qMx7UVk
لما يكون توقيت الهدف أجمل من الهدف نفسه 😱 | هدف أبو تريكة التاريخي في الصفاقسي 🔥 #الاهلي #الأهلي,2025-04-23,102396,1518,15,https://youtu.be/q_RqOoyQjmE
قوم يا دبابة 😱 بعد اصابة احمد عبدالقادر و تريزيجيه خروج مقلق ل اليو ديانج قبل المونديال| كابتن دوله,2025-04-23,71490,1527,15,https://youtu.be/TGLNZbLI-sI
مشوار الأهلي مباريات الأهلي خلال الدوري المصري و دوري أبطال إفريقيا لحد الوصول لـ كأس العالم للأندية,2025-04-23,50823,204,1,https://youtu.be/R1akevA8WMs
ESS 3-2 EGSG  ملخص مباراة القوافل الرياضية بڨفصة و النجم الرياضي الساحلي,2025-04-23,46176,334,42,https://youtu.be/N6pqDkGTX4s
فرصة ذهبية🙄رسمياً ايقاف بيراميدز يمنح فرصة ل الزمالك ولكن المصالح تحكم وفداهية القلعة🏹😂| كابتن دوله,2025-04-23,44756,1259,15,https://youtu.be/qa_8eCVcb8c
مباراة القرن 🔥 ميسي وكريستيانو في فريق واحد,2025-04-23,44482,843,5,https://youtu.be/oYLJcMabeag
ملخص مباراة المغرب و الجزائر  ، تصفيات كأس العالم للشباب أقل من 20 سنة,2025-04-23,44439,715,0,https://youtu.be/G9UUT9-AI9E
#الأهلي_فوق_الجميع #الاهلي #الأهلي,2025-04-23,38363,917,3,https://youtu.be/W-LH9TSCRCE
فرصة قائم الأهلي في مباراة صاندونز #shorts,2025-04-23,35982,43,0,https://youtu.be/9Viu3HhPS4c
ملخص مباراه ريال مدريد ضد خيتافي اليوم 0_1🔥,2025-04-23,32400,686,4,https://youtu.be/iwh8Vk9WWik
ملخص مباراة الرياض 2 - 2 الفتح | الجولة ( 29 ) من دوري روشن السعودي للمحترفين 2024-2025,2025-04-23,31783,339,26,https://youtu.be/aG6RCMJB-aA
داا الي نفسك فيه 😏,2025-04-23,31664,526,64,https://youtu.be/ArmXkFEmrJQ
ملخص مباراة الرجاء البيضاوي و حسنية أكادير 1-0 / ملخص الرجاء البيضاوي و حسنية أكادير اليوم,2025-04-23,31413,313,20,https://youtu.be/1wpMiM3WyYM
تضييع راشفورد لا اسرع هدف في تاريخ. وبكاء مشجّع مدريدي بعد مباره ارسنال #shorts صلي على النبي احبكم,2025-04-23,28615,134,0,https://youtu.be/FLqoaetndZA
ملخص مباراة ريال مدريد وخيتافي 1-0 اليوم | أهداف مباراة ريال مدريد وخيتافي | هدف اردا غولر,2025-04-23,26741,306,7,https://youtu.be/mPlNvtnxHdo
رسمياً - تغيير موعد مباراة الأهلي وصن داونز في إياب دوري ابطال افريقيا,2025-04-23,26625,188,13,https://youtu.be/oGTgg4k7Htk
دهوك  vs الكهرباء- مباراة القمه كسر عظم ا - كلاسيكو العراق,2025-04-23,26434,255,1,https://youtu.be/iyLonQ7LdVU
ملخص مباراة الخليج 1 - 1 القادسية | الجولة ( 29 ) من دوري روشن السعودي للمحترفين 2024-2025,2025-04-23,25978,258,26,https://youtu.be/sDZ6vKmOTJg
ملخص مباراة ريال مدريد وبرشلونة اليوم اهداف مباراة برشلونه وريال مدريد الكلاسيكو ملخص مباريات اليوم,2025-04-23,24164,0,0,https://youtu.be/P0-Lv6TS7WA
ملخص مباراة الدحيل والغرافة | نصف نهائي كأس قطر 2025,2025-04-23,23447,875,30,https://youtu.be/cJovys7Actc
موعد مباراة ريال مدريد ضد خيتافي اليوم في الدوري الإسباني 2025 والقنوات الناقلة,2025-04-23,22755,164,8,https://youtu.be/DASIpex4QFk
أهداف مباراة الرياض 2 - 2 الفتح | الجولة ( 29 ) من دوري روشن السعودي للمحترفين 2024-2025,2025-04-23,21788,510,27,https://youtu.be/hVxYa6ySryw
ملخص مباراة ريال مدريد اليوم/هدف ريال مدريد اليوم/هدف اردا غولر/ريال مدريد اليوم #ريال_مدريد,2025-04-23,20858,102,0,https://youtu.be/4ICGgD4z0RM
"""شاهد كيف غيّر جامع الكرات مجرى المباراة! لقطة ستصدمك!""",2025-04-23,20710,786,0,https://youtu.be/D20p_XmkW10
الفتح الرياضي يتعادل أمام ضيفه المغرب التطواني,2025-04-23,20590,211,0,https://youtu.be/ehApaRCFLMM
ملخص مبارة أولمبيك اسفي و الوداد !! ملخص الوداد اليوم!! الوداد ضد أولمبيك آسفي!! WAC vs OCS,2025-04-23,20579,391,11,https://youtu.be/x5XiRg7aiv0
اخبار ابو سروال #ابو_سروال,2025-04-23,20377,514,5,https://youtu.be/_Ku0DnWoE7E
ملخص مباراة ريال مدريد وخيتافي 1-0 - اهداف مباراة ريال مدريد وخيتافي - اهداف ريال مدريد اليوم,2025-04-23,16751,213,3,https://youtu.be/k0rXlHZN-vk
موعد مباراة ريال مدريد وخيتافي اليوم الأربعاء والقنوات الناقلة 💥 الجولة 33 من الدوري الإسباني 2025,2025-04-23,16554,0,13,https://youtu.be/zENN3oa-enc
مرموش يُذل راشفورد ويدمّر دفاع أستون فيلا! وجوارديولا يُنهي المباراة بتصرف تاريخي معه ! 🔥,2025-04-23,16417,332,14,https://youtu.be/MNhjYxI7--M
ملخص و اهداف مباراة الوداد البيضاوي و اولمبيك اسفي 1-1 / ملخص مباراة الوداد البيضاوي اليوم,2025-04-23,15993,108,12,https://youtu.be/UgWTowDs3hg
ملخص مباراة المغرب والجزائر استعدادات المنتخب المغربي للشباب لكأس إفريقيا للشباب 2025,2025-04-23,15665,216,0,https://youtu.be/2KoJNLToKyA
ملخص مباراة برشلونة وريال مايوركا 🤣🤣,2025-04-23,14718,173,1,https://youtu.be/Glsc2Ttxcvo
أهداف مباراة الخليج 1 - 1 القادسية | الجولة ( 29 ) من دوري روشن السعودي للمحترفين 2024-2025,2025-04-23,14147,214,18,https://youtu.be/QzwXcOybtp0
ملخص مباراة دهوك والكهرباء اليوم في الدوري العراقي,2025-04-23,11412,180,42,https://youtu.be/aOx_IDTrmqM
ردة فعلي على مباراة ال 40 تسديدة🥶 برشلونة ضد مايوركا,2025-04-23,11038,1750,68,https://youtu.be/l9DFB27jQyc
ماذا حدث في مباراة نوروز و زاخو مهزلة كروية 😱😱,2025-04-23,10262,879,125,https://youtu.be/ZepMJA7aMw8
🚨 تحليل مباراة أرسنال و كريستال بالاس 2-2 اليوم، بعنوان اجلنا تتويج ليفربول 😁😂,2025-04-23,9766,104,5,https://youtu.be/SSf6uEyt5Qc
EGSG 2-3 ESS أهداف مباراة القوافل الرياضية بڨفصة و النجم الرياضي الساحلي,2025-04-23,8814,105,3,https://youtu.be/OstrLomxf6E
الجيش الملكي يفوز على حساب ضيفه الشباب الرياضي سوالم,2025-04-23,8718,111,0,https://youtu.be/_jB_ByQFTsg
ملخص مباراة | مودرن سبورت 0-2 البنك الأهلي | دور الـ 8 | كأس عاصمة مصر 2025,2025-04-23,8550,34,7,https://youtu.be/-WHbXlFYHaU
ملخص مباراة برشلونة ضد ريال مدريد اليوم - نهائي كأس الملك - أهداف برشلونة وريال مدريد اليوم,2025-04-24,188320,2340,0,https://youtu.be/cZSh7dtWgls
بث مباشر | سيراميكا كليوباترا أمام بتروجت | كأس عاصمة مصر ربع النهائي,2025-04-24,49489,325,1,https://youtu.be/OdHnNCHn2Vg
إنزاجي أراد فوز إنتر بالثلاثية.. فأعطاه ميلان ثلاثية وبرشلونة المستفيد الأول,2025-04-24,36925,2753,26,https://youtu.be/87blws_SiKg
موعد مباراة الاهلي القادمة ضد صن داونز في عودة نصف نهائي دوري ابطال افريقيا 2025 والقنوات الناقلة,2025-04-24,27043,0,25,https://youtu.be/o3Lz0NCYZN8
ريال في آخر 3 مباريات في الليجا اكتفى بتسجيل هدف وحيد فقط #mortada_play,2025-04-24,19752,433,34,https://youtu.be/FH3VTKBY_cE
ملخص مباراة خيتافي وريال مدريد ضمن لاليغا الدوري الإسباني مجاناً داخل العراق على 1001,2025-04-24,17094,149,1,https://youtu.be/W-c2wSClXyw
ملخص مباراه ريال مدريد وخيتافي,2025-04-24,14434,398,5,https://youtu.be/hdRoFZsy12A
موعد وتوقيت مباراة ريال مدريد وبرشلونة في نهائي كأس ملك إسبانيا 2025 والقنوات الناقلة,2025-04-24,13522,296,9,https://youtu.be/CH3OSTKLkvQ
تشكيل الاهلى امام صن داونز فى مباراة نصف نهائى دورى الابطال #الأهلى ُ#دوري_ابطال_افريقيا,2025-04-24,12369,88,1,https://youtu.be/m06wiP91nqo
مباراة ريال مدريد وخيتافي (1-0) اليوم | الجولة 33 من الدوري الإسباني 2025 🇪🇸,2025-04-24,9884,16,0,https://youtu.be/0Nc_HOZmAmg
بث مباشر موعد مباراة ريال مدريد وخيتافي في الدوري الإسباني - ريال مدريد اليوم,2025-04-24,5352,14,0,https://youtu.be/yqVmqjA2bNc
هدف arda guler في مباراة ريال مدريد ضد getafe في laliga #shorts #ardagüler,2025-04-24,5190,0,1,https://youtu.be/WPpIRuoOuzs
فضيحة التحكيم: ركلة جزاء واضحة لريال مدريد لم تحتسب في مباراة خيتافي!,2025-04-24,4714,126,4,https://youtu.be/Pu-AGsoU-GU
هدف الرجاء البيضاوي على حسنية اكادير 1 ـ 0,2025-04-24,4539,26,0,https://youtu.be/-jayuEgcApU
أحمد العلي حكمآ لمواجهة الهلال وغوانغجو 🥴😓🤔🤐😡,2025-04-24,3647,97,6,https://youtu.be/oUm93lt5FvY
🔴 بث مباشر | مباراة الرياض ضد الفتح اليوم | الدوري السعودي 2025,2025-04-24,2390,10,0,https://youtu.be/24Mkzpxh-FU
ملخص مباراة انتر و ميلان كأس إيطاليا | المنصة,2025-04-24,2280,42,2,https://youtu.be/gXsm9QqJ6mA
ملخص مباراة العروبة والفيحاء وهدف عمر السومة وتعادل قاتل الدقيقة الأخيرة,2025-04-24,1959,0,12,https://youtu.be/XuxS65oSsWc
انتقام لاعب ريال مدريد من محمد صلاح⚽😱🤯 #football #shortvideo #ريال_مدريد #كرة_القدم #ronaldo #shorts,2025-04-24,1782,59,9,https://youtu.be/TIiBIahvJLA
تلخيص مباراه فريق ريال مدريد افعل متابعه قناه زكرياء مافيوزي,2025-04-24,1688,24,0,https://youtu.be/3u4EEolL1rw
هدف فوز ريال مدريد الرائع على خيتافي (1-0) الدوري الاسباني,2025-04-24,1632,18,0,https://youtu.be/E9uDqwnHCPY
هدف الوداد البيضاوي على اولمبيك اسفي 1 ـ 0,2025-04-24,1522,8,0,https://youtu.be/GZVYanbRP68
اهداف مباراة ميلان وانتر ميلان (3-0) نصف نهائي كاس ايطاليا,2025-04-24,1443,16,0,https://youtu.be/4gGYCK1STC8
#ريال#خيتافي#كورتوا#اردا_غولر#هدف#ملخص#مباراة#تصدي#انشيلوتي#برشلونة#سوريا#مصر#اليمن#العراق#تركيا#,2025-04-24,1266,8,65,https://youtu.be/PMZfkGIzabM
ماذا لو قرر اصاطير ونجوم كرة القدم ان يسجلو5 اهداف في مباراة واحده #football,2025-04-24,1249,14,0,https://youtu.be/izx1y2tnR6Q
إليكم أبرز نتائج #مباريات اليوم ✅🔥🤩❤أهداف في الستوري 🥅📸⚽️#رياضة,2025-04-24,1135,12,0,https://youtu.be/ITnJuOQc5J0
#اكسبلور #football #هدف,2025-04-24,993,7,0,https://youtu.be/eTvpqRnBEu4
حسام حسن يطلب مباراة ودية دولية مع البرازيل أو الارجنتين أو فرنسا في يونيو القادم,2025-04-24,989,10,0,https://youtu.be/YBgl7Vj_VA4
#اكسبلور #مراوغات #football #الوداد_الرياضي #آسفي #البطولة #ريال_مدريد #برشلونة #إنتر_ميلان #ميلان,2025-04-24,954,6,2,https://youtu.be/oArGXxQ_xMw
أفضل أهداف دوري أبطال اوروبا هذه السنة 2025 #shortvideo,2025-04-24,909,13,0,https://youtu.be/OtgSLv1valg
ملخص ريال مدريد1-0 خيتافي-هدف غولير الرائع#الدوري_الإسباني#العراق#ردة_فعل #ريال_مدريد,2025-04-24,862,11,2,https://youtu.be/waqhF0FqISc
توقيت مباراة المغرب ضد الكاميرون 💥 في الجولة 2 من كأس أمم إفريقيا سيدات داخل القاعة والقنوات الناقلة,2025-04-24,819,17,16,https://youtu.be/WUqkXY7qlqc
ملخص مباراة #ريال مدريد #خيتافي #الدوري_الإسباني,2025-04-24,786,33,3,https://youtu.be/rkPwXrjYyTk
كولر والأهلي و معركة التاريخ ضد صن داونز|خطة الفوز ودروس مباراة العودة من كبار العالم,2025-04-24,724,8,0,https://youtu.be/CLCRunxpwtw
مباراة نار 🔥,2025-04-24,719,15,1,https://youtu.be/ByyJzvpxBmY
ملخص المباراة الهلال والشباب,2025-04-24,547,2,0,https://youtu.be/vX8UvTVGs44
ملخص مباراة التعاون والرائد 4 - 3 | اهداف مباراة التعاون والرائد | التعاون والرائد,2025-04-24,492,5,1,https://youtu.be/3Xj2TsDz80U
ترتيب الدوري الإسباني بعد فوز ريال مدريد على خيتافى واستمرار مطاردة برشلونة,2025-04-24,432,4,0,https://youtu.be/wFgOY37ZKIs
من الذاكرة: ملخص مباراة مان سيتي و ارسنال بتعليق حفيظ دراجي 💥🔥😮‍💨 #football #soccer #goals #sports,2025-04-24,410,14,0,https://youtu.be/h1Fo40WvXFk
بونو ينسى انه حارس 🤣🔥🥶😍💙,2025-04-24,355,21,1,https://youtu.be/Y0_GZDUSFWM
موعد وتوقيت مباراة النصر ويوكوهاما مارينوس في ربع نهائي دوري أبطال آسيا 2025 والقنوات الناقلة,2025-04-24,340,9,0,https://youtu.be/4v6iJx1w2QE
ملخص مباراة أكاديمية محمد السادس ضد اودينيزي الايطالي 🔥 مباراة مثيرة أهداف المباراة 2-2 🔥,2025-04-24,290,13,2,https://youtu.be/kTP6YvJAeOg
ملخص مباراة سبورتنج 2012 و الاوليمبى 23 4 2025 و انتهت بفوز سبورتنج بهدفين دون رد,2025-04-24,187,3,0,https://youtu.be/6k8XrpH5hzg
ملخص اهداف مباراه ارسنال وكريستال بالاس اليوم فيالدوري الانجليزي تعادلاليوم (2/2)#هاشتاق اكسبلور🔥🔥💪,2025-04-24,99,8,0,https://youtu.be/8QKrDqbPvUw
الريال يحصل على 3 نقاط بفضل هدف اردا جولر ⚪️🔥الريال لن ينتصر أمام برشلونة بهذا الشكل ❌,2025-04-24,74,1,0,https://youtu.be/5Xprm7sA-lM
موعد مباراه برشلونه وبلد الوليد القادمة في الجولة 34 من الدوري الإسباني 🔥القنوات الناقلة 🔥,2025-04-24,66,1,1,https://youtu.be/A9cPOCz9tLI
ملخص مبارة ريال مدريد1-0على خيتافي-هدف اردا غولير الجميل#shortvideo#ردة_فعل#الدوري_الإسباني#اكسبلور,2025-04-24,39,0,0,https://youtu.be/tiBTE4JHsrE
موعد مباراة طرابزون سبور سراي وجوزنتيبي اليوم والقنوات الناقلة والمعلقين في كاس تركيا نصف النهائي,2025-04-24,28,1,0,https://youtu.be/8CQacD3-b9w
🔴 مباشر: خيتافي ضد ريال مدريد | الدوري الإسباني | مباراة اليوم,2025-04-24,22,0,0,https://youtu.be/Zujmz7p_Ka4
ملخص مباراة ريال مدريد ضد خيتافي (2-1) الدورى الاسبانى 2023/2024 تعليق عامر الخوذيرى,2025-04-24,21,2,0,https://youtu.be/NtmjmNWoZIs
مباراة تقلب الموازين FUS vs MAT الفتح الرباطي يتعادل مع المغرب التطواني,2025-04-25,0,0,0,https://youtu.be/UOIvLwmAd4o